Date,Baseline Inflow,2040_Inflow,2070_Inflow,2100_Inflow
10/1/1976,68.13,337.2,187.5,158.2
10/2/1976,133.2,378.8,450.9,382.9
10/3/1976,173,355.5,705.5,594.5
10/4/1976,189.1,466.1,912.3,745.4
10/5/1976,198.3,444.7,1032,814.6
10/6/1976,205,381.9,1031,835.8
10/7/1976,207,319.3,963.9,810.1
10/8/1976,210.2,272.8,862.6,738.1
10/9/1976,333.9,250.3,959.2,660.1
10/10/1976,328.1,244.2,904.9,589.8
10/11/1976,291.2,332.9,752.7,531.7
10/12/1976,277,401.9,597.5,490
10/13/1976,282.8,655.4,469.3,460.2
10/14/1976,354.1,761.9,382.9,1613
10/15/1976,464.9,757.1,336.5,1578
10/16/1976,526,739,331,1235
10/17/1976,742.7,749.6,351.7,891.4
10/18/1976,699,759.4,371.8,721.9
10/19/1976,581.4,755.7,434.3,664.2
10/20/1976,462,729.6,416.6,588.3
10/21/1976,362,683.9,370.7,609.3
10/22/1976,283.4,621.2,318.2,541
10/23/1976,222.7,552.7,267.9,455.3
10/24/1976,178.4,480.4,222.7,375.5
10/25/1976,676.6,412.2,185,317.6
10/26/1976,788.7,373.7,283.7,331
10/27/1976,662.9,378.2,615.5,314.4
10/28/1976,477,414,652.2,348.4
10/29/1976,320.5,463.5,646.1,446.4
10/30/1976,209,505.6,632.5,931.4
10/31/1976,135.5,529.2,628.3,1307
11/1/1976,88.74,544.6,605.2,2277
11/2/1976,59.52,554.3,564,2114
11/3/1976,41.27,564.2,507.6,1738
11/4/1976,30.08,585.7,444.9,1397
11/5/1976,22.97,615,382.4,1232
11/6/1976,17.93,630.4,329.1,995.3
11/7/1976,14.21,623.4,277.7,782.9
11/8/1976,11.47,613.8,230.1,615.7
11/9/1976,9.549,829.5,188.5,489.8
11/10/1976,8.194,1946,153.5,408.6
11/11/1976,7.094,2576,124.6,343.7
11/12/1976,6.044,2506,100.8,292.1
11/13/1976,5.073,1985,81.34,250
11/14/1976,4.207,1460,65.59,215.7
11/15/1976,3.586,1047,52.88,187.4
11/16/1976,2.944,750.1,42.68,164
11/17/1976,2.397,543.5,34.55,144.7
11/18/1976,2.17,400.8,28.29,128.8
11/19/1976,1.955,301.3,23.9,115.7
11/20/1976,1.842,230.7,22.34,104.9
11/21/1976,1.659,179.3,111.6,96.11
11/22/1976,1.463,141.2,108.8,88.89
11/23/1976,1.437,112.4,83.43,82.92
11/24/1976,32.24,90.29,58.51,78.69
11/25/1976,32.13,73.16,39.71,74.97
11/26/1976,24.34,59.8,26.86,125.5
11/27/1976,16.5,49.38,18.53,151.6
11/28/1976,10.59,41.2,13.28,156
11/29/1976,6.62,34.74,10.01,207.4
11/30/1976,4.092,29.63,7.981,196
12/1/1976,2.541,25.55,6.641,169.2
12/2/1976,1.709,22.3,5.894,142.9
12/3/1976,1.189,19.72,5.426,121.1
12/4/1976,0.864,17.66,5.004,104.1
12/5/1976,0.648,16.01,4.652,90.91
12/6/1976,0.46,14.69,4.305,80.61
12/7/1976,0.319,13.62,4.002,72.45
12/8/1976,0.222,12.74,3.744,65.9
12/9/1976,0.155,12.03,3.538,60.55
12/10/1976,0.11,11.43,3.353,56.1
12/11/1976,0.079,10.93,3.192,52.39
12/12/1976,0.058,10.51,3.064,49.31
12/13/1976,0.043,10.15,3.269,46.64
12/14/1976,0.052,9.835,3.159,44.35
12/15/1976,0.095,9.583,2.979,42.36
12/16/1976,0.085,9.326,2.81,40.64
12/17/1976,0.063,9.084,2.671,39.12
12/18/1976,0.043,8.859,2.558,37.78
12/19/1976,0.028,8.651,2.466,36.62
12/20/1976,0.018,8.459,2.389,35.54
12/21/1976,0.012,8.28,2.322,34.54
12/22/1976,0.008,8.112,2.263,33.62
12/23/1976,0.005,7.953,2.209,32.76
12/24/1976,0.063,7.803,2.159,31.96
12/25/1976,0.096,7.659,2.111,31.22
12/26/1976,0.104,7.52,2.066,30.51
12/27/1976,0.099,7.386,2.023,29.84
12/28/1976,0.09,7.256,1.982,29.2
12/29/1976,0.079,7.131,1.942,28.62
12/30/1976,0.067,7.01,1.904,28.1
12/31/1976,0.057,6.892,1.867,27.82
1/1/1977,0.047,6.778,1.831,27.53
1/2/1977,0.039,6.666,1.796,27.12
1/3/1977,0.032,6.557,1.763,26.68
1/4/1977,0.834,6.451,1.732,26.13
1/5/1977,2.199,6.348,1.704,25.58
1/6/1977,1.993,6.247,1.676,25.01
1/7/1977,1.445,6.149,1.65,24.45
1/8/1977,0.948,6.165,1.621,23.92
1/9/1977,0.588,6.241,1.592,23.41
1/10/1977,0.352,6.139,1.562,22.93
1/11/1977,0.206,5.994,1.534,22.47
1/12/1977,0.118,5.852,1.506,22.04
1/13/1977,0.067,5.724,1.479,21.62
1/14/1977,0.038,5.611,1.453,21.22
1/15/1977,0.021,5.51,1.427,20.83
1/16/1977,1.65,5.417,1.403,20.46
1/17/1977,1.86,5.331,1.381,20.1
1/18/1977,1.531,5.25,1.36,19.75
1/19/1977,1.732,5.172,1.339,19.42
1/20/1977,1.353,5.132,1.318,19.09
1/21/1977,0.923,5.454,1.297,18.78
1/22/1977,0.587,6.52,1.276,18.47
1/23/1977,0.359,6.474,1.256,18.18
1/24/1977,0.214,6.017,1.236,17.89
1/25/1977,0.125,5.556,1.216,17.61
1/26/1977,0.073,5.194,1.197,17.34
1/27/1977,0.043,4.933,1.179,17.07
1/28/1977,0.025,4.748,1.161,16.81
1/29/1977,0.015,4.617,1.144,16.56
1/30/1977,0.009,4.52,1.127,16.31
1/31/1977,0.006,4.443,1.112,16.07
2/1/1977,0.004,4.38,1.099,15.84
2/2/1977,0.003,4.324,1.087,15.61
2/3/1977,0.002,4.272,1.093,15.39
2/4/1977,0.001,4.221,1.08,15.17
2/5/1977,0.001,4.17,1.061,14.96
2/6/1977,0.001,4.119,1.043,14.75
2/7/1977,0.001,4.071,1.031,14.55
2/8/1977,0.001,4.027,1.492,14.35
2/9/1977,0.005,3.983,1.649,14.16
2/10/1977,0.013,3.942,1.581,13.97
2/11/1977,0.024,3.902,1.453,13.79
2/12/1977,0.035,3.862,1.35,13.61
2/13/1977,0.046,3.82,1.285,13.43
2/14/1977,0.053,3.779,1.556,13.26
2/15/1977,0.061,3.739,1.672,13.17
2/16/1977,0.068,3.702,1.73,13.15
2/17/1977,0.074,3.722,1.864,13.14
2/18/1977,0.075,3.723,2.005,13.24
2/19/1977,0.075,3.699,2.79,13.41
2/20/1977,0.073,3.661,3.079,13.5
2/21/1977,0.072,3.616,3.049,13.5
2/22/1977,0.074,3.568,3.102,13.49
2/23/1977,0.146,3.518,4.437,13.33
2/24/1977,0.179,3.468,4.257,13.08
2/25/1977,0.187,3.42,3.662,12.8
2/26/1977,0.179,3.373,3.054,12.5
2/27/1977,0.165,3.328,2.542,12.22
2/28/1977,0.149,3.286,2.154,11.94
3/1/1977,0.355,3.247,1.973,11.71
3/2/1977,0.899,3.342,1.983,11.67
3/3/1977,1.225,3.694,1.968,18.57
3/4/1977,1.348,4.233,1.991,21.98
3/5/1977,1.327,5.028,2.1,22
3/6/1977,1.228,5.857,2.229,20.87
3/7/1977,1.332,6.633,2.315,19.68
3/8/1977,1.555,7.301,2.413,18.53
3/9/1977,1.823,7.861,2.669,55.48
3/10/1977,2.229,8.711,2.97,152.7
3/11/1977,2.56,15.68,3.76,155.7
3/12/1977,2.74,42.49,5.764,128.2
3/13/1977,2.793,55.14,7.273,98.71
3/14/1977,2.823,59.08,8.377,74.9
3/15/1977,2.998,58.1,9.386,57.43
3/16/1977,12.82,64.76,24.42,45.02
3/17/1977,38.37,99.48,506.5,67.86
3/18/1977,49.99,153.5,1009,152.4
3/19/1977,53.17,244.5,1173,351.4
3/20/1977,51.52,361,1055,537.2
3/21/1977,47.36,483.4,887.3,681.1
3/22/1977,45.02,551.6,729.1,806.7
3/23/1977,61.07,586.1,596,921
3/24/1977,77.39,613.6,487.9,1000
3/25/1977,92.33,630.9,441.9,1047
3/26/1977,94.93,636.7,383.5,1079
3/27/1977,90.54,648.6,324.3,1048
3/28/1977,83.02,763.9,271.4,963.1
3/29/1977,74.23,871.5,226.3,853.2
3/30/1977,75.75,967.2,189.6,753.5
3/31/1977,131.6,1010,175.9,737.1
4/1/1977,216.1,1028,192.3,760.5
4/2/1977,271.4,1075,243,786
4/3/1977,296.7,1516,361.1,790.9
4/4/1977,310.4,1828,623.3,776.5
4/5/1977,319.2,1808,647.8,797.6
4/6/1977,378.1,1554,672,901
4/7/1977,413,1456,774.2,1141
4/8/1977,419.2,1506,1150,1529
4/9/1977,396.2,1585,1624,1840
4/10/1977,363.2,1432,1791,2031
4/11/1977,377.5,1252,1937,2119
4/12/1977,486,1121,1963,2167
4/13/1977,610,1064,2094,2174
4/14/1977,752.4,1081,2522,2169
4/15/1977,877.7,1194,2673,2157
4/16/1977,967.5,1284,2562,2119
4/17/1977,979.7,1278,2358,2045
4/18/1977,965.1,1225,2132,1949
4/19/1977,973.7,1133,1912,1828
4/20/1977,1000,1034,1709,1689
4/21/1977,1018,959.1,1534,1562
4/22/1977,1073,924.6,1384,1511
4/23/1977,1148,913.4,1253,1588
4/24/1977,1247,934.9,1146,1826
4/25/1977,1379,1290,1061,2120
4/26/1977,1457,1810,1210,2384
4/27/1977,1518,2123,1577,2579
4/28/1977,1520,2321,2057,2701
4/29/1977,1493,2580,3132,2783
4/30/1977,1426,2736,4105,2835
5/1/1977,1359,2787,4393,2849
5/2/1977,1292,2876,4421,2789
5/3/1977,1228,2816,4298,2686
5/4/1977,1174,2760,4111,2580
5/5/1977,1157,2665,3921,2528
5/6/1977,1161,2595,3738,2587
5/7/1977,1198,2596,3553,2708
5/8/1977,1229,2616,3373,2806
5/9/1977,1252,2662,3192,2906
5/10/1977,1258,2651,3021,3003
5/11/1977,1266,2639,2889,3062
5/12/1977,1266,2636,2774,3065
5/13/1977,1255,2600,2762,3020
5/14/1977,1245,2540,2694,2948
5/15/1977,1256,2464,2597,2929
5/16/1977,1562,2400,2549,3015
5/17/1977,1630,2375,2650,3345
5/18/1977,1649,2378,2869,3417
5/19/1977,1683,2400,3077,3547
5/20/1977,1780,2488,3267,3662
5/21/1977,1889,2640,3525,3925
5/22/1977,1967,2853,3837,4466
5/23/1977,2050,3074,4121,4755
5/24/1977,2148,3305,4165,5035
5/25/1977,2295,3586,4270,5322
5/26/1977,2493,3838,4535,5953
5/27/1977,2676,4334,4574,7589
5/28/1977,2879,4432,4593,8142
5/29/1977,3099,4422,4615,7643
5/30/1977,3010,4496,4684,6763
5/31/1977,2850,4675,4962,5970
6/1/1977,2743,4903,5108,5367
6/2/1977,2811,5209,5043,4974
6/3/1977,2922,5808,4968,4750
6/4/1977,3082,6062,4993,4661
6/5/1977,3250,6064,5046,4676
6/6/1977,3532,6093,5196,4829
6/7/1977,4081,6236,5464,5128
6/8/1977,4478,6506,5883,5557
6/9/1977,4804,6881,6425,5965
6/10/1977,5018,7233,6883,6324
6/11/1977,4923,7547,7128,6828
6/12/1977,4837,7457,7188,6832
6/13/1977,4750,7172,7217,6569
6/14/1977,4306,6967,7260,6229
6/15/1977,3993,6684,7477,5951
6/16/1977,3642,6413,7803,5838
6/17/1977,3403,6313,9099,5852
6/18/1977,3313,6380,9066,5992
6/19/1977,3594,6606,8759,6271
6/20/1977,4018,6937,12837,6589
6/21/1977,4663,7536,21520,7003
6/22/1977,5542,8066,22860,7496
6/23/1977,6372,9394,21441,8015
6/24/1977,7357,10106,19698,8513
6/25/1977,8225,10512,18189,9067
6/26/1977,9329,10919,17314,9718
6/27/1977,10664,11358,16880,13341
6/28/1977,11706,11828,16935,14486
6/29/1977,12643,12389,17226,14077
6/30/1977,13063,12887,17681,13634
7/1/1977,13164,13050,19201,12924
7/2/1977,13252,12897,19191,12356
7/3/1977,13286,12660,18804,11974
7/4/1977,13286,12608,18425,11934
7/5/1977,13258,13933,18045,11933
7/6/1977,13212,13823,17725,11843
7/7/1977,13204,13441,17578,11800
7/8/1977,13107,13096,17564,11781
7/9/1977,13094,12819,17307,11713
7/10/1977,12952,12705,16989,11741
7/11/1977,12793,13168,16694,11863
7/12/1977,12657,13318,16537,11852
7/13/1977,13022,12928,16251,11844
7/14/1977,13187,12449,15930,11614
7/15/1977,12664,12001,15429,11151
7/16/1977,11877,12575,14746,10585
7/17/1977,11065,11758,14080,9949
7/18/1977,10379,10732,13314,9334
7/19/1977,9917,9977,12535,8923
7/20/1977,9852,9628,11965,8897
7/21/1977,11063,9521,11595,9032
7/22/1977,14858,9784,11631,9249
7/23/1977,15849,10029,11662,9488
7/24/1977,15362,10187,11492,9616
7/25/1977,14799,10048,10996,9592
7/26/1977,13914,9749,10394,9298
7/27/1977,12753,9409,9913,9026
7/28/1977,11756,9137,9563,8809
7/29/1977,10935,8985,9410,8688
7/30/1977,10322,10190,9483,8659
7/31/1977,9914,9833,9668,8794
8/1/1977,9993,9093,9999,8856
8/2/1977,10078,8498,10312,8892
8/3/1977,9907,8620,10524,8904
8/4/1977,12486,8175,10474,8888
8/5/1977,12416,7634,10319,8900
8/6/1977,11657,7217,10103,8924
8/7/1977,10812,6984,9877,9201
8/8/1977,10094,7280,9631,9108
8/9/1977,9517,7423,9403,8812
8/10/1977,9121,7161,9199,8472
8/11/1977,8735,6969,8960,8173
8/12/1977,8390,6798,8949,7955
8/13/1977,8128,6366,9637,7799
8/14/1977,7944,6044,9999,7708
8/15/1977,7942,5896,9653,10330
8/16/1977,7827,5971,9301,10706
8/17/1977,7845,6139,8869,9934
8/18/1977,7670,6378,8520,9102
8/19/1977,7442,6590,8274,8410
8/20/1977,7262,6720,7998,7919
8/21/1977,7080,6768,7743,7518
8/22/1977,7039,6580,7392,7189
8/23/1977,6777,6327,7024,6916
8/24/1977,6466,6068,6667,6704
8/25/1977,6192,5734,6399,6479
8/26/1977,5983,5464,6247,8328
8/27/1977,5907,5313,6104,8749
8/28/1977,5930,5668,6014,8300
8/29/1977,5995,6096,5931,7461
8/30/1977,5985,5760,6187,6456
8/31/1977,5830,5362,6002,5651
9/1/1977,5667,5126,5767,5156
9/2/1977,5543,5284,5595,4820
9/3/1977,5993,5167,5554,4573
9/4/1977,5813,4930,5579,4390
9/5/1977,5462,4874,5590,4726
9/6/1977,5117,4627,5605,5104
9/7/1977,4829,4304,5619,4671
9/8/1977,4625,4041,5689,4114
9/9/1977,4513,3881,5541,3650
9/10/1977,4540,3826,5479,3377
9/11/1977,4555,3886,5181,3436
9/12/1977,4554,4043,4922,3371
9/13/1977,4414,4602,4804,3375
9/14/1977,4268,4845,5486,3513
9/15/1977,4219,4979,8281,4166
9/16/1977,4256,5082,8483,4571
9/17/1977,4222,5146,8206,4901
9/18/1977,4161,5215,7422,5182
9/19/1977,4097,5208,6843,5400
9/20/1977,3998,5210,6163,5480
9/21/1977,3875,5454,5412,5412
9/22/1977,3736,5482,4764,5242
9/23/1977,3524,5011,4290,5070
9/24/1977,3358,4500,4071,5678
9/25/1977,3259,3955,4160,5417
9/26/1977,3227,3514,4209,4992
9/27/1977,3296,3215,3992,4642
9/28/1977,3223,3017,3594,4359
9/29/1977,3073,2869,3171,4081
9/30/1977,2870,2710,2795,3769
10/1/1977,2638,2462,2479,3377
10/2/1977,2409,2186,2225,2977
10/3/1977,2199,1910,2020,2609
10/4/1977,2022,1654,1864,2297
10/5/1977,1892,1428,1755,2021
10/6/1977,1778,1232,1687,1798
10/7/1977,1659,1064,1638,1603
10/8/1977,1661,932,1592,1439
10/9/1977,1541,825.3,1554,1297
10/10/1977,1406,736,1517,1170
10/11/1977,1288,656.1,1642,1059
10/12/1977,1187,587.3,2812,956.3
10/13/1977,1110,529.5,3367,885.2
10/14/1977,1053,481.4,2956,827
10/15/1977,1022,441.6,2398,778.6
10/16/1977,978,408.9,1919,738.9
10/17/1977,926,382.1,1560,703
10/18/1977,878.8,364.5,1305,680.1
10/19/1977,970.1,603.4,1127,839.6
10/20/1977,1432,634.5,1006,791.2
10/21/1977,1707,580.3,945.5,706.8
10/22/1977,1596,562.5,946.4,638.8
10/23/1977,1382,625,994.1,605.3
10/24/1977,1181,1195,1073,616
10/25/1977,1020,1182,1157,657
10/26/1977,898.1,1013,1246,759.4
10/27/1977,806.7,836.2,1339,1140
10/28/1977,737.2,691,1438,1407
10/29/1977,685.8,581.6,1529,1367
10/30/1977,644.7,559.6,3406,1303
10/31/1977,611.2,1405,3573,1311
11/1/1977,583.7,1436,3844,1356
11/2/1977,560.8,1188,3318,1481
11/3/1977,541.7,924.1,2657,1397
11/4/1977,525.2,714.9,2099,1725
11/5/1977,510.9,565.7,1682,1556
11/6/1977,498.3,463.7,1384,1326
11/7/1977,487.1,394.6,1173,1056
11/8/1977,477.1,347.2,1021,835.6
11/9/1977,468.1,314,909.8,664.3
11/10/1977,460.2,289.9,826.4,533.6
11/11/1977,453.2,271.9,762.3,434.1
11/12/1977,447.4,258,711.9,357.7
11/13/1977,441.6,247,671.7,298.5
11/14/1977,436,238.1,639.1,252.2
11/15/1977,430.6,230.6,612.3,215.7
11/16/1977,425.4,224.4,590.7,186.7
11/17/1977,420.3,219.1,572.8,163.8
11/18/1977,415.5,215,558,145.9
11/19/1977,410.9,212.9,545.7,131.8
11/20/1977,406.8,210.8,534.6,120.6
11/21/1977,403.1,208,524.4,112
11/22/1977,399.2,204.8,515.2,105.6
11/23/1977,395.1,201.7,507,100.7
11/24/1977,391,198.6,499.5,99.2
11/25/1977,386.9,195.8,492.7,96.35
11/26/1977,383.3,193.2,486.2,93.12
11/27/1977,379.7,190.7,480.1,89.94
11/28/1977,375.7,188.4,474.4,86.54
11/29/1977,371.8,186.2,468.8,83.25
11/30/1977,368.1,184.1,463.5,80.19
12/1/1977,364.4,182.1,458.3,77.41
12/2/1977,360.8,180.2,453.4,74.91
12/3/1977,357.3,178.5,448.6,72.67
12/4/1977,354,176.9,444,70.67
12/5/1977,350.7,175.3,439.5,68.88
12/6/1977,347.5,173.6,435.2,67.27
12/7/1977,344.8,171.9,431.1,65.82
12/8/1977,342.1,170.5,427.4,64.49
12/9/1977,339.2,169,467.3,63.35
12/10/1977,336.3,167.6,691.3,62.66
12/11/1977,333.2,166.1,1185,325.7
12/12/1977,330.2,164.7,1172,442.1
12/13/1977,327.3,163.2,1046,395.4
12/14/1977,324.4,163.6,915.2,316.5
12/15/1977,321.5,164.2,807.4,245.7
12/16/1977,318.8,162.8,725.4,192
12/17/1977,316.1,160.8,664.2,153.7
12/18/1977,313.4,158.8,618.3,126.8
12/19/1977,310.8,157,582.9,107.9
12/20/1977,308.2,155.2,555,94.34
12/21/1977,305.8,153.7,532.4,84.31
12/22/1977,303.3,152.4,514.1,76.71
12/23/1977,300.8,151.2,498.6,70.8
12/24/1977,298.4,149.8,485.4,66.13
12/25/1977,295.9,148.4,473.7,62.37
12/26/1977,293.6,147,463.3,59.3
12/27/1977,291.2,145.7,454.2,56.78
12/28/1977,288.9,144.4,445.9,56.62
12/29/1977,286.6,143.2,438.4,57.48
12/30/1977,284.4,142.1,431.9,55.53
12/31/1977,282.1,140.9,425.6,53.13
1/1/1978,279.9,139.8,419.6,51.01
1/2/1978,277.8,138.7,414,49.31
1/3/1978,275.6,137.6,408.7,47.98
1/4/1978,273.5,136.5,403.7,46.92
1/5/1978,271.4,135.5,398.9,46.05
1/6/1978,269.3,134.4,394.4,45.3
1/7/1978,267.3,133.4,390,44.65
1/8/1978,265.2,132.4,385.7,44.06
1/9/1978,263.2,131.4,381.5,43.51
1/10/1978,261.2,130.4,377.5,43
1/11/1978,259.3,129.4,373.6,42.52
1/12/1978,257.4,128.4,369.7,42.06
1/13/1978,255.5,127.5,366,41.61
1/14/1978,253.7,126.5,362.3,41.18
1/15/1978,251.8,125.6,358.7,40.77
1/16/1978,249.9,124.7,355.1,40.36
1/17/1978,248.1,123.7,351.7,39.97
1/18/1978,246.2,122.8,348.3,39.58
1/19/1978,244.4,121.9,344.9,39.2
1/20/1978,242.6,121,341.6,38.83
1/21/1978,240.8,120.2,338.4,38.47
1/22/1978,239,119.3,335.2,38.11
1/23/1978,237.2,118.4,332.1,37.76
1/24/1978,235.5,117.6,329,37.42
1/25/1978,233.8,116.7,326,37.08
1/26/1978,232.1,115.9,323,36.74
1/27/1978,230.4,115,320.1,36.41
1/28/1978,228.7,114.2,317.2,36.09
1/29/1978,227.1,113.4,314.4,35.77
1/30/1978,225.5,112.6,311.6,35.47
1/31/1978,223.9,111.8,308.8,35.17
2/1/1978,222.3,111,306.4,34.88
2/2/1978,220.7,110.2,304.3,34.6
2/3/1978,219.1,109.4,302.1,34.34
2/4/1978,217.5,108.7,299.6,34.14
2/5/1978,216,108,296.9,33.9
2/6/1978,214.5,107.2,294.3,33.62
2/7/1978,212.9,106.4,291.6,33.33
2/8/1978,211.4,105.7,289,33.04
2/9/1978,209.9,104.9,286.4,32.74
2/10/1978,208.5,104.1,283.9,32.44
2/11/1978,207,103.4,281.4,32.15
2/12/1978,205.5,102.7,279,31.87
2/13/1978,204.1,102,276.6,31.59
2/14/1978,202.7,101.2,274.3,31.32
2/15/1978,201.2,100.5,272,31.05
2/16/1978,199.8,99.82,269.8,30.79
2/17/1978,198.4,99.12,267.5,30.54
2/18/1978,197.1,98.43,265.4,30.29
2/19/1978,195.7,97.74,263.2,30.04
2/20/1978,194.3,97.06,261.1,29.8
2/21/1978,193,96.39,259,29.56
2/22/1978,191.7,95.72,256.9,29.32
2/23/1978,190.3,95.06,254.9,29.09
2/24/1978,189.3,94.4,253.1,28.87
2/25/1978,191.1,93.77,252.6,28.65
2/26/1978,210.2,93.72,253.2,28.47
2/27/1978,215.4,93.98,252.5,28.27
2/28/1978,213.9,94.12,251,28.05
3/1/1978,209.8,93.45,277.3,27.85
3/2/1978,205,92.45,344.9,27.64
3/3/1978,200.2,91.44,339.8,27.48
3/4/1978,195.7,90.49,333.2,27.29
3/5/1978,191.6,89.62,326.8,27.08
3/6/1978,188,88.82,320.8,26.88
3/7/1978,184.9,88.74,351.5,26.72
3/8/1978,182.3,88.88,397.7,27.17
3/9/1978,180.1,88.96,425.2,27.57
3/10/1978,177.9,88.84,420,27.89
3/11/1978,175.8,88.64,414.5,29.01
3/12/1978,173.9,88.61,408.3,29.84
3/13/1978,172.9,124.2,403.1,30.07
3/14/1978,172.1,186.9,398.8,29.9
3/15/1978,170.5,210.5,396.9,29.79
3/16/1978,168.6,261.5,392.7,29.37
3/17/1978,166.7,278.1,385.4,28.8
3/18/1978,165,273.1,378,28.24
3/19/1978,163.4,266.3,370.6,28
3/20/1978,161.9,259.1,363.9,28.11
3/21/1978,160.4,252.1,357.9,28.38
3/22/1978,159.1,245.4,353.1,28.81
3/23/1978,157.9,239.1,349,29.32
3/24/1978,156.8,233.6,347,30.14
3/25/1978,156,228.3,344.6,31.04
3/26/1978,155.2,223.5,341.9,32.35
3/27/1978,154.3,218.9,340.5,61.57
3/28/1978,155.8,214.3,340.1,147.7
3/29/1978,156,209.6,359.3,291.9
3/30/1978,155.3,205.1,398.7,519.5
3/31/1978,154.1,200.8,420.6,650.7
4/1/1978,152.7,196.6,422.7,669.4
4/2/1978,151.1,192.7,413.6,634.5
4/3/1978,149.7,188.9,398.9,575.9
4/4/1978,148.4,185.3,381.9,509.6
4/5/1978,155.4,181.8,365.4,443.5
4/6/1978,197.1,178.5,368.2,382.3
4/7/1978,286.9,175.8,434.5,342.4
4/8/1978,397.8,173.4,488.6,486.6
4/9/1978,477,171.3,510.4,649.3
4/10/1978,528.7,170,519.6,840.5
4/11/1978,577.4,191.7,598.8,1065
4/12/1978,632.3,229.1,930.2,1323
4/13/1978,782.3,259,1159,1584
4/14/1978,949.9,287.8,1378,1886
4/15/1978,1046,303.5,1439,1936
4/16/1978,1062,301.5,1416,1856
4/17/1978,1036,289.6,1347,1718
4/18/1978,993.3,272.7,1254,1560
4/19/1978,948.7,254.1,1152,1400
4/20/1978,882.8,235.6,1051,1250
4/21/1978,814.5,218.9,956.7,1114
4/22/1978,774.8,203.7,869.6,994.4
4/23/1978,780.3,190.3,791.5,923.6
4/24/1978,831.1,179.5,727.1,852.1
4/25/1978,913.3,171.8,671.6,808.6
4/26/1978,1165,167.2,631.8,837.8
4/27/1978,1509,164.5,611.6,928
4/28/1978,1525,163,602.6,1183
4/29/1978,1467,162.1,656.2,1411
4/30/1978,1411,158.8,998.1,1636
5/1/1978,1392,153.6,1556,1890
5/2/1978,1424,147.8,1808,2161
5/3/1978,1473,143.7,1886,2284
5/4/1978,1506,145.3,2237,2477
5/5/1978,1587,158.9,2671,2628
5/6/1978,1755,315.2,2601,2889
5/7/1978,2170,563,2469,3247
5/8/1978,2193,758,2311,3526
5/9/1978,2172,889.3,2304,4096
5/10/1978,2120,956.4,2354,4171
5/11/1978,2102,1024,2481,4276
5/12/1978,2043,1121,2543,4218
5/13/1978,1983,1145,2751,4322
5/14/1978,1993,1401,2927,4491
5/15/1978,2223,1624,3171,4729
5/16/1978,2551,1891,3383,5036
5/17/1978,3427,2317,3558,5296
5/18/1978,3527,2865,3886,5718
5/19/1978,3414,3412,4093,6061
5/20/1978,3575,3984,4500,6327
5/21/1978,8752,4593,4915,6538
5/22/1978,8996,5073,5322,6696
5/23/1978,7878,5323,5533,6750
5/24/1978,6584,5342,5630,6623
5/25/1978,5535,5207,5697,6393
5/26/1978,4837,5273,5778,6137
5/27/1978,4528,5097,5905,5923
5/28/1978,4438,4951,6014,5734
5/29/1978,4336,4728,6082,5585
5/30/1978,4305,4550,6063,5473
5/31/1978,4271,4485,6000,5368
6/1/1978,4328,4564,5958,5357
6/2/1978,4492,4963,5990,5538
6/3/1978,4768,5173,6102,5704
6/4/1978,5114,5145,6253,5974
6/5/1978,5581,6648,6659,6290
6/6/1978,5993,6656,6822,6503
6/7/1978,6220,6217,6870,6559
6/8/1978,6331,5742,6926,6501
6/9/1978,6349,5479,7070,6372
6/10/1978,6357,5353,6943,6216
6/11/1978,6440,5403,6666,6236
6/12/1978,6369,5802,6204,6275
6/13/1978,6273,5903,5753,6374
6/14/1978,6151,5849,5404,6232
6/15/1978,6064,5801,5245,6103
6/16/1978,6074,5736,5387,6063
6/17/1978,6235,5713,6690,6147
6/18/1978,6587,5703,6752,6449
6/19/1978,6942,5734,6317,6923
6/20/1978,7396,5845,6063,7700
6/21/1978,7985,6117,6650,8352
6/22/1978,8587,6528,7099,9002
6/23/1978,9074,7218,7575,9809
6/24/1978,9605,8107,8294,10859
6/25/1978,10178,9234,9161,12109
6/26/1978,14405,10415,10268,13268
6/27/1978,18246,11508,11722,14365
6/28/1978,18094,12443,12769,15312
6/29/1978,16506,13504,15256,16027
6/30/1978,15211,13988,15714,16475
7/1/1978,14139,14126,15561,16590
7/2/1978,13141,14104,15255,16538
7/3/1978,12361,13986,15049,16303
7/4/1978,11687,13746,14809,15909
7/5/1978,11119,13534,14622,15452
7/6/1978,10680,13198,14570,15151
7/7/1978,10892,12971,14491,14518
7/8/1978,11264,12781,14699,13879
7/9/1978,10484,12738,15639,13343
7/10/1978,9513,12754,15688,12912
7/11/1978,8691,12819,15378,12661
7/12/1978,8251,12978,15245,13183
7/13/1978,8140,13049,15333,14177
7/14/1978,8668,13113,15486,13802
7/15/1978,8760,13290,15613,13246
7/16/1978,8807,13651,15752,13222
7/17/1978,8898,13733,15849,13027
7/18/1978,9044,13605,15957,12972
7/19/1978,10106,13385,15917,12806
7/20/1978,10100,13013,15608,12488
7/21/1978,9660,12463,15177,12018
7/22/1978,9001,11782,14331,11463
7/23/1978,8271,11041,13399,10891
7/24/1978,7798,10402,12672,10350
7/25/1978,7301,9745,11597,9660
7/26/1978,6894,9231,10655,9017
7/27/1978,6588,8956,10188,8513
7/28/1978,6447,8866,13242,8160
7/29/1978,6432,8926,13754,7944
7/30/1978,6572,9105,13610,7934
7/31/1978,8190,9253,13341,7974
8/1/1978,11177,9347,13040,8060
8/2/1978,11731,9430,12980,8146
8/3/1978,11460,9731,12759,8260
8/4/1978,11021,9650,12501,8409
8/5/1978,10488,9371,12308,8639
8/6/1978,10057,9289,12191,8940
8/7/1978,9690,9447,12193,9282
8/8/1978,9568,9814,12338,9629
8/9/1978,9368,9892,12600,9849
8/10/1978,9144,9941,13634,9975
8/11/1978,8817,9993,13140,9759
8/12/1978,8478,13164,12818,9455
8/13/1978,8861,12899,11980,9202
8/14/1978,8691,11809,11325,9009
8/15/1978,8538,10946,11017,8919
8/16/1978,8530,12059,10995,8982
8/17/1978,8572,11688,11063,9103
8/18/1978,8404,11269,10926,9209
8/19/1978,8081,10480,10760,9317
8/20/1978,7755,9582,10468,9314
8/21/1978,7499,8634,10153,9206
8/22/1978,7290,7830,9888,9084
8/23/1978,7093,7267,9718,9027
8/24/1978,6933,6875,9568,9093
8/25/1978,6855,6642,9386,8844
8/26/1978,6820,6516,9212,8532
8/27/1978,6819,6468,9115,8243
8/28/1978,6760,6478,8962,7997
8/29/1978,6656,6510,8731,7748
8/30/1978,6536,6417,8475,7473
8/31/1978,6390,6214,8224,7153
9/1/1978,6175,5949,8005,7700
9/2/1978,5935,5746,7794,7251
9/3/1978,5693,5309,7549,6369
9/4/1978,5461,4854,7286,5514
9/5/1978,5295,4521,7073,4816
9/6/1978,5185,4381,6939,4309
9/7/1978,5090,4392,6786,4018
9/8/1978,4980,4469,6657,3953
9/9/1978,4863,5479,6599,4086
9/10/1978,4757,5447,6606,4352
9/11/1978,4649,5009,6643,4694
9/12/1978,4519,4570,6691,4970
9/13/1978,4341,4199,6480,5073
9/14/1978,4084,3845,6138,4961
9/15/1978,3774,3483,5756,4766
9/16/1978,3456,3136,5363,4354
9/17/1978,3181,2819,5023,3906
9/18/1978,2978,2557,4761,3514
9/19/1978,2870,2366,4477,3237
9/20/1978,2797,2257,4248,3042
9/21/1978,2759,2216,4123,2954
9/22/1978,2770,2252,4068,2973
9/23/1978,2807,2386,4093,3067
9/24/1978,2824,2519,4155,3705
9/25/1978,2783,2643,4290,3677
9/26/1978,2717,2699,4372,3460
9/27/1978,2638,3008,4378,3210
9/28/1978,2900,2983,4301,2995
9/29/1978,3160,2802,4170,2849
9/30/1978,2966,2613,4034,2764
10/1/1978,2647,2448,4273,2744
10/2/1978,2332,2290,3994,2726
10/3/1978,2033,2138,3602,2693
10/4/1978,1786,2006,3230,2639
10/5/1978,1584,1861,2905,2563
10/6/1978,1428,1730,2645,2492
10/7/1978,1325,1643,2451,2450
10/8/1978,1271,1731,2323,2663
10/9/1978,1248,1760,2262,4021
10/10/1978,1240,1703,2263,3931
10/11/1978,1246,1735,2384,3461
10/12/1978,1262,2076,2384,3044
10/13/1978,1224,2010,2362,2769
10/14/1978,1383,1853,2359,2672
10/15/1978,1314,1726,2542,2610
10/16/1978,1216,1787,2504,2520
10/17/1978,1105,1719,2598,2436
10/18/1978,1007,1623,2466,2350
10/19/1978,914.9,1533,2292,2255
10/20/1978,831.5,1442,2138,2147
10/21/1978,761,1352,2003,2028
10/22/1978,702.4,1263,1879,1903
10/23/1978,653.6,1180,1767,1758
10/24/1978,614.3,1107,1674,1612
10/25/1978,592.8,1039,1570,1480
10/26/1978,565.3,979.1,1470,1358
10/27/1978,539.1,925.1,1379,1244
10/28/1978,516.3,878.5,1300,1137
10/29/1978,497.4,838.8,1232,1028
10/30/1978,481.9,805.2,1174,931.5
10/31/1978,486.7,776.9,1124,859.8
11/1/1978,477.5,752.8,1083,828.2
11/2/1978,464.2,732.3,1048,833.1
11/3/1978,452.5,717.6,1018,867.5
11/4/1978,441.6,706.6,992.1,898.8
11/5/1978,432,729,969.4,933.4
11/6/1978,423.3,717.8,949.3,887.3
11/7/1978,415.7,698.1,931.4,816.1
11/8/1978,408.8,678.8,915.5,742.3
11/9/1978,402.7,662.1,901.1,674.4
11/10/1978,397.3,648.4,888.2,614.7
11/11/1978,392.6,637.1,876.8,563.7
11/12/1978,387.9,627.8,867.5,520.5
11/13/1978,383.3,619.6,857.8,484.3
11/14/1978,378.9,612,848.4,454.2
11/15/1978,374.7,604.9,839.7,429.1
11/16/1978,370.6,598.1,831.4,408.5
11/17/1978,366.7,591.8,822.1,391.6
11/18/1978,362.8,585.8,812.9,377.8
11/19/1978,358.9,580,804.4,366.3
11/20/1978,355.2,574.5,796.6,356.5
11/21/1978,351.5,568.9,789,348.1
11/22/1978,347.9,563.2,781.3,341
11/23/1978,344.4,557.6,774.7,335.3
11/24/1978,341,552.2,768,330.1
11/25/1978,337.7,546.8,761.9,325.2
11/26/1978,334.5,541.6,755.6,320.7
11/27/1978,331.3,536.5,748.8,316.6
11/28/1978,328.2,531.6,741.5,312.9
11/29/1978,325.2,526.8,734.2,309.5
11/30/1978,322.3,522.1,727,306.5
12/1/1978,319.4,517.5,720.1,303.7
12/2/1978,316.6,513,713.3,301
12/3/1978,313.7,508.5,706.6,298.2
12/4/1978,310.9,504.2,700.1,295.3
12/5/1978,308.2,502.3,693.9,292.6
12/6/1978,305.5,501.8,688,290.1
12/7/1978,302.8,497.7,682.2,287.6
12/8/1978,300.2,492.4,676.7,285.2
12/9/1978,298.1,487.1,671.4,282.9
12/10/1978,296.8,482.2,682.7,280.7
12/11/1978,294.4,477.7,1415,278.7
12/12/1978,291.6,473.6,1718,280
12/13/1978,288.9,469.7,1671,282.2
12/14/1978,286.3,466,1706,413.7
12/15/1978,284.1,462.2,2283,563.9
12/16/1978,281.6,458.4,2458,640.3
12/17/1978,279.1,454.6,2732,602
12/18/1978,276.6,451.3,2687,538.7
12/19/1978,274.2,447.8,2510,479.4
12/20/1978,271.9,444,2301,430.9
12/21/1978,269.7,440.3,2100,392.8
12/22/1978,267.5,436.7,1919,363.5
12/23/1978,265.3,433.2,1758,343.1
12/24/1978,263.2,429.7,1618,323.9
12/25/1978,261.1,427.8,1497,307.5
12/26/1978,259,426.4,1389,293.8
12/27/1978,257,603,1293,282.6
12/28/1978,254.9,599,1209,273.2
12/29/1978,253.1,550,1136,265.5
12/30/1978,251.2,501.2,1072,259
12/31/1978,249.2,464,1017,253.4
1/1/1979,247.3,438.2,973.1,248.7
1/2/1979,245.4,421,932.5,244.7
1/3/1979,244,409.4,894.9,241.1
1/4/1979,242.1,401.5,861.7,238
1/5/1979,240.1,395.7,832.5,237.4
1/6/1979,238.1,391.2,806.9,237.8
1/7/1979,236.2,387.5,784.4,235.7
1/8/1979,234.6,384.2,764.4,232.4
1/9/1979,233,381.1,746.6,229
1/10/1979,231.2,378.1,730.5,226.1
1/11/1979,229.3,375.3,716,223.6
1/12/1979,227.5,372.5,702.7,221.5
1/13/1979,225.8,369.8,690.5,219.6
1/14/1979,224,367.1,679.2,217.8
1/15/1979,222.4,364.5,668.6,216.2
1/16/1979,220.7,361.8,658.7,215
1/17/1979,219.1,359.2,649.4,214.6
1/18/1979,217.5,356.6,640.6,214
1/19/1979,215.9,354.1,632.2,213.5
1/20/1979,214.3,351.6,624.2,212.4
1/21/1979,212.8,349,616.6,210.6
1/22/1979,211.2,346.6,609.2,208.8
1/23/1979,209.7,344.1,602.1,209.1
1/24/1979,208.2,341.7,595.2,207.5
1/25/1979,206.7,339.2,588.6,205.1
1/26/1979,205.2,336.8,582.1,202.7
1/27/1979,203.7,334.5,797.4,200.4
1/28/1979,202.2,332.1,3373,198.4
1/29/1979,200.8,329.8,3723,196.6
1/30/1979,199.4,327.4,3394,194.9
1/31/1979,197.9,325.1,2927,193.4
2/1/1979,196.5,322.9,2496,191.8
2/2/1979,195.1,320.6,2142,190.4
2/3/1979,193.7,318.4,1861,189
2/4/1979,192.4,316.2,1639,188.3
2/5/1979,191,314.8,1461,189
2/6/1979,189.7,313.1,1315,190.2
2/7/1979,188.3,311.2,1195,190.1
2/8/1979,187,309.1,1095,188.4
2/9/1979,185.7,306.9,1010,186.1
2/10/1979,184.4,304.6,938.6,184.7
2/11/1979,183.1,302.3,877.2,318.2
2/12/1979,181.8,316.9,1088,566.3
2/13/1979,180.6,323.9,1072,582.6
2/14/1979,179.3,324.7,1008,539.9
2/15/1979,178,322.4,1197,2935
2/16/1979,176.8,318.4,1154,3395
2/17/1979,175.6,313.5,1065,3124
2/18/1979,174.4,308.3,977.2,2689
2/19/1979,173.1,303.1,901,2270
2/20/1979,172,298.2,838.5,1914
2/21/1979,170.8,293.6,787.6,1625
2/22/1979,169.6,289.4,745.9,1392
2/23/1979,168.4,285.6,711.3,1204
2/24/1979,167.3,282,682.2,1051
2/25/1979,166.1,278.8,657.3,925.6
2/26/1979,165,275.8,636,820.9
2/27/1979,163.8,273.1,617.4,733.5
2/28/1979,162.7,270.5,601.2,659.9
3/1/1979,161.7,268.1,586.8,597.9
3/2/1979,160.6,265.9,574,545.4
3/3/1979,159.5,263.8,562.6,500.8
3/4/1979,158.4,261.8,552.2,462.9
3/5/1979,157.3,259.9,542.7,430.5
3/6/1979,156.2,258,533.9,402.8
3/7/1979,155.1,256.1,525.7,379
3/8/1979,154,254.2,518,358.5
3/9/1979,153,252.4,510.8,340.7
3/10/1979,151.9,250.6,504,325.3
3/11/1979,150.9,248.8,497.5,311.9
3/12/1979,149.9,247.1,491.3,300.1
3/13/1979,148.9,246.2,485.6,289.8
3/14/1979,147.9,244.9,480.1,280.6
3/15/1979,146.9,243.6,474.9,272.5
3/16/1979,146.9,242.1,469.9,266.2
3/17/1979,146.1,240.6,465,259.9
3/18/1979,145,258.7,460.2,254
3/19/1979,143.8,266.6,455.6,248.5
3/20/1979,142.6,268.2,543.8,243.3
3/21/1979,141.5,266.1,859.2,238.4
3/22/1979,140.5,262.2,1019,233.9
3/23/1979,139.4,257.9,1118,229.8
3/24/1979,138.5,253,1060,226
3/25/1979,137.9,247.9,964.6,222.7
3/26/1979,137.4,243,870.9,219.7
3/27/1979,136.7,238.4,795.7,216.6
3/28/1979,136,235.3,732.5,213.4
3/29/1979,135.3,232.4,678.8,210.3
3/30/1979,134.4,229.4,633.9,207.8
3/31/1979,133.3,226.6,596.4,205.4
4/1/1979,132.3,223.6,565.2,203.1
4/2/1979,131.3,220.8,538.9,201.2
4/3/1979,130.4,218.4,516.8,198.9
4/4/1979,130.3,249.5,498,196.6
4/5/1979,132.3,254.6,487.3,194.2
4/6/1979,200.2,263.3,505.8,191.9
4/7/1979,268.9,278.4,681.1,245.7
4/8/1979,342.2,305.7,899.4,325.8
4/9/1979,465.3,366.5,1096,465.2
4/10/1979,579.9,455.5,1252,1178
4/11/1979,660.5,575,1467,1566
4/12/1979,706.1,695.5,1634,1682
4/13/1979,740.1,794.7,1661,1688
4/14/1979,2580,911.8,1648,1674
4/15/1979,2921,961.2,1605,1638
4/16/1979,2637,1207,1518,1703
4/17/1979,2215,1247,1411,1741
4/18/1979,1819,1179,1303,1621
4/19/1979,1491,1086,1205,1499
4/20/1979,1232,991.6,1119,1403
4/21/1979,1029,988.8,1078,1408
4/22/1979,916.2,1059,1237,1657
4/23/1979,972,1297,1463,2209
4/24/1979,1037,1688,1728,2840
4/25/1979,1140,2157,2199,3170
4/26/1979,1201,2590,2804,3476
4/27/1979,1175,3180,2977,4049
4/28/1979,1109,3666,3146,4028
4/29/1979,1016,3992,3173,3841
4/30/1979,916.5,4073,3050,3591
5/1/1979,819,3949,2883,3316
5/2/1979,754.5,3705,2693,3044
5/3/1979,751.5,3458,2499,2807
5/4/1979,895.7,3252,2325,2747
5/5/1979,1044,3089,2204,2732
5/6/1979,1165,2921,2118,3164
5/7/1979,1239,2764,2014,4439
5/8/1979,1282,2626,1901,4713
5/9/1979,1293,2532,1785,4506
5/10/1979,1272,2460,1673,4133
5/11/1979,1231,2372,1570,3763
5/12/1979,1194,2271,1477,3460
5/13/1979,1165,2168,1394,3280
5/14/1979,1137,2079,1330,3106
5/15/1979,1132,2078,1295,2867
5/16/1979,1164,2438,1364,2665
5/17/1979,1196,2586,1465,2606
5/18/1979,1225,2472,1580,2553
5/19/1979,1244,2325,1721,2630
5/20/1979,1261,2226,1853,2666
5/21/1979,1304,2213,2041,2758
5/22/1979,1372,2225,2232,2895
5/23/1979,1585,2247,2492,3018
5/24/1979,1616,2276,2699,3110
5/25/1979,1522,2310,2779,3157
5/26/1979,1376,2346,2787,3146
5/27/1979,1219,2387,2767,3157
5/28/1979,1069,2455,2782,3197
5/29/1979,932.7,2557,2818,3250
5/30/1979,817.9,2827,2864,3371
5/31/1979,721.8,3416,2908,3789
6/1/1979,633.4,3789,3005,3938
6/2/1979,562.4,4036,3208,3956
6/3/1979,566.6,4495,3575,3957
6/4/1979,687.4,5184,3793,4054
6/5/1979,1028,5892,4105,4363
6/6/1979,1550,6119,4500,4907
6/7/1979,2162,6351,5037,5706
6/8/1979,2720,7049,5653,6552
6/9/1979,3421,7647,7313,7676
6/10/1979,3765,8069,7920,12291
6/11/1979,4201,8103,8101,14471
6/12/1979,4334,7971,8048,15537
6/13/1979,4228,7510,7932,14337
6/14/1979,4089,7151,7860,12713
6/15/1979,4023,7683,7854,11381
6/16/1979,4120,7607,8059,10567
6/17/1979,4389,6993,9347,10290
6/18/1979,4600,6990,10273,10613
6/19/1979,4822,7003,10177,16324
6/20/1979,5063,8288,9963,19615
6/21/1979,5379,9224,9770,20205
6/22/1979,5721,9317,9644,19560
6/23/1979,6134,9477,13454,18544
6/24/1979,6460,9723,17673,17575
6/25/1979,6862,10135,18035,16903
6/26/1979,7302,10569,17163,16451
6/27/1979,7835,11134,16352,16350
6/28/1979,8293,11669,15754,16284
6/29/1979,8722,12095,15466,16455
6/30/1979,9077,12434,15341,17299
7/1/1979,9469,12695,15430,17185
7/2/1979,9527,13656,15419,16844
7/3/1979,9644,13870,15676,18346
7/4/1979,9554,14271,15761,18326
7/5/1979,9478,14574,15522,17776
7/6/1979,9480,14294,15338,17187
7/7/1979,9680,14193,15244,16731
7/8/1979,9877,13765,15081,16454
7/9/1979,10300,13334,14975,16254
7/10/1979,10652,13112,14921,16157
7/11/1979,10951,12981,14874,15997
7/12/1979,11156,12880,14819,15800
7/13/1979,11361,12836,14891,15603
7/14/1979,11433,12715,14952,15414
7/15/1979,11527,12548,14546,15252
7/16/1979,11555,12375,14126,15330
7/17/1979,11982,12215,13623,14992
7/18/1979,11805,12069,13295,14483
7/19/1979,11514,12620,13097,14455
7/20/1979,11042,12527,13077,14067
7/21/1979,10581,12993,12759,13591
7/22/1979,10218,12841,12481,13192
7/23/1979,10019,12350,12272,12917
7/24/1979,12473,11858,12163,12938
7/25/1979,13119,11422,12070,12840
7/26/1979,12681,11135,12041,12656
7/27/1979,11831,11007,12121,12514
7/28/1979,11063,11027,12120,12436
7/29/1979,10544,11022,12091,12418
7/30/1979,10235,11047,12109,12463
7/31/1979,10096,11196,12203,12607
8/1/1979,10049,11256,12183,12798
8/2/1979,10057,11125,12193,13061
8/3/1979,10152,10894,12854,13036
8/4/1979,10045,10621,12658,13236
8/5/1979,9839,10270,12235,13624
8/6/1979,9296,9827,11807,17426
8/7/1979,8743,9354,11409,17415
8/8/1979,8238,9023,11039,15576
8/9/1979,7814,8598,10762,13622
8/10/1979,7439,8085,10580,12041
8/11/1979,7152,7645,10277,10900
8/12/1979,6954,7344,9970,10140
8/13/1979,6833,7169,9684,9688
8/14/1979,6830,7111,9478,9335
8/15/1979,7686,7155,10025,9112
8/16/1979,7645,7277,10980,8968
8/17/1979,7413,7410,11123,11202
8/18/1979,7221,7481,11780,11152
8/19/1979,7036,7492,10974,10616
8/20/1979,6884,7435,9706,9890
8/21/1979,6731,7263,8467,9358
8/22/1979,6313,7043,7381,8784
8/23/1979,5802,6808,6623,8098
8/24/1979,5470,6529,6185,7558
8/25/1979,5629,6310,6006,7219
8/26/1979,5822,6310,6051,7071
8/27/1979,5461,6404,6208,7000
8/28/1979,5060,6286,6512,6941
8/29/1979,4772,5973,6897,6904
8/30/1979,4624,5693,6878,6960
8/31/1979,4607,5494,6769,7169
9/1/1979,4644,5350,6689,7264
9/2/1979,4679,5214,6616,7093
9/3/1979,4697,5115,6593,6806
9/4/1979,4723,5048,6732,7175
9/5/1979,4740,4988,6530,7850
9/6/1979,4763,4957,6264,7491
9/7/1979,4757,4997,6052,6869
9/8/1979,4683,5068,5909,6312
9/9/1979,4580,5096,5822,5851
9/10/1979,4782,5085,5692,5598
9/11/1979,4827,5062,5533,5390
9/12/1979,4857,5021,5399,5144
9/13/1979,4635,4956,5286,4934
9/14/1979,4383,4859,7010,4730
9/15/1979,4082,4708,7766,4535
9/16/1979,3745,4621,7279,4346
9/17/1979,3397,5080,6272,4138
9/18/1979,3066,4687,5324,3940
9/19/1979,2795,4119,4561,3755
9/20/1979,2571,3600,4050,3576
9/21/1979,2388,3188,3595,3391
9/22/1979,2252,2878,3221,3221
9/23/1979,2079,2639,2929,3059
9/24/1979,1907,2439,2683,2904
9/25/1979,1741,2263,2484,2753
9/26/1979,1624,2130,2338,2660
9/27/1979,1571,2088,2300,2627
9/28/1979,1569,2135,2381,2656
9/29/1979,1561,2213,2645,2571
9/30/1979,1567,2219,5093,2572
10/1/1979,1485,2168,5109,2457
10/2/1979,1400,2075,4360,2323
10/3/1979,1349,2293,3526,2199
10/4/1979,1307,2153,2848,2089
10/5/1979,1283,1926,2351,1986
10/6/1979,1277,1694,1999,1904
10/7/1979,1283,1486,1760,1862
10/8/1979,1296,1318,1607,1860
10/9/1979,1400,1183,1506,3228
10/10/1979,1383,1068,1429,3661
10/11/1979,1308,971.7,1349,3232
10/12/1979,1227,899.9,1272,2672
10/13/1979,1164,832.5,1280,2205
10/14/1979,1549,775.8,1222,1868
10/15/1979,1745,727.6,1144,2073
10/16/1979,1893,688.2,1941,2043
10/17/1979,1792,657,2052,2356
10/18/1979,1592,632.4,1807,4968
10/19/1979,1363,668.9,1596,6453
10/20/1979,1168,706.3,1480,7335
10/21/1979,1014,681.5,1328,6647
10/22/1979,900.3,643.4,1449,5891
10/23/1979,830.3,608.4,1412,4987
10/24/1979,791.6,580.2,1285,4230
10/25/1979,757,558.6,1151,3979
10/26/1979,718.8,746.9,1046,4088
10/27/1979,689.1,796.3,975.7,3898
10/28/1979,717.5,835.6,920.7,3856
10/29/1979,712.3,1128,877.4,3453
10/30/1979,673.9,1211,975.7,2934
10/31/1979,631.1,1094,1051,2478
11/1/1979,593.1,949.5,1527,2121
11/2/1979,567.3,833.8,1516,1845
11/3/1979,656.2,765.9,1372,1633
11/4/1979,680.4,765.4,1172,1470
11/5/1979,639.8,718.6,1006,1341
11/6/1979,589.2,664.6,886.7,1238
11/7/1979,545.5,616.5,815.6,1154
11/8/1979,511.6,576.4,856.4,1086
11/9/1979,485.9,543.5,815.1,1029
11/10/1979,466.4,518,760.4,982.2
11/11/1979,451.3,497.4,713.7,940.7
11/12/1979,439.3,480.6,678.2,904.4
11/13/1979,429.6,467.2,652.2,872.8
11/14/1979,421.3,454.7,633.1,845.2
11/15/1979,414.1,443.7,619.3,820.9
11/16/1979,407.8,436.5,608.2,799.4
11/17/1979,402.1,429.3,598.7,780.3
11/18/1979,396.8,421.4,590.3,763.1
11/19/1979,392.1,414.1,582.5,747.8
11/20/1979,388.2,407.3,575.4,734.4
11/21/1979,384.1,401.1,568.7,721.3
11/22/1979,380,395.6,562.3,708.9
11/23/1979,376,390.6,556.3,697.4
11/24/1979,372.7,386,550.6,686.7
11/25/1979,369.9,381.8,545.5,677.2
11/26/1979,366.7,377.8,540.3,669
11/27/1979,363.2,374.1,535.1,661.3
11/28/1979,359.6,370.5,530,652.8
11/29/1979,356,367.2,525,644.3
11/30/1979,352.6,363.9,520.1,635.8
12/1/1979,349.3,360.7,515.3,627.6
12/2/1979,346.1,357.7,510.6,619.6
12/3/1979,342.9,354.7,506,611.9
12/4/1979,339.8,351.8,501.5,604.5
12/5/1979,336.8,348.9,497.1,597.2
12/6/1979,333.9,346.1,492.7,590.1
12/7/1979,331,343.3,488.9,583.3
12/8/1979,328.3,340.7,485,576.6
12/9/1979,326.4,338.2,481,570.1
12/10/1979,323.9,335.7,477,563.8
12/11/1979,321.1,333.1,473,557.8
12/12/1979,318.4,330.6,469,552.1
12/13/1979,317.1,328.3,465.1,546.7
12/14/1979,314.5,326,461.2,541.4
12/15/1979,311.5,323.5,457.4,536.1
12/16/1979,308.6,321.1,453.6,952
12/17/1979,305.8,318.8,449.9,1793
12/18/1979,303.1,421.6,446.2,1930
12/19/1979,300.5,596.6,442.5,1838
12/20/1979,298,623,438.9,4661
12/21/1979,295.5,839.8,435.4,5612
12/22/1979,293.1,1839,436.4,5086
12/23/1979,290.8,2069,596.4,4259
12/24/1979,288.5,2128,723.1,3544
12/25/1979,286.3,1820,690.3,2929
12/26/1979,284.3,1489,622.5,2445
12/27/1979,282.1,1217,560.2,2073
12/28/1979,279.9,1013,512.8,1786
12/29/1979,277.6,864.1,478.8,1563
12/30/1979,275.4,754.1,454.8,1386
12/31/1979,273.3,671.9,437.7,1243
1/1/1980,271.2,609.1,425.2,1128
1/2/1980,269.1,560,415.5,1032
1/3/1980,267.1,520.9,407.9,954.2
1/4/1980,265,489.2,401.5,888.7
1/5/1980,263.1,463.3,396,833.9
1/6/1980,261.1,441.8,391.2,787.9
1/7/1980,259.1,423.9,386.9,749
1/8/1980,257.2,408.7,382.9,715.9
1/9/1980,255.3,395.9,379.2,687.7
1/10/1980,253.4,384.9,375.7,663.3
1/11/1980,251.6,375.4,372.3,642.2
1/12/1980,249.7,367.1,369.2,623.8
1/13/1980,247.9,359.7,366.1,607.5
1/14/1980,246.1,353.1,363.2,593
1/15/1980,244.4,347.3,367,580.1
1/16/1980,242.6,342,367.6,568.4
1/17/1980,240.8,337,365.9,557.7
1/18/1980,239.1,332.4,363.1,547.8
1/19/1980,237.3,327.9,359.6,538.7
1/20/1980,235.6,323.7,356,530.1
1/21/1980,233.9,319.7,352.4,522
1/22/1980,232.2,315.8,348.7,514.3
1/23/1980,230.6,312.1,345.4,507.1
1/24/1980,228.9,308.6,342.3,500.1
1/25/1980,227.3,305.1,339.3,493.5
1/26/1980,225.7,301.8,336.4,487.1
1/27/1980,224.1,298.6,333.2,480.9
1/28/1980,222.5,295.4,330.1,474.9
1/29/1980,220.9,292.3,327.1,469.2
1/30/1980,219.3,289.3,324.3,463.6
1/31/1980,217.9,286.3,321.8,458.1
2/1/1980,216.4,283.4,320,452.8
2/2/1980,214.8,280.6,318.1,447.6
2/3/1980,213.3,277.8,316,442.6
2/4/1980,211.7,275,313.4,437.6
2/5/1980,210.2,272.3,310.6,432.8
2/6/1980,208.8,269.7,308,428.1
2/7/1980,207.3,267.1,305.5,423.5
2/8/1980,205.8,264.6,303.2,419
2/9/1980,204.4,262,300.9,414.6
2/10/1980,203,259.6,298.7,410.2
2/11/1980,201.6,257.1,296.7,406
2/12/1980,200.2,254.8,294.7,401.8
2/13/1980,198.8,252.4,292.7,397.7
2/14/1980,197.9,250.1,291,393.7
2/15/1980,196.7,247.8,289.1,389.7
2/16/1980,195.6,245.6,287.2,385.9
2/17/1980,194.7,243.4,285.3,382.1
2/18/1980,193.8,241.2,283.7,378.6
2/19/1980,192.5,239,297.4,375.3
2/20/1980,191,236.9,303.2,372
2/21/1980,189.5,234.9,303.9,368.5
2/22/1980,187.9,232.8,301.8,365.1
2/23/1980,186.3,230.8,339.1,362.1
2/24/1980,185.2,228.8,364.5,359.2
2/25/1980,183.9,226.9,371.6,356.4
2/26/1980,182.7,225.1,368,353.7
2/27/1980,181.4,223.4,358.7,364.2
2/28/1980,180,221.5,346.4,367.5
2/29/1980,178.6,219.6,333.4,366.5
3/1/1980,177.2,217.7,320.6,363.1
3/2/1980,175.9,215.9,309.1,358.4
3/3/1980,174.6,214,298.9,352.9
3/4/1980,173.4,212.3,289.7,347.2
3/5/1980,172.4,210.6,281.7,341.6
3/6/1980,171.3,209,274.6,336.2
3/7/1980,170.2,207.4,268.5,331.2
3/8/1980,169.4,205.7,263.3,326.6
3/9/1980,168.2,203.9,258.9,322.3
3/10/1980,167,202.4,254.9,318.8
3/11/1980,166.2,201.3,252.1,452.9
3/12/1980,165.1,199.9,249.5,467.7
3/13/1980,163.8,198.8,264.2,492.2
3/14/1980,162.6,197.7,292.4,666.6
3/15/1980,161.5,196.5,311.1,1563
3/16/1980,160.4,195.2,319.7,1840
3/17/1980,159.4,203.6,407.9,2510
3/18/1980,158.7,212.4,709.9,2583
3/19/1980,158.3,292.3,922.5,2265
3/20/1980,157.7,461.5,1022,1912
3/21/1980,156.9,498.7,1051,1612
3/22/1980,155.9,490.3,1022,1378
3/23/1980,154.9,463.2,961.7,1200
3/24/1980,153.8,429.7,887.6,1064
3/25/1980,152.7,395.6,840.2,958.4
3/26/1980,151.5,363.4,918.9,896.9
3/27/1980,150.3,334.3,1200,902
3/28/1980,149,308.8,1829,1022
3/29/1980,147.8,300.2,2079,1029
3/30/1980,146.7,281.4,2059,997
3/31/1980,145.6,262,1977,943.4
4/1/1980,144.6,245,1934,883.3
4/2/1980,143.7,231.1,1785,823.7
4/3/1980,142.9,219.8,1617,792.6
4/4/1980,142.3,210.6,1476,839.1
4/5/1980,142.9,203.2,1415,982.7
4/6/1980,152.1,197,1421,1097
4/7/1980,170.4,192.2,1429,1168
4/8/1980,193.8,199.7,1421,1195
4/9/1980,221.9,235.4,1444,1191
4/10/1980,259,383.7,1502,1178
4/11/1980,438,529,1585,1150
4/12/1980,1470,1129,1886,1138
4/13/1980,1657,1684,2728,1183
4/14/1980,1548,2051,3877,1279
4/15/1980,1393,2270,4707,1374
4/16/1980,1245,2355,5044,1462
4/17/1980,1118,2333,5070,1579
4/18/1980,1052,2241,4894,1681
4/19/1980,1199,2106,4607,1721
4/20/1980,1315,2128,4266,1761
4/21/1980,1203,2070,3921,1788
4/22/1980,1087,1965,3603,1774
4/23/1980,1043,1889,3403,1753
4/24/1980,1057,1813,3311,1764
4/25/1980,1175,1738,3235,1848
4/26/1980,1673,1661,3114,2024
4/27/1980,1697,1625,2984,2137
4/28/1980,1639,1624,2890,2211
4/29/1980,1607,1722,2850,2271
4/30/1980,1610,1872,3018,2413
5/1/1980,1622,1997,3625,2659
5/2/1980,1718,2069,3975,3007
5/3/1980,1807,2114,4264,3910
5/4/1980,2040,2141,4964,4492
5/5/1980,2248,2189,5720,4931
5/6/1980,2330,2275,7278,5181
5/7/1980,2312,2370,11460,5330
5/8/1980,2388,2403,15889,5340
5/9/1980,2339,2412,16128,5302
5/10/1980,2254,2509,14779,5276
5/11/1980,2114,2493,13277,5156
5/12/1980,1954,2467,11948,4820
5/13/1980,1806,2537,11316,4534
5/14/1980,1678,2658,10842,4244
5/15/1980,1604,2910,10129,4065
5/16/1980,1595,3211,9622,4050
5/17/1980,1686,3465,9210,4383
5/18/1980,1673,3555,9011,4822
5/19/1980,1658,3592,9052,5522
5/20/1980,1688,3549,9602,6087
5/21/1980,1686,3492,10044,7175
5/22/1980,1707,3454,10175,7094
5/23/1980,1719,3602,10112,6727
5/24/1980,1740,3570,9885,6300
5/25/1980,1781,3448,9753,5811
5/26/1980,1869,3328,9711,5298
5/27/1980,1996,3380,9822,4856
5/28/1980,2202,3913,10184,4576
5/29/1980,2598,3966,11280,4503
5/30/1980,2929,3794,11385,4714
5/31/1980,3065,3584,11255,8869
6/1/1980,3114,3386,11196,10705
6/2/1980,3112,3258,10683,10611
6/3/1980,3129,3200,10116,9697
6/4/1980,3181,4389,9637,10554
6/5/1980,3355,5047,9342,13051
6/6/1980,3683,6536,9230,13927
6/7/1980,4050,6760,9281,12492
6/8/1980,4381,5975,9476,10788
6/9/1980,4740,5161,9723,9469
6/10/1980,5163,4533,10049,8681
6/11/1980,5840,4235,10446,8535
6/12/1980,6656,4124,10803,8572
6/13/1980,8181,4086,10832,8614
6/14/1980,7978,4129,10654,8788
6/15/1980,7342,4336,10429,9080
6/16/1980,6704,4616,12422,9202
6/17/1980,6328,5062,12594,10036
6/18/1980,6390,5720,13566,11864
6/19/1980,7223,6653,13027,12773
6/20/1980,7973,7538,12367,13185
6/21/1980,8820,8742,11854,13520
6/22/1980,17400,12217,11967,13780
6/23/1980,18894,14280,11701,13862
6/24/1980,17763,16377,11149,13939
6/25/1980,16073,16053,11027,13845
6/26/1980,14450,15266,10701,13908
6/27/1980,13160,14261,10457,13561
6/28/1980,12228,13386,10340,13094
6/29/1980,11634,12677,10314,12625
6/30/1980,11305,12114,10308,12248
7/1/1980,11180,11749,10356,11992
7/2/1980,11292,11582,10430,11844
7/3/1980,11327,11691,10473,11822
7/4/1980,11411,11814,10545,11854
7/5/1980,11493,12067,10512,12023
7/6/1980,11665,12286,10489,12143
7/7/1980,12164,12432,13790,12326
7/8/1980,11985,12485,14394,12556
7/9/1980,11601,12456,13572,12868
7/10/1980,11173,12372,12587,12980
7/11/1980,10824,12193,11815,12901
7/12/1980,10507,12011,11317,12931
7/13/1980,10188,11753,10988,13003
7/14/1980,10118,11430,10711,12540
7/15/1980,9832,11117,10537,12013
7/16/1980,11159,10819,10347,11435
7/17/1980,11001,10534,10204,10940
7/18/1980,10390,10230,9829,10695
7/19/1980,9842,9930,9518,10329
7/20/1980,9460,9683,9273,9904
7/21/1980,9311,9547,9073,9621
7/22/1980,9408,9451,9022,9561
7/23/1980,9606,9845,9178,9394
7/24/1980,9542,9791,9467,9277
7/25/1980,9370,9606,9640,9347
7/26/1980,9213,9588,9674,9299
7/27/1980,8915,9284,9601,9196
7/28/1980,8658,8973,9245,9090
7/29/1980,8473,8753,8858,8974
7/30/1980,8314,8655,8548,8874
7/31/1980,8908,8614,8297,8859
8/1/1980,10656,8744,8237,8804
8/2/1980,10490,9167,8250,8718
8/3/1980,9960,9208,8334,8724
8/4/1980,9544,9191,8449,8829
8/5/1980,9471,9219,8609,8954
8/6/1980,9336,9277,8760,9083
8/7/1980,8984,9286,8864,9133
8/8/1980,8558,9161,8813,9028
8/9/1980,8121,8946,8673,9393
8/10/1980,7720,8697,8516,9047
8/11/1980,7416,8449,8386,8494
8/12/1980,7258,8255,8266,8036
8/13/1980,7108,8181,8050,7778
8/14/1980,7005,8158,7809,7586
8/15/1980,7245,8048,7515,7424
8/16/1980,7040,7865,7157,7293
8/17/1980,6475,7638,6737,7197
8/18/1980,5923,7386,6317,7061
8/19/1980,5535,7141,6035,6911
8/20/1980,5395,6997,5920,6869
8/21/1980,5469,6939,5848,6919
8/22/1980,5746,6982,5949,7140
8/23/1980,6098,7160,6119,7480
8/24/1980,6334,7384,6271,7917
8/25/1980,6681,7568,6322,8397
8/26/1980,6703,7760,6465,9091
8/27/1980,6630,7989,6988,8883
8/28/1980,6521,8353,7170,9639
8/29/1980,6406,8622,6982,9626
8/30/1980,6243,8277,6661,8764
8/31/1980,5985,7722,6277,7754
9/1/1980,5638,7118,5799,6836
9/2/1980,5260,6429,5218,6071
9/3/1980,4909,5768,4684,5463
9/4/1980,4623,5204,4430,4910
9/5/1980,4535,4776,3953,4407
9/6/1980,4599,4562,3531,4079
9/7/1980,4485,4434,3232,3908
9/8/1980,4366,4137,3008,3661
9/9/1980,4256,3812,2858,3404
9/10/1980,4065,3505,2749,3134
9/11/1980,3845,3225,2714,2875
9/12/1980,3696,3089,2813,2759
9/13/1980,3586,3075,2985,2784
9/14/1980,3414,3213,3206,2935
9/15/1980,3339,3492,3534,3287
9/16/1980,3469,3918,3969,3667
9/17/1980,3540,6935,4482,4120
9/18/1980,3515,7214,5019,4638
9/19/1980,3326,6974,5477,5066
9/20/1980,3187,6572,9935,5382
9/21/1980,3144,6286,11325,5487
9/22/1980,3114,6132,10799,5505
9/23/1980,2934,6037,10293,5463
9/24/1980,2746,5927,8964,5423
9/25/1980,2755,5826,7699,5313
9/26/1980,2963,5567,6734,5233
9/27/1980,2769,5154,6052,5027
9/28/1980,2511,4750,5552,6369
9/29/1980,2246,4397,5114,5979
9/30/1980,2017,4069,4675,5158
10/1/1980,1841,3722,4251,4411
10/2/1980,1721,3367,3888,3741
10/3/1980,1653,3755,3572,3233
10/4/1980,1625,3476,4855,3089
10/5/1980,1640,3036,4861,3095
10/6/1980,1666,2574,5249,2885
10/7/1980,1683,2184,4516,2609
10/8/1980,1712,1892,3624,2387
10/9/1980,1751,1667,2870,2215
10/10/1980,1647,1613,2312,2082
10/11/1980,1499,1564,1915,1976
10/12/1980,1357,1526,1625,2206
10/13/1980,1251,1389,1441,4783
10/14/1980,1159,1258,1351,4763
10/15/1980,1113,1171,1295,3992
10/16/1980,1090,1141,1362,3560
10/17/1980,1141,1321,1375,3556
10/18/1980,1099,1432,1416,3079
10/19/1980,1026,1363,1301,2475
10/20/1980,958.5,1283,1180,1974
10/21/1980,918.5,1248,1117,1652
10/22/1980,1034,1279,1312,1484
10/23/1980,1119,1262,1452,1418
10/24/1980,1043,1214,1855,1404
10/25/1980,936.8,1152,1762,1466
10/26/1980,838.7,1087,1532,1550
10/27/1980,773.3,1025,1344,1573
10/28/1980,752.8,980.3,1232,1574
10/29/1980,703.2,934,1197,1543
10/30/1980,654.1,889.5,1288,1474
10/31/1980,613.4,848.4,1185,1384
11/1/1980,581.6,811.3,1047,1291
11/2/1980,557.2,778.4,938.1,1220
11/3/1980,538.4,802.9,863.1,1261
11/4/1980,523.2,782.1,851.9,1483
11/5/1980,510.5,747.2,787.2,1390
11/6/1980,499.7,714.1,715.1,1225
11/7/1980,490.4,686.5,650.9,1071
11/8/1980,482.3,664.5,597.1,947
11/9/1980,475.1,647,553.2,851.8
11/10/1980,468.4,632.8,517.5,779.8
11/11/1980,462.3,620.8,488.5,725
11/12/1980,456.7,610.4,464.6,682.7
11/13/1980,452.4,601.3,444.9,649.3
11/14/1980,449.8,593.1,428.5,622.6
11/15/1980,445.2,585.6,415.1,600.7
11/16/1980,440.6,578.6,404.3,582.6
11/17/1980,577.9,572,395.7,567.6
11/18/1980,578.2,565.8,425.7,555.1
11/19/1980,542.4,560.1,772.9,581.2
11/20/1980,504.9,554.6,1095,696.9
11/21/1980,474.8,549.8,1068,903.1
11/22/1980,452.6,544.6,1103,1018
11/23/1980,436.5,539.3,976.3,998.9
11/24/1980,424.6,534.2,829.8,935.6
11/25/1980,415.4,529.4,706.7,863.4
11/26/1980,408.1,524.3,612.6,795.2
11/27/1980,402,519.5,542.8,734.7
11/28/1980,396.7,514.7,491.2,682.3
11/29/1980,391.9,509.7,452.4,637.6
11/30/1980,387.5,504.8,422.7,599.7
12/1/1980,383.4,500,399.5,567.5
12/2/1980,379.5,495.2,381,540.8
12/3/1980,375.7,490.6,366,517.9
12/4/1980,372.2,486.1,354,498.9
12/5/1980,369.6,481.7,344.2,482.7
12/6/1980,366.4,477.5,335.9,468.9
12/7/1980,363,473.4,328.8,457.2
12/8/1980,359.7,469.4,322.7,446.9
12/9/1980,356.5,465.3,317.7,437.8
12/10/1980,353.4,461.3,312.9,429.8
12/11/1980,350.4,457.6,308.4,422.6
12/12/1980,347.4,454.9,304.3,416.2
12/13/1980,344.7,455.8,300.6,410.3
12/14/1980,342.5,529.3,297.1,404.9
12/15/1980,340,525.1,293.9,400
12/16/1980,337.2,501.6,290.9,395.6
12/17/1980,334.3,478.5,288.1,408.6
12/18/1980,331.5,461.1,285.6,404.7
12/19/1980,328.8,448.3,283.3,399.4
12/20/1980,326.1,438.7,281.3,391.5
12/21/1980,323.6,431.2,279.2,383.9
12/22/1980,321.2,425.6,277.1,377.4
12/23/1980,318.7,421.3,275,371.9
12/24/1980,316.1,417.1,273.4,367.3
12/25/1980,313.6,413.2,272.5,363.1
12/26/1980,311.1,409.2,270.3,359.4
12/27/1980,308.6,405.6,267.8,355.9
12/28/1980,306.2,402.5,265.2,352.6
12/29/1980,303.8,398.9,262.6,349.4
12/30/1980,301.5,395.1,260.3,346.3
12/31/1980,299.3,391.4,258.4,343.3
1/1/1981,297,388.7,256.4,340.3
1/2/1981,294.8,385.9,254.3,337.4
1/3/1981,292.6,382.7,252.1,334.5
1/4/1981,290.4,379.3,250,331.7
1/5/1981,288.2,376,247.9,590.3
1/6/1981,286.1,372.8,245.9,589.5
1/7/1981,283.9,369.7,244,521.6
1/8/1981,281.9,366.7,242.2,453.2
1/9/1981,279.8,363.7,240.4,401.1
1/10/1981,277.8,360.9,238.6,365.5
1/11/1981,275.7,358.1,236.8,342.3
1/12/1981,273.7,355.3,235,327.3
1/13/1981,271.7,352.6,233.3,317.6
1/14/1981,269.7,349.9,231.6,311
1/15/1981,267.8,347.3,229.9,306.2
1/16/1981,265.8,344.7,228.2,302.5
1/17/1981,263.9,342.1,226.6,299.4
1/18/1981,262,339.6,225.5,297
1/19/1981,260.1,337.1,223.9,294.6
1/20/1981,258.3,334.6,222.1,292.3
1/21/1981,256.6,332.2,220.4,290
1/22/1981,254.8,329.8,218.7,287.7
1/23/1981,252.9,327.4,217.1,285.4
1/24/1981,251.1,325,215.5,283.1
1/25/1981,249.4,322.6,213.9,280.9
1/26/1981,248,320.3,212.4,278.7
1/27/1981,246.2,318,211,276.6
1/28/1981,244.4,315.7,209.6,274.4
1/29/1981,242.6,313.5,208.1,272.3
1/30/1981,240.8,311.2,206.6,270.3
1/31/1981,239.1,309,205.1,268.2
2/1/1981,237.3,306.8,203.6,266.2
2/2/1981,235.6,304.7,202.2,264.2
2/3/1981,233.9,302.5,200.7,262.2
2/4/1981,232.3,300.4,199.3,260.3
2/5/1981,230.6,298.2,198,258.4
2/6/1981,229,296.1,196.7,256.4
2/7/1981,227.4,294,195.8,254.6
2/8/1981,225.8,292,194.6,252.7
2/9/1981,224.2,290,193.3,251.6
2/10/1981,222.7,287.9,191.9,251.4
2/11/1981,221.1,285.9,190.5,249.9
2/12/1981,219.6,345.4,189.1,247.6
2/13/1981,218.1,347.5,187.8,296.2
2/14/1981,216.6,333.6,186.5,337.5
2/15/1981,215.1,318.2,185.1,357
2/16/1981,213.7,305.3,183.7,356.8
2/17/1981,212.2,295.4,182.4,347.3
2/18/1981,210.7,287.8,181.1,333.9
2/19/1981,209.3,282,179.8,319.3
2/20/1981,207.8,277.3,178.5,304.9
2/21/1981,206.4,273.4,177.3,291.5
2/22/1981,206.8,270.1,176.2,279.5
2/23/1981,298.9,267.1,175.3,268.9
2/24/1981,298.9,264.5,174.6,259.5
2/25/1981,355.8,262.1,174.5,251.4
2/26/1981,344.7,259.8,173.6,352.4
2/27/1981,317.3,257.5,195.2,363.9
2/28/1981,290.3,255.5,286.9,346.8
3/1/1981,268,253.5,528.9,323.8
3/2/1981,250.6,251.6,869.4,302.2
3/3/1981,237.5,250.2,863.9,283.9
3/4/1981,227.2,248.9,779.7,269
3/5/1981,218.9,247.6,2557,256.8
3/6/1981,212.2,246.4,3144,246.7
3/7/1981,206.5,245.2,2867,238.4
3/8/1981,201.4,254.4,2419,231.5
3/9/1981,197.1,258.1,2001,225.7
3/10/1981,193.3,258.3,1662,221
3/11/1981,190.2,256.3,1400,241.4
3/12/1981,187.5,253,1196,265.2
3/13/1981,184.9,249.3,1037,272.2
3/14/1981,182.6,245.4,1079,270.3
3/15/1981,180.6,241.6,1024,263.8
3/16/1981,179.1,238,955.6,728.1
3/17/1981,177.6,234.6,881.8,746.5
3/18/1981,176.6,231.5,809.3,670.9
3/19/1981,175.8,228.7,741.3,584.4
3/20/1981,186.6,226.1,679.6,518.4
3/21/1981,191.3,224.1,625.2,465.1
3/22/1981,191.8,222,577.1,423.5
3/23/1981,190.1,219.8,535,391.3
3/24/1981,187.3,217.8,498.6,365.7
3/25/1981,206.6,216.1,467.3,344.9
3/26/1981,230.4,215.3,447.6,327.7
3/27/1981,243.3,215.6,449,313.8
3/28/1981,249.3,394.1,453.2,926.9
3/29/1981,252.5,571.4,479.6,1431
3/30/1981,247.6,587,531.4,1572
3/31/1981,237.9,549.1,584.5,1515
4/1/1981,226.4,565.6,760.3,1416
4/2/1981,214.8,720.1,1209,1462
4/3/1981,204.2,702.3,1221,1399
4/4/1981,194.7,624.6,1133,1306
4/5/1981,186.6,546.7,1111,1277
4/6/1981,179.6,484,1118,1239
4/7/1981,173.8,453.3,1046,1195
4/8/1981,289.2,498.2,942.9,1417
4/9/1981,342.1,644.6,842.8,1940
4/10/1981,371.2,766.6,765.5,2146
4/11/1981,384.9,848.2,716.1,2250
4/12/1981,394.7,911.5,667.1,2209
4/13/1981,529.6,1089,621,2098
4/14/1981,557.8,1232,579.5,2136
4/15/1981,585.7,1196,548.1,2195
4/16/1981,511.5,1131,544.3,2332
4/17/1981,426.1,1190,792.4,2465
4/18/1981,418.2,1433,1108,2599
4/19/1981,426,1795,1269,2697
4/20/1981,380.4,2075,1246,2659
4/21/1981,328.5,2087,1169,2530
4/22/1981,283.7,2007,1068,2396
4/23/1981,277.9,2182,975.7,2312
4/24/1981,317.8,2450,927.2,2334
4/25/1981,372.7,2595,972.2,2436
4/26/1981,437.4,2736,1226,2682
4/27/1981,595.3,2902,1425,2680
4/28/1981,860.9,2993,1620,2601
4/29/1981,1298,3032,1804,2496
4/30/1981,1748,3109,1990,2385
5/1/1981,1909,3261,2238,2287
5/2/1981,1949,3497,2652,2230
5/3/1981,2113,3855,3041,2285
5/4/1981,2224,4169,3500,2561
5/5/1981,2309,4679,4018,3228
5/6/1981,2396,5534,4297,3615
5/7/1981,2513,6738,4083,3741
5/8/1981,2633,7546,3812,3749
5/9/1981,2726,7794,3562,3662
5/10/1981,2880,8544,3486,3635
5/11/1981,2948,8305,3507,3762
5/12/1981,2939,7937,3932,3887
5/13/1981,2861,7384,5681,3990
5/14/1981,2730,6804,9794,3992
5/15/1981,2578,6313,11276,3978
5/16/1981,2490,5980,10258,4045
5/17/1981,2653,5678,8781,3974
5/18/1981,2729,5380,7473,3877
5/19/1981,2785,5092,6471,3754
5/20/1981,2766,4927,5823,5666
5/21/1981,2745,4876,5382,5533
5/22/1981,2757,5107,5810,4869
5/23/1981,2994,5608,5770,4490
5/24/1981,3642,6258,5671,3989
5/25/1981,4696,7027,5855,3628
5/26/1981,5008,7731,6152,3482
5/27/1981,4933,8407,6388,3523
5/28/1981,4899,8929,6736,3672
5/29/1981,4673,9176,8059,3855
5/30/1981,4366,9209,10866,3947
5/31/1981,4067,9165,11777,3967
6/1/1981,3771,9249,11397,3975
6/2/1981,3481,9399,10553,3984
6/3/1981,3298,9639,9494,4048
6/4/1981,3419,9713,8307,4352
6/5/1981,3975,10061,7303,4721
6/6/1981,3975,10381,6553,5744
6/7/1981,3868,11466,5968,6131
6/8/1981,3670,11269,5502,6185
6/9/1981,3384,10833,5145,6064
6/10/1981,3135,10336,4929,5941
6/11/1981,2968,9928,4799,5827
6/12/1981,2916,9703,4879,5741
6/13/1981,2990,9608,5066,5695
6/14/1981,3127,9648,5327,5766
6/15/1981,3377,10635,5626,5921
6/16/1981,3623,10455,5964,6024
6/17/1981,3957,9987,6337,6319
6/18/1981,4364,9557,6604,6903
6/19/1981,4788,9285,6794,9037
6/20/1981,5190,10665,7039,8626
6/21/1981,5560,10791,7248,7609
6/22/1981,5834,10658,7486,6699
6/23/1981,6218,10549,7851,6180
6/24/1981,6803,10561,8183,6240
6/25/1981,7470,10765,8636,6835
6/26/1981,8384,11051,9167,7796
6/27/1981,9088,11355,9841,8971
6/28/1981,10035,11543,10550,10182
6/29/1981,10791,11702,11322,11208
6/30/1981,11010,11785,11797,11961
7/1/1981,10854,11799,12109,12850
7/2/1981,10585,11786,12355,17844
7/3/1981,10176,11772,12464,19650
7/4/1981,9767,11924,12430,18435
7/5/1981,9445,11790,12379,16610
7/6/1981,9238,11630,12349,15110
7/7/1981,11581,11475,12255,14125
7/8/1981,11882,11450,12192,13718
7/9/1981,11584,11522,12131,13599
7/10/1981,11175,11663,12092,13578
7/11/1981,10963,11884,12169,13842
7/12/1981,12002,12257,12384,14239
7/13/1981,12207,12573,12742,14681
7/14/1981,12117,12758,13145,15133
7/15/1981,12059,12828,13561,15537
7/16/1981,11969,12798,13904,15810
7/17/1981,11825,12629,14143,18374
7/18/1981,11693,12428,14250,19186
7/19/1981,11540,12177,14541,18480
7/20/1981,11350,11936,14923,17554
7/21/1981,11131,11715,15381,16641
7/22/1981,10817,11532,15553,15840
7/23/1981,10466,11248,15951,15037
7/24/1981,10105,11025,15688,14304
7/25/1981,9690,10741,15088,13627
7/26/1981,9337,10453,14551,12966
7/27/1981,8956,10132,15575,12469
7/28/1981,8584,9897,14931,12137
7/29/1981,8302,9744,13965,12016
7/30/1981,8123,9785,13075,11933
7/31/1981,9309,9329,12410,11937
8/1/1981,9329,8946,11941,12065
8/2/1981,9074,8788,11842,12198
8/3/1981,8886,8796,11843,12310
8/4/1981,10052,8992,11877,12456
8/5/1981,10174,9254,11972,12611
8/6/1981,9859,9570,12106,12759
8/7/1981,9503,9961,12292,12869
8/8/1981,9216,10391,12533,13015
8/9/1981,9137,10757,12685,13084
8/10/1981,8945,10846,12616,13057
8/11/1981,8784,10776,12286,13052
8/12/1981,8474,10544,11728,12771
8/13/1981,8082,10197,11038,12331
8/14/1981,7681,9806,10350,11742
8/15/1981,7322,9379,9772,11134
8/16/1981,7078,8989,9377,10612
8/17/1981,6992,8699,9322,10215
8/18/1981,7017,8436,12037,9932
8/19/1981,7084,8284,12565,9801
8/20/1981,7383,8188,11772,9587
8/21/1981,7256,8050,10728,9371
8/22/1981,7103,7876,9845,9228
8/23/1981,6732,7500,9174,9217
8/24/1981,6316,7175,8706,9655
8/25/1981,6009,6983,8366,10810
8/26/1981,5775,6817,8068,10288
8/27/1981,5550,6606,7795,9483
8/28/1981,5332,6348,7511,9077
8/29/1981,5172,6076,7297,8576
8/30/1981,5101,6523,7135,7974
8/31/1981,5026,6380,6983,7478
9/1/1981,4928,5992,6826,7107
9/2/1981,4825,5647,6646,6873
9/3/1981,4588,5063,6492,6769
9/4/1981,4319,4494,6325,6422
9/5/1981,4072,4018,6127,6042
9/6/1981,3852,3606,5894,5728
9/7/1981,3645,3282,5638,5488
9/8/1981,3442,3007,5353,5262
9/9/1981,3256,2784,5087,5065
9/10/1981,3092,2617,4884,4894
9/11/1981,2961,2539,4596,4778
9/12/1981,2970,2656,6310,4826
9/13/1981,3132,2931,8812,5027
9/14/1981,3534,3111,15966,5299
9/15/1981,3561,3261,18059,6132
9/16/1981,3416,3368,16449,13252
9/17/1981,3201,3417,13662,12942
9/18/1981,2995,3417,11123,10688
9/19/1981,2820,3382,9155,8454
9/20/1981,2745,3865,7755,6825
9/21/1981,2762,4356,6824,5623
9/22/1981,2807,4538,6236,4767
9/23/1981,2825,4349,6271,4185
9/24/1981,2816,4027,5754,3812
9/25/1981,2777,3597,5154,3534
9/26/1981,2730,3206,4618,3364
9/27/1981,2657,2886,4313,4169
9/28/1981,2547,2798,3938,6242
9/29/1981,2411,2578,3523,6541
9/30/1981,2286,2306,3139,6114
10/1/1981,2161,2063,2809,5191
10/2/1981,2064,1904,2535,4314
10/3/1981,2122,1816,2308,3602
10/4/1981,4437,1769,2195,3190
10/5/1981,4319,1751,2078,2802
10/6/1981,3534,1732,2002,2503
10/7/1981,2750,1710,2090,2291
10/8/1981,2144,1687,2039,2157
10/9/1981,1735,1659,1924,2067
10/10/1981,1476,1623,1803,2086
10/11/1981,1334,1825,1710,2044
10/12/1981,1308,1814,1672,2045
10/13/1981,1625,1770,1688,2211
10/14/1981,1854,1722,1767,2270
10/15/1981,1692,1689,1920,2299
10/16/1981,1448,1663,2061,2381
10/17/1981,1227,1622,2341,2356
10/18/1981,1053,1564,2818,2272
10/19/1981,921.9,1496,2688,2171
10/20/1981,823.7,1421,2424,2059
10/21/1981,754.7,1321,2173,1961
10/22/1981,703.2,1218,1977,1883
10/23/1981,683.4,1162,2297,1839
10/24/1981,928.9,1144,2319,1823
10/25/1981,1242,1150,2181,1826
10/26/1981,1171,1138,2015,2163
10/27/1981,1007,1146,1854,2147
10/28/1981,849.7,1219,1706,2050
10/29/1981,728.5,1175,1578,1835
10/30/1981,643,1101,1468,1620
10/31/1981,584.6,1066,1375,1440
11/1/1981,603.2,1003,1315,1297
11/2/1981,758.8,989.5,1315,1184
11/3/1981,728.7,1052,1358,1096
11/4/1981,654.1,1139,1421,1026
11/5/1981,584.8,1235,1486,977.3
11/6/1981,532.3,1367,1559,973
11/7/1981,495.7,1494,1640,1103
11/8/1981,470.9,1726,1744,1188
11/9/1981,453.3,1700,2124,1320
11/10/1981,440.5,1551,3033,1391
11/11/1981,430.9,1374,3423,1418
11/12/1981,423.2,1209,3648,1388
11/13/1981,416.7,1071,3338,1353
11/14/1981,411.2,959.5,3010,1467
11/15/1981,406.1,861.2,2953,1566
11/16/1981,401.5,777.3,2626,1472
11/17/1981,397.1,707,2269,1334
11/18/1981,393,648.8,1960,1202
11/19/1981,389,600.8,1709,1090
11/20/1981,385.2,561.3,1512,998.7
11/21/1981,442.9,528.8,2092,929.3
11/22/1981,441.4,554,2254,978.7
11/23/1981,424.2,634.2,2239,1070
11/24/1981,406.4,763.6,2191,1142
11/25/1981,391.8,768.1,2079,1132
11/26/1981,380.7,729.6,1933,1086
11/27/1981,372.3,680.2,1779,1026
11/28/1981,365.7,631.7,1630,964
11/29/1981,360.9,588,1493,904
11/30/1981,356.4,550,1370,849.2
12/1/1981,352.3,517.3,1262,800.3
12/2/1981,348.5,489.6,1169,757.6
12/3/1981,345.1,466,1089,720.7
12/4/1981,341.8,446.2,1020,689.1
12/5/1981,338.5,429.4,963.3,662.1
12/6/1981,335.4,415.2,914.5,639.1
12/7/1981,332.4,403.2,873.3,619.5
12/8/1981,329.5,393.1,838.4,602.8
12/9/1981,326.7,384.5,808.8,588.4
12/10/1981,323.9,377.4,783.6,576
12/11/1981,321.2,371.1,761.9,565.4
12/12/1981,318.6,365.4,743.2,672.8
12/13/1981,316,360.3,726.9,666.1
12/14/1981,313.4,355.8,712.5,629.2
12/15/1981,310.9,351.7,699.5,592.6
12/16/1981,308.4,347.9,687.8,563.9
12/17/1981,306,344.5,677.1,543
12/18/1981,303.5,341.2,667.3,528.1
12/19/1981,301.1,338.1,658.1,517.3
12/20/1981,298.8,335.2,649.6,509
12/21/1981,296.5,332.4,641.4,502.3
12/22/1981,294.2,329.7,633.7,496.6
12/23/1981,291.9,327.1,626.3,491.5
12/24/1981,289.8,324.6,619.2,486.9
12/25/1981,287.6,322.1,612.3,482.4
12/26/1981,285.4,319.7,605.6,478.2
12/27/1981,283.1,317.3,599.2,474.1
12/28/1981,281,314.9,593.5,470.1
12/29/1981,278.8,312.6,587.4,466.2
12/30/1981,276.7,310.3,581.2,462.3
12/31/1981,274.6,308.1,575.7,458.5
1/1/1982,272.5,305.9,570.6,454.7
1/2/1982,270.5,303.6,565,451.1
1/3/1982,268.5,301.5,559.2,447.4
1/4/1982,266.5,299.3,553.5,443.8
1/5/1982,264.5,297.2,548,440.3
1/6/1982,262.5,295,542.6,436.8
1/7/1982,260.6,292.9,537.2,433.3
1/8/1982,258.7,290.9,532,429.9
1/9/1982,256.8,288.8,526.9,426.6
1/10/1982,254.9,286.8,521.9,423.2
1/11/1982,253,284.7,517,420.8
1/12/1982,251.2,282.7,512.2,418
1/13/1982,249.4,280.7,507.5,414.9
1/14/1982,247.6,278.8,502.9,411.7
1/15/1982,245.8,488.1,498.3,408.4
1/16/1982,244,502.5,493.8,405.2
1/17/1982,242.2,462,489.4,402
1/18/1982,240.5,415.2,485,398.8
1/19/1982,238.8,376.1,480.8,395.6
1/20/1982,237.1,346.5,476.5,392.5
1/21/1982,235.4,324.7,472.4,389.5
1/22/1982,233.7,308.5,468.3,386.5
1/23/1982,232,296.3,464.3,383.5
1/24/1982,230.4,286.8,460.3,380.6
1/25/1982,228.7,279.2,456.4,377.7
1/26/1982,227.1,272.9,452.5,374.9
1/27/1982,225.5,267.6,448.7,372.1
1/28/1982,223.9,263.1,444.9,369.3
1/29/1982,222.3,259.2,441.2,366.6
1/30/1982,220.8,255.8,437.6,363.9
1/31/1982,219.2,252.7,434,361.2
2/1/1982,217.7,249.9,430.4,358.6
2/2/1982,216.2,247.4,426.9,356
2/3/1982,214.7,245,423.5,353.4
2/4/1982,213.2,242.8,420.1,350.8
2/5/1982,211.7,240.8,416.7,348.3
2/6/1982,210.2,238.8,413.4,345.7
2/7/1982,208.7,236.9,410,343.3
2/8/1982,207.3,235.1,406.8,340.8
2/9/1982,205.8,233.3,403.5,338.3
2/10/1982,204.4,231.6,400.3,335.9
2/11/1982,203,230,397.2,333.5
2/12/1982,201.6,228.3,394,331.1
2/13/1982,200.2,226.7,391,328.8
2/14/1982,198.8,225.1,387.9,326.4
2/15/1982,197.5,223.6,384.9,324.1
2/16/1982,196.1,222,381.9,321.8
2/17/1982,194.8,220.5,379,319.5
2/18/1982,193.4,219,376.1,317.3
2/19/1982,192.1,217.5,373.2,315.1
2/20/1982,190.7,216,370.4,312.8
2/21/1982,189.4,214.5,367.6,310.6
2/22/1982,188.1,213.1,364.8,308.5
2/23/1982,186.8,211.6,362,306.3
2/24/1982,185.6,210.2,359.3,304.2
2/25/1982,184.3,208.8,356.6,302
2/26/1982,183.2,207.4,353.9,299.9
2/27/1982,182.3,206,351.3,297.8
2/28/1982,181.2,204.6,348.7,295.8
3/1/1982,180.4,203.2,346.1,293.7
3/2/1982,179.1,201.8,343.5,291.7
3/3/1982,177.6,200.5,341,289.6
3/4/1982,176.2,199.1,338.5,287.6
3/5/1982,174.8,197.8,336,286.5
3/6/1982,173.5,196.4,352.4,316.6
3/7/1982,172.2,195.1,351,409.4
3/8/1982,171,193.8,344.8,510.9
3/9/1982,169.8,192.5,338.2,575.1
3/10/1982,168.7,191.2,332.4,590.6
3/11/1982,167.5,190.7,327.6,577.7
3/12/1982,166.4,189.6,324.1,550.6
3/13/1982,165.3,188.3,320.9,519.8
3/14/1982,164.3,188,318.2,532.1
3/15/1982,163.4,188.1,316,560.4
3/16/1982,162.6,187.4,313.3,588.7
3/17/1982,161.9,186.7,310.6,583
3/18/1982,161.1,185.9,307.9,569.3
3/19/1982,160.1,252.5,305.3,565.3
3/20/1982,159.4,323.7,303.3,633.5
3/21/1982,159,323.1,302.1,645.4
3/22/1982,157.7,301.8,299.7,625.4
3/23/1982,156.2,294.9,297.1,589.2
3/24/1982,154.8,314.2,294.6,546.5
3/25/1982,153.4,325.3,292.1,503.7
3/26/1982,152.2,312,289.8,478.9
3/27/1982,151.5,291.8,287.5,488.9
3/28/1982,151.1,272,285.4,523.5
3/29/1982,151.3,262.1,283.7,529.2
3/30/1982,180.1,266.2,297.3,526.6
3/31/1982,440.5,295.8,342.1,552
4/1/1982,533.6,447.3,406.1,630.9
4/2/1982,539.7,878.5,467.7,740.8
4/3/1982,507.8,2525,624.3,877.2
4/4/1982,462.3,3539,1203,1194
4/5/1982,415.6,3778,1534,1283
4/6/1982,372.7,3646,1756,1306
4/7/1982,338.1,3415,1898,1342
4/8/1982,311.7,3166,2121,1361
4/9/1982,298,2903,2297,1347
4/10/1982,302.4,2772,2380,1362
4/11/1982,320.8,2510,2454,1383
4/12/1982,376.6,2227,2428,1396
4/13/1982,443.7,1964,2295,1381
4/14/1982,503,1730,2118,1339
4/15/1982,535.3,1527,1931,1280
4/16/1982,575.4,1403,1757,1237
4/17/1982,732.3,1263,1593,1225
4/18/1982,874,1159,1449,1242
4/19/1982,928.5,1143,1337,1243
4/20/1982,1077,1207,1465,1260
4/21/1982,1318,1414,1808,1326
4/22/1982,1530,1898,1991,1448
4/23/1982,1686,1985,2123,1607
4/24/1982,1751,1941,2197,1711
4/25/1982,1757,1854,2255,1756
4/26/1982,1717,1760,2264,1753
4/27/1982,1650,1672,2274,1736
4/28/1982,1575,1602,2284,1746
4/29/1982,1512,1550,2304,1804
4/30/1982,1503,1581,2377,1921
5/1/1982,1538,1701,2530,2174
5/2/1982,1589,1787,2795,2705
5/3/1982,1692,1898,4108,3055
5/4/1982,1830,2022,7108,3364
5/5/1982,2057,2231,7243,3720
5/6/1982,2215,2668,6491,4078
5/7/1982,2339,2919,5698,4242
5/8/1982,2481,3049,5006,4310
5/9/1982,2470,3147,4553,4310
5/10/1982,2374,3223,4149,4263
5/11/1982,2222,3305,3756,4216
5/12/1982,2048,3409,3421,4362
5/13/1982,1890,3444,3130,4196
5/14/1982,1983,3379,2867,4070
5/15/1982,1877,3257,2644,3907
5/16/1982,1675,3119,2471,3889
5/17/1982,1528,3133,2389,4042
5/18/1982,1495,3284,2402,4415
5/19/1982,1566,3573,2454,4799
5/20/1982,1723,4068,2601,5145
5/21/1982,1937,5306,2783,5610
5/22/1982,2250,5301,2923,6163
5/23/1982,2637,5008,3497,6735
5/24/1982,4036,4847,3608,7365
5/25/1982,4238,4833,3539,7968
5/26/1982,3945,4813,3474,8191
5/27/1982,3543,4842,3266,8289
5/28/1982,3144,4780,3008,8369
5/29/1982,2860,4673,2744,8210
5/30/1982,2700,4521,2635,7845
5/31/1982,2610,4363,2484,7479
6/1/1982,2522,4243,2352,7091
6/2/1982,2404,4178,2483,6865
6/3/1982,2295,4176,2427,9758
6/4/1982,2333,4307,2342,10263
6/5/1982,2551,4571,2322,10086
6/6/1982,2859,4940,2459,9824
6/7/1982,3301,5516,2781,9728
6/8/1982,3823,8297,3214,9746
6/9/1982,4452,9284,3603,9978
6/10/1982,5159,9636,3984,10243
6/11/1982,6095,10038,4458,10556
6/12/1982,6861,13065,4796,10800
6/13/1982,7297,13839,5165,11312
6/14/1982,7200,13421,5414,12870
6/15/1982,7128,12365,6715,12744
6/16/1982,6962,11359,6787,12140
6/17/1982,6897,10710,6574,11486
6/18/1982,6718,9801,5969,10917
6/19/1982,6539,8764,5445,10459
6/20/1982,6397,7870,5122,10229
6/21/1982,6306,7167,4959,9982
6/22/1982,6246,6805,4895,9893
6/23/1982,6298,6744,10534,9788
6/24/1982,6579,6591,11537,9721
6/25/1982,6908,6618,10842,9669
6/26/1982,7084,6865,9664,9683
6/27/1982,7171,7219,8620,9768
6/28/1982,7383,7615,7924,9919
6/29/1982,8419,7960,7559,12165
6/30/1982,8457,8518,7492,12410
7/1/1982,8128,9658,7568,11983
7/2/1982,7890,9429,7805,11651
7/3/1982,7700,9133,8145,11244
7/4/1982,7587,8911,8530,10691
7/5/1982,7559,8209,8963,10242
7/6/1982,7624,7557,9471,10027
7/7/1982,7814,7097,10690,10056
7/8/1982,8006,6918,11392,10199
7/9/1982,8098,7040,11857,10385
7/10/1982,8098,7395,12346,10547
7/11/1982,8179,7746,12519,10676
7/12/1982,8158,8139,12639,10956
7/13/1982,8257,8553,12795,17242
7/14/1982,8954,9004,12842,24631
7/15/1982,9237,9548,12850,24075
7/16/1982,9479,10196,13072,22248
7/17/1982,9711,10754,13401,21291
7/18/1982,9737,11102,13502,20016
7/19/1982,9709,11343,13492,17863
7/20/1982,9709,11605,13452,15909
7/21/1982,9784,11707,14277,14485
7/22/1982,9916,11777,14214,13558
7/23/1982,9992,11827,14394,13012
7/24/1982,10016,12068,14429,12746
7/25/1982,10004,12081,14342,12663
7/26/1982,9995,12088,14385,12681
7/27/1982,10044,12042,14472,12696
7/28/1982,10151,11847,14808,13475
7/29/1982,10381,11780,19878,13638
7/30/1982,10701,11863,21593,13617
7/31/1982,11239,11920,21590,13568
8/1/1982,12032,12081,21324,13540
8/2/1982,11952,12038,20872,13598
8/3/1982,11645,12323,20554,13555
8/4/1982,11295,12157,19834,13553
8/5/1982,11017,11815,19166,13493
8/6/1982,11083,11552,19004,13522
8/7/1982,10835,11462,18482,13576
8/8/1982,10523,11389,17804,14025
8/9/1982,10167,11389,17118,13793
8/10/1982,9855,11371,16487,13318
8/11/1982,9617,11335,16064,12913
8/12/1982,12323,11329,15803,12624
8/13/1982,13515,11674,15622,12340
8/14/1982,12776,11860,15818,11975
8/15/1982,11740,11828,15630,11609
8/16/1982,10873,11666,15295,11284
8/17/1982,10215,11381,14865,11000
8/18/1982,9695,10990,14333,10714
8/19/1982,9288,10521,13647,10454
8/20/1982,8990,10043,12926,10231
8/21/1982,8751,10307,12285,10058
8/22/1982,8501,9812,11671,9876
8/23/1982,8185,9120,11068,9660
8/24/1982,7790,8413,10466,9328
8/25/1982,7359,7695,9893,8930
8/26/1982,6904,7077,9339,8385
8/27/1982,6473,6573,8810,7780
8/28/1982,6079,6129,8314,7131
8/29/1982,5725,5737,7866,6517
8/30/1982,5409,5398,7457,5978
8/31/1982,5177,5140,7146,5519
9/1/1982,5066,5005,6983,5212
9/2/1982,5068,4995,6957,5104
9/3/1982,5152,5087,7266,5181
9/4/1982,5289,5251,7356,5381
9/5/1982,5462,5455,7321,5646
9/6/1982,5632,5627,7258,5905
9/7/1982,5724,5692,7189,6261
9/8/1982,6024,5669,7077,6305
9/9/1982,5857,5609,7046,6196
9/10/1982,5525,5494,6968,6032
9/11/1982,5218,5330,6734,5887
9/12/1982,5035,5228,6554,5964
9/13/1982,4959,5266,6597,5767
9/14/1982,6893,5244,6646,5506
9/15/1982,7231,5306,6746,5317
9/16/1982,6633,6002,6790,5222
9/17/1982,5943,6856,6848,5179
9/18/1982,5256,6323,6996,5123
9/19/1982,4599,5427,7816,4944
9/20/1982,4013,4545,7222,4682
9/21/1982,3505,3786,6309,4371
9/22/1982,3074,3174,5449,3944
9/23/1982,2737,2704,4751,3490
9/24/1982,2515,2419,4251,3111
9/25/1982,2475,2290,3922,2853
9/26/1982,2262,2257,3719,2683
9/27/1982,2004,2240,3574,2499
9/28/1982,1760,2196,3351,2331
9/29/1982,1548,2125,3119,2171
9/30/1982,1371,2054,2906,2023
10/1/1982,1228,2013,2761,1883
10/2/1982,1127,1978,2745,1770
10/3/1982,1079,1959,2859,1694
10/4/1982,1083,1928,2795,1644
10/5/1982,1111,2299,2716,1620
10/6/1982,1144,2199,2750,1607
10/7/1982,1153,2038,2827,1592
10/8/1982,1140,1818,2776,1570
10/9/1982,1106,1608,2699,1524
10/10/1982,1058,1435,2635,1460
10/11/1982,1011,1290,2709,1401
10/12/1982,969.7,1154,2638,1405
10/13/1982,940.4,1232,2506,1769
10/14/1982,920.7,1506,2386,1672
10/15/1982,908.1,1374,2306,1463
10/16/1982,896.4,1165,2705,1260
10/17/1982,897.1,981.3,2727,1108
10/18/1982,934.6,860.8,2646,1038
10/19/1982,1043,857.5,2568,1089
10/20/1982,1292,973.7,2605,1283
10/21/1982,1905,1232,2856,1399
10/22/1982,1866,1395,3685,1566
10/23/1982,1645,1568,3753,1960
10/24/1982,1409,1545,3553,1900
10/25/1982,1205,1436,3324,1708
10/26/1982,1042,1300,3048,1500
10/27/1982,914.1,1165,2778,1314
10/28/1982,813.4,1040,2532,1158
10/29/1982,733.7,951.5,2313,1029
10/30/1982,670,888.4,2121,930.9
10/31/1982,618.7,828.9,1955,864.2
11/1/1982,577.1,773.1,1813,1092
11/2/1982,543.1,722.1,1693,1253
11/3/1982,515.2,679.9,1591,1131
11/4/1982,492.3,638.6,1506,996
11/5/1982,473.3,598.4,1434,877.1
11/6/1982,457.3,578.8,1373,787.7
11/7/1982,443.9,545.7,1321,697.7
11/8/1982,432.3,512.3,1278,626.3
11/9/1982,422.4,482.8,1241,574.1
11/10/1982,416.7,457.9,1208,536.9
11/11/1982,413.1,437.4,1181,510.4
11/12/1982,747.2,528.3,1156,543.7
11/13/1982,988.5,635.7,1345,836.5
11/14/1982,954.6,876,1619,1177
11/15/1982,856.4,1036,1769,1550
11/16/1982,758,1233,1798,1517
11/17/1982,676.1,1238,1749,1475
11/18/1982,611.6,1151,1773,1332
11/19/1982,561.4,1042,1686,1171
11/20/1982,521.8,933.2,1572,1029
11/21/1982,490.2,833,1463,911.3
11/22/1982,465.8,744.8,1367,815.9
11/23/1982,448,668.8,1286,739.4
11/24/1982,429.9,604.2,1218,676.5
11/25/1982,413.8,549.6,1161,624.9
11/26/1982,400,503.9,1113,582.6
11/27/1982,390.4,467.1,1073,547.8
11/28/1982,383.4,435.6,1039,519.1
11/29/1982,374.4,409.1,1011,499
11/30/1982,365.8,387.3,986.3,481
12/1/1982,358.3,369.3,965,465.1
12/2/1982,351.7,354.5,946.1,451
12/3/1982,346.1,342.2,929.5,438.7
12/4/1982,341,332,914.7,428
12/5/1982,336.5,323.5,901.5,418.5
12/6/1982,332.3,316.4,889.6,410.2
12/7/1982,328.5,310.3,878.6,402.8
12/8/1982,324.8,305,868.3,396.2
12/9/1982,322.2,300.4,858.7,390.3
12/10/1982,319.3,296.6,849.8,384.9
12/11/1982,316,293.3,841.4,379.9
12/12/1982,312.8,291,833.5,375.3
12/13/1982,309.5,289.3,825.8,371
12/14/1982,306.4,287.7,818.1,367
12/15/1982,303.4,284.9,810.5,363.6
12/16/1982,300.6,281.8,803.1,359.9
12/17/1982,297.8,278.8,795.9,356.3
12/18/1982,295.1,276,788.9,352.7
12/19/1982,292.4,273.3,782,349.3
12/20/1982,289.9,271.1,775.2,346
12/21/1982,287.3,268.7,768.8,342.8
12/22/1982,284.8,266.2,766.9,339.7
12/23/1982,282.4,263.9,764.5,336.7
12/24/1982,279.9,261.7,909.5,333.7
12/25/1982,277.6,259.5,1427,330.8
12/26/1982,275.2,257.4,1409,328
12/27/1982,272.9,255.4,1279,325.2
12/28/1982,270.6,253.4,1147,322.4
12/29/1982,268.3,251.5,1054,319.7
12/30/1982,266.1,249.6,1163,317
12/31/1982,263.9,247.7,1123,314.4
1/1/1983,261.7,245.8,1054,311.8
1/2/1983,259.6,244,990.1,309.2
1/3/1983,257.5,242.2,936.5,306.7
1/4/1983,255.4,240.4,893.8,304.2
1/5/1983,253.3,238.7,859.8,301.7
1/6/1983,251.3,236.9,832.2,299.3
1/7/1983,249.8,235.2,809.4,296.9
1/8/1983,247.8,233.5,790.3,294.5
1/9/1983,245.7,231.8,773.7,292.2
1/10/1983,243.7,230.2,759.2,290
1/11/1983,241.7,228.5,746.2,288.2
1/12/1983,239.7,226.9,734.7,286.7
1/13/1983,237.8,225.3,724.2,318.2
1/14/1983,236,223.7,714.6,365
1/15/1983,234.1,222.1,705.6,374.8
1/16/1983,232.3,220.5,697.3,369.6
1/17/1983,230.5,218.9,689.4,358.6
1/18/1983,228.8,217.4,682,345.9
1/19/1983,227,215.8,674.9,333.2
1/20/1983,226.2,214.3,668.1,321.3
1/21/1983,224.8,213.4,661.7,310.6
1/22/1983,222.9,212.2,761.6,333.2
1/23/1983,220.9,210.6,773,325.9
1/24/1983,219,209.2,760.3,311.4
1/25/1983,217.2,208.1,740.9,297.3
1/26/1983,215.5,207,721,285.6
1/27/1983,213.8,205.8,702.3,276.3
1/28/1983,212.2,204.2,685.2,269
1/29/1983,210.6,202.3,669.9,263.2
1/30/1983,209,200.5,656.4,258.3
1/31/1983,207.5,198.8,644.4,254.3
2/1/1983,205.9,197.3,633.6,250.8
2/2/1983,204.4,195.8,623.9,247.7
2/3/1983,202.9,194.4,615.1,244.9
2/4/1983,201.4,193,607,242.3
2/5/1983,200,191.6,599.5,240
2/6/1983,198.6,190.3,592.6,237.8
2/7/1983,197.2,189,586.1,235.7
2/8/1983,196.4,187.7,580,233.8
2/9/1983,196.2,186.4,574.4,232
2/10/1983,194.8,185.8,994.6,312.5
2/11/1983,193,184.7,1026,464.4
2/12/1983,191.1,183.5,967.8,490.5
2/13/1983,189.4,182.2,893.8,480.7
2/14/1983,187.8,181.9,827.8,457.2
2/15/1983,186.3,273.8,774.5,429.6
2/16/1983,184.9,276.9,732.5,402.1
2/17/1983,183.5,256,699.1,376.5
2/18/1983,182.2,233.4,672.2,353.5
2/19/1983,180.9,215.2,650,333.1
2/20/1983,179.6,201.9,631.3,315.4
2/21/1983,178.3,192.3,615.4,300.2
2/22/1983,177.1,185.5,601.6,287.1
2/23/1983,175.8,180.4,589.5,275.9
2/24/1983,174.7,176.5,578.9,266.3
2/25/1983,173.5,173.4,569.3,258.1
2/26/1983,172.3,171,560.9,251.2
2/27/1983,171.4,169.2,553.3,245.6
2/28/1983,170.5,167.5,546.4,240.9
3/1/1983,169.2,166,540,236.3
3/2/1983,167.8,164.3,533.7,232.8
3/3/1983,166.6,162.5,527.6,229.2
3/4/1983,165.3,160.9,522,225.9
3/5/1983,164.1,159.4,516.7,222.7
3/6/1983,163,158.6,511.8,219.8
3/7/1983,162.3,158.6,508.2,217.2
3/8/1983,162.3,158.8,505.2,215.3
3/9/1983,161.8,158.8,682.6,298.2
3/10/1983,160.9,241.5,814.1,409.3
3/11/1983,159.7,281.7,837.8,509.9
3/12/1983,158.3,287.2,825.3,525.7
3/13/1983,156.9,278.1,796.9,513.7
3/14/1983,155.6,263.8,793.7,488.9
3/15/1983,154.5,258,1057,464.2
3/16/1983,153.9,284.9,1163,435.8
3/17/1983,152.6,329.9,1181,407
3/18/1983,151.2,341.3,1149,379.5
3/19/1983,149.9,333.5,1092,354.5
3/20/1983,148.6,316,1024,332.1
3/21/1983,147.4,294.7,955.8,312.6
3/22/1983,146.6,297.2,890.7,296.1
3/23/1983,145.9,411.5,831.3,282
3/24/1983,145.1,436.2,779.1,270
3/25/1983,144,432.2,734.1,259.6
3/26/1983,142.8,412.1,694.5,250.6
3/27/1983,141.6,384.3,660.2,272.8
3/28/1983,140.6,467.6,630.8,524.3
3/29/1983,139.7,618.6,605.8,618.4
3/30/1983,138.8,664.4,584.5,653.2
3/31/1983,138.1,661,845.4,651.8
4/1/1983,137.6,630.3,846.8,624.4
4/2/1983,137.1,586.3,791.1,587.2
4/3/1983,181.5,537.9,735.4,570.7
4/4/1983,1097,526.6,846.1,786.3
4/5/1983,2221,689.3,1444,1164
4/6/1983,2513,1255,2035,1838
4/7/1983,2502,1656,2528,3041
4/8/1983,2370,1854,2794,3727
4/9/1983,2209,1961,2871,4123
4/10/1983,2031,1959,2814,4102
4/11/1983,1860,1886,2720,3882
4/12/1983,1696,1781,2561,3594
4/13/1983,1537,1704,2358,3288
4/14/1983,1405,1678,2158,3019
4/15/1983,1308,1689,1995,2857
4/16/1983,1188,1696,1868,2883
4/17/1983,1127,1660,1774,2851
4/18/1983,1265,1621,1779,2842
4/19/1983,1326,1598,1992,3225
4/20/1983,1404,1623,2545,4271
4/21/1983,1412,1665,3314,4410
4/22/1983,1422,1753,4326,4239
4/23/1983,1425,1876,5386,4077
4/24/1983,1408,2005,6245,4075
4/25/1983,1527,2237,6912,4063
4/26/1983,1812,3124,7441,4176
4/27/1983,1921,4174,7737,4317
4/28/1983,1954,4520,7670,4304
4/29/1983,1965,4544,7510,4174
4/30/1983,2038,4463,7397,4131
5/1/1983,2330,4297,7467,4151
5/2/1983,2397,4182,7473,3850
5/3/1983,2383,4095,7858,3564
5/4/1983,2344,4051,8172,3394
5/5/1983,2307,4048,8625,3293
5/6/1983,2334,4269,9095,3296
5/7/1983,2382,4548,9704,3387
5/8/1983,2440,5397,10191,3506
5/9/1983,2502,6694,10418,3612
5/10/1983,2506,7569,10300,3708
5/11/1983,2452,7405,10093,3675
5/12/1983,2431,6993,10075,3581
5/13/1983,2545,6449,10492,3523
5/14/1983,2685,5910,10966,3505
5/15/1983,2872,5491,10996,3597
5/16/1983,3154,5295,10883,3632
5/17/1983,3412,5385,10785,3670
5/18/1983,3615,5320,10727,3696
5/19/1983,3650,5121,10380,4515
5/20/1983,3555,4856,10067,4453
5/21/1983,3389,4641,9704,4310
5/22/1983,3212,4516,9317,6597
5/23/1983,3192,4284,8994,6396
5/24/1983,3352,4119,8800,5633
5/25/1983,3617,4111,8723,4904
5/26/1983,3808,4248,8684,4362
5/27/1983,4132,4569,8719,4066
5/28/1983,5468,5006,8872,4049
5/29/1983,5861,7291,9153,4281
5/30/1983,5373,7927,9519,4688
5/31/1983,4761,7316,9876,4896
6/1/1983,4250,6491,9949,5042
6/2/1983,3861,5807,9836,5028
6/3/1983,3581,5323,9651,5192
6/4/1983,3458,5031,11270,5554
6/5/1983,3374,5058,11067,5963
6/6/1983,3301,5249,10330,6260
6/7/1983,3237,5571,9631,6526
6/8/1983,3182,5886,9041,6837
6/9/1983,3209,6212,8418,7071
6/10/1983,3193,6370,7899,7277
6/11/1983,3146,6677,7709,7564
6/12/1983,3272,7141,7833,8098
6/13/1983,4248,7634,8260,8666
6/14/1983,4571,8185,8861,9080
6/15/1983,4451,8498,9363,9286
6/16/1983,4161,8669,9809,9438
6/17/1983,3878,9322,10070,9714
6/18/1983,3657,9268,10350,9911
6/19/1983,3534,9044,10784,10214
6/20/1983,3719,8838,11204,10459
6/21/1983,3897,8715,11528,10789
6/22/1983,4085,8647,12199,13693
6/23/1983,4440,8686,12341,13956
6/24/1983,4810,8887,12222,13613
6/25/1983,5268,9222,12152,15037
6/26/1983,5791,9450,11915,14827
6/27/1983,6339,9712,11752,14372
6/28/1983,6739,9934,11770,14072
6/29/1983,7394,10229,12107,14028
6/30/1983,7974,10518,12595,14057
7/1/1983,8411,10765,13660,14115
7/2/1983,8467,10826,13533,13961
7/3/1983,8572,10740,13140,13654
7/4/1983,8288,10533,12379,13178
7/5/1983,7999,10257,11505,12622
7/6/1983,7760,9920,10668,12097
7/7/1983,7556,9601,9995,11692
7/8/1983,7377,9420,9456,11560
7/9/1983,7227,9173,9072,11590
7/10/1983,7167,8768,8824,11571
7/11/1983,7215,8375,8709,11609
7/12/1983,7365,8106,8744,13311
7/13/1983,7420,7936,8644,13605
7/14/1983,7455,8545,10642,13058
7/15/1983,7554,8832,10825,12432
7/16/1983,7611,8564,10388,11930
7/17/1983,7689,8247,9977,11500
7/18/1983,7906,8939,9837,11254
7/19/1983,8112,8899,9969,11111
7/20/1983,8447,8664,10264,11007
7/21/1983,8888,8553,10423,10919
7/22/1983,9206,8596,10510,10879
7/23/1983,9637,8712,10543,10912
7/24/1983,10048,8723,10742,10992
7/25/1983,10342,8764,10901,11138
7/26/1983,10554,9021,10972,11581
7/27/1983,10717,12669,10999,11484
7/28/1983,10878,13434,11501,11305
7/29/1983,11055,13490,12645,11227
7/30/1983,11281,12997,12726,11253
7/31/1983,11611,12574,12739,12019
8/1/1983,11861,12418,12931,12137
8/2/1983,11908,14452,13330,12095
8/3/1983,11837,14832,13289,12009
8/4/1983,11673,14013,13126,11926
8/5/1983,11431,13157,13847,11800
8/6/1983,11152,12815,14106,11670
8/7/1983,10916,11739,13288,11504
8/8/1983,10518,10662,12373,11375
8/9/1983,10009,9770,11496,11206
8/10/1983,9544,9110,10774,11026
8/11/1983,9136,8594,10426,10826
8/12/1983,8796,9959,10216,10641
8/13/1983,8550,9536,9780,10498
8/14/1983,8401,8817,9401,10330
8/15/1983,8313,8320,9129,10108
8/16/1983,8249,8019,9003,9916
8/17/1983,8233,8973,8962,9785
8/18/1983,8226,8939,9022,9698
8/19/1983,8170,8685,8984,9631
8/20/1983,8096,8588,9017,9553
8/21/1983,8038,8573,9092,9531
8/22/1983,8070,8826,9245,9628
8/23/1983,8122,9529,9502,9757
8/24/1983,8183,10470,9803,9941
8/25/1983,8076,10487,9947,10086
8/26/1983,7861,10226,9997,10621
8/27/1983,7603,9940,10072,15544
8/28/1983,7415,9688,9824,17991
8/29/1983,7359,9489,9546,16398
8/30/1983,7429,9516,9301,14254
8/31/1983,8280,9623,9156,12529
9/1/1983,8381,9739,9054,11279
9/2/1983,8054,9742,8981,10358
9/3/1983,7697,9600,8848,9675
9/4/1983,7431,9444,9249,9154
9/5/1983,7240,9153,9096,8718
9/6/1983,7122,8810,8574,8289
9/7/1983,7049,8483,8032,7889
9/8/1983,6982,8191,7570,7545
9/9/1983,6930,7974,7231,7709
9/10/1983,6911,7883,7652,7828
9/11/1983,6941,7848,7433,7636
9/12/1983,7102,7816,7133,7193
9/13/1983,10018,7780,6891,6837
9/14/1983,9754,7633,6679,6652
9/15/1983,9018,7422,6491,6480
9/16/1983,7852,7178,6346,6322
9/17/1983,6846,6888,6223,6144
9/18/1983,5910,6753,6226,5978
9/19/1983,5164,6460,6164,5906
9/20/1983,4541,6051,5977,5730
9/21/1983,4061,5615,5758,5495
9/22/1983,3658,5273,5542,5230
9/23/1983,3339,4939,5192,4933
9/24/1983,3072,4516,4877,4715
9/25/1983,2862,4133,5763,4521
9/26/1983,2729,3916,5873,4289
9/27/1983,2652,3703,5867,4056
9/28/1983,2608,3538,5325,3885
9/29/1983,2576,3432,4735,3781
9/30/1983,2514,3354,4316,3702
10/1/1983,2428,3259,3874,3595
10/2/1983,2315,3120,3689,3429
10/3/1983,2188,2952,3553,3235
10/4/1983,2072,2774,3413,3044
10/5/1983,1983,2635,3060,2896
10/6/1983,1915,2673,2903,2786
10/7/1983,1860,2527,2921,2682
10/8/1983,1814,2356,2979,2576
10/9/1983,1778,2204,2679,2938
10/10/1983,1737,2075,2353,2916
10/11/1983,1786,1940,2071,2615
10/12/1983,1704,1796,1839,2263
10/13/1983,1576,1687,1654,1946
10/14/1983,1462,1546,1508,1680
10/15/1983,1464,1406,1391,1465
10/16/1983,1375,1280,1296,1301
10/17/1983,1272,1184,1221,1175
10/18/1983,1172,1092,1160,1071
10/19/1983,1084,1013,1109,982.5
10/20/1983,1010,944.6,1065,901.9
10/21/1983,948.6,886.6,1026,830.8
10/22/1983,897.1,838.1,992.8,769.2
10/23/1983,854.3,797.8,963.4,717.3
10/24/1983,823.3,764.8,938.1,682.8
10/25/1983,822.5,751.7,917.5,681.9
10/26/1983,861.6,780.7,996.1,757.8
10/27/1983,844.7,832.8,1415,844.3
10/28/1983,812.5,894.6,1633,873.1
10/29/1983,779.6,963.9,2014,895.6
10/30/1983,764.6,1045,1868,932.1
10/31/1983,739.9,1136,1610,975.6
11/1/1983,715.2,1205,1393,1023
11/2/1983,693.3,1239,1275,1065
11/3/1983,674.6,1243,1261,1241
11/4/1983,658.7,1224,1243,1251
11/5/1983,644.9,1187,1212,1223
11/6/1983,632.7,1162,1163,1224
11/7/1983,621.8,1195,1107,1243
11/8/1983,611.9,1400,1052,1276
11/9/1983,602.9,1327,1000,1316
11/10/1983,594.5,1185,952.3,1271
11/11/1983,586.8,1046,909.4,1187
11/12/1983,579.6,930.4,871.6,1094
11/13/1983,572.8,837.1,838.7,1027
11/14/1983,566.3,763.6,810,1005
11/15/1983,560,705.4,785.2,1236
11/16/1983,553.9,659,763.6,1188
11/17/1983,548.1,621.3,744.8,1051
11/18/1983,542.4,590.5,728.2,923.8
11/19/1983,536.8,564.9,713.5,834.6
11/20/1983,531.3,543.5,700.3,782.6
11/21/1983,526,525.4,688.4,747
11/22/1983,520.8,510,677.5,718.5
11/23/1983,515.7,496.9,667.5,714.4
11/24/1983,510.8,485.8,658.2,703.8
11/25/1983,505.9,477,649.6,674.9
11/26/1983,501.2,468.4,641.5,637.6
11/27/1983,496.5,460.6,633.8,598.3
11/28/1983,491.9,456.5,626.5,560.3
11/29/1983,487.3,450.9,619.6,525.4
11/30/1983,483.3,445.8,613,494.4
12/1/1983,479.3,439.8,606.6,467.4
12/2/1983,475.2,433.9,600.5,444.6
12/3/1983,471,428.3,594.5,444.5
12/4/1983,466.8,422.9,588.7,430.7
12/5/1983,462.5,417.9,583.1,413.5
12/6/1983,458.4,413.1,577.5,457.8
12/7/1983,454.3,408.5,572.2,751.4
12/8/1983,450.2,404.1,566.8,756.7
12/9/1983,446.3,399.9,561.5,682.6
12/10/1983,442.4,395.8,558.3,601.6
12/11/1983,438.5,391.9,554.3,534.1
12/12/1983,434.8,388.3,550.1,482.4
12/13/1983,431.1,384.9,545.3,443.8
12/14/1983,427.4,381.6,540.2,415
12/15/1983,423.8,378.1,535.1,393.5
12/16/1983,420.6,374.7,529.9,377.5
12/17/1983,417.1,371.2,524.8,366
12/18/1983,413.6,367.8,519.8,354.6
12/19/1983,410.1,364.4,514.9,344.5
12/20/1983,406.7,361.1,510.1,335.7
12/21/1983,403.4,357.9,505.5,328.2
12/22/1983,400.1,354.7,501.7,321.8
12/23/1983,397.2,351.6,498.8,316.2
12/24/1983,396,348.5,494.2,311.4
12/25/1983,392.8,345.5,489.4,307.1
12/26/1983,389.1,342.5,485,303.2
12/27/1983,385.5,339.6,481.7,299.8
12/28/1983,382.1,336.7,478.5,296.6
12/29/1983,378.8,333.9,474.2,293.7
12/30/1983,375.7,331.1,469.8,290.9
12/31/1983,375.2,328.4,465.4,288.3
1/1/1984,373.1,325.7,461.2,285.9
1/2/1984,369.6,323,457.2,283.5
1/3/1984,365.9,320.4,453.3,281.3
1/4/1984,362.5,317.8,449.5,279.1
1/5/1984,359.2,315.2,445.8,276.9
1/6/1984,356.2,312.7,442.2,274.8
1/7/1984,353.3,310.3,438.7,272.8
1/8/1984,350.5,307.8,435.2,270.8
1/9/1984,347.8,305.4,431.8,268.8
1/10/1984,345.2,302.9,428.4,266.8
1/11/1984,342.6,300.5,425,264.9
1/12/1984,340,298.2,421.7,263
1/13/1984,337.5,295.8,418.4,261.1
1/14/1984,335,293.5,415.2,584.2
1/15/1984,332.5,291.3,412,582.6
1/16/1984,330,289,408.8,499.6
1/17/1984,327.6,286.8,405.7,416.6
1/18/1984,325.2,284.6,402.6,353.9
1/19/1984,322.8,282.4,399.6,311.5
1/20/1984,320.4,280.3,396.6,284.3
1/21/1984,318.1,278.1,393.6,267.3
1/22/1984,315.8,276,390.6,256.7
1/23/1984,313.5,274,387.7,249.8
1/24/1984,311.2,271.9,384.8,245.2
1/25/1984,309,269.9,382,242
1/26/1984,306.7,267.9,379.1,239.4
1/27/1984,304.5,265.9,376.3,237.2
1/28/1984,302.3,263.9,373.6,235.3
1/29/1984,300.2,261.9,370.8,233.5
1/30/1984,298,260,368.1,231.9
1/31/1984,296,258.1,365.4,230.2
2/1/1984,293.9,256.2,362.7,228.6
2/2/1984,291.8,254.3,360.2,227
2/3/1984,289.7,252.5,357.7,225.4
2/4/1984,287.6,250.6,355.1,223.9
2/5/1984,285.6,248.8,352.5,222.3
2/6/1984,283.5,247,349.9,220.8
2/7/1984,281.5,245.2,347.4,219.3
2/8/1984,279.5,243.4,344.9,217.8
2/9/1984,277.6,241.7,342.4,216.3
2/10/1984,275.6,239.9,339.9,214.8
2/11/1984,273.7,238.2,337.5,213.4
2/12/1984,271.8,236.5,335,211.9
2/13/1984,269.9,234.8,332.7,210.5
2/14/1984,268,233.2,330.6,209
2/15/1984,266.1,231.5,328.8,207.6
2/16/1984,264.3,229.9,327.2,206.2
2/17/1984,262.4,228.2,324.7,205.1
2/18/1984,260.6,226.6,322,203.7
2/19/1984,258.8,225,319.4,202.3
2/20/1984,257,223.4,316.9,200.8
2/21/1984,255.2,221.8,314.5,199.4
2/22/1984,253.4,220.2,312.2,198
2/23/1984,251.7,218.7,310,196.7
2/24/1984,250,217.2,307.8,195.3
2/25/1984,248.2,215.6,305.6,194
2/26/1984,246.5,214.1,303.4,192.7
2/27/1984,244.8,212.7,301.3,191.3
2/28/1984,243.2,211.2,299.2,190
2/29/1984,241.5,209.7,326.5,188.8
3/1/1984,239.9,208.3,434.4,421.8
3/2/1984,238.4,213.6,498.4,441.8
3/3/1984,236.8,217.6,552.4,400.4
3/4/1984,235.2,218.4,1078,350.8
3/5/1984,233.6,217.3,1339,308.8
3/6/1984,232,215.1,1254,276.5
3/7/1984,230.7,212.6,1099,252.6
3/8/1984,229.3,209.9,951.9,234.7
3/9/1984,227.9,207.5,830.6,221.1
3/10/1984,227.1,205.3,736.9,210.5
3/11/1984,226.2,227.2,670.4,202.3
3/12/1984,225.2,242.8,626.1,195.7
3/13/1984,224.3,269.4,587.6,190.6
3/14/1984,223.9,383.6,593.2,187.2
3/15/1984,223.7,495.3,737.7,184.9
3/16/1984,223.1,595.2,1014,183.1
3/17/1984,221.9,725.2,3237,607.6
3/18/1984,220,873.4,3563,646.5
3/19/1984,217.5,1032,3291,585.3
3/20/1984,215,1077,2879,506.4
3/21/1984,212.7,1060,2484,439.7
3/22/1984,212.5,1023,2159,454.8
3/23/1984,214.8,1033,1907,492.9
3/24/1984,260.1,1146,1873,555.3
3/25/1984,275.7,1263,2407,579.4
3/26/1984,279.3,1341,3016,566.7
3/27/1984,275.2,1417,3095,534.4
3/28/1984,269.2,1512,2960,493.4
3/29/1984,291.5,1610,2783,450
3/30/1984,417.2,1602,2615,419.1
3/31/1984,473.8,1504,2508,399.4
4/1/1984,448.1,1366,2421,511.5
4/2/1984,403.2,1216,2297,515.2
4/3/1984,359.9,1070,2131,489.9
4/4/1984,323.4,935.1,1946,454.1
4/5/1984,294.4,814.2,1791,416.4
4/6/1984,271.9,709.5,1722,380.5
4/7/1984,253.6,619.7,1592,370.9
4/8/1984,253.9,551.7,1444,473.3
4/9/1984,249.2,525.3,1451,587.9
4/10/1984,242,563.4,1321,752.9
4/11/1984,255.4,599.5,1176,882.7
4/12/1984,348.8,674.6,1103,1031
4/13/1984,389.1,771.5,1257,1289
4/14/1984,455.7,833.8,1373,1508
4/15/1984,532.5,853.5,1424,1720
4/16/1984,550.4,851.4,1435,1896
4/17/1984,538.6,851.3,1395,1989
4/18/1984,551.7,857.1,1321,2110
4/19/1984,625.8,875.2,1244,2400
4/20/1984,757.8,908.7,1189,2422
4/21/1984,864,955.1,1332,2317
4/22/1984,955.7,1058,1606,2257
4/23/1984,1084,1200,1723,2464
4/24/1984,1246,1322,1774,2650
4/25/1984,1547,1409,1779,2796
4/26/1984,2031,1467,1750,2703
4/27/1984,2070,1480,1697,2543
4/28/1984,1994,1462,1638,2369
4/29/1984,1891,1444,1584,2317
4/30/1984,1808,1500,1536,2189
5/1/1984,1799,1625,1498,2073
5/2/1984,1871,1746,1494,2033
5/3/1984,1940,1859,1680,2121
5/4/1984,2146,2022,1992,2260
5/5/1984,2281,2293,2055,2400
5/6/1984,2283,2572,2073,2448
5/7/1984,2263,3136,2124,2435
5/8/1984,2250,3324,2183,2380
5/9/1984,2207,3389,2337,2325
5/10/1984,2164,3513,2501,2398
5/11/1984,2160,3494,2675,2551
5/12/1984,2112,3387,2823,2736
5/13/1984,1965,3288,2864,2733
5/14/1984,1780,3194,2772,2602
5/15/1984,1619,3151,2714,2454
5/16/1984,1530,3157,2682,2326
5/17/1984,1481,3556,2613,2259
5/18/1984,1457,3728,2529,2199
5/19/1984,1471,3539,2485,2248
5/20/1984,1587,3435,2525,2467
5/21/1984,1844,3498,2675,2693
5/22/1984,2213,4189,2927,3020
5/23/1984,2801,9103,3358,3508
5/24/1984,5939,16577,3950,4193
5/25/1984,6909,21154,4620,5042
5/26/1984,6424,19989,5188,5829
5/27/1984,5979,17637,5948,5982
5/28/1984,5359,15467,6285,6328
5/29/1984,4854,13856,6524,6295
5/30/1984,4517,12794,6781,7876
5/31/1984,4503,12061,7239,11464
6/1/1984,4543,11622,8239,11372
6/2/1984,4627,11518,10051,11181
6/3/1984,4761,11616,10295,10262
6/4/1984,4941,11266,9658,10114
6/5/1984,5110,10901,8877,9570
6/6/1984,5415,10594,8345,8864
6/7/1984,5784,10470,7959,8341
6/8/1984,6090,10476,7928,8181
6/9/1984,6214,10582,8400,8030
6/10/1984,6418,10637,8384,8010
6/11/1984,6586,10741,8273,8080
6/12/1984,6765,10848,8211,8223
6/13/1984,11582,12474,8339,8492
6/14/1984,14670,12675,8499,8853
6/15/1984,14247,12649,8790,9793
6/16/1984,12937,11976,9575,10367
6/17/1984,11601,11215,10378,10787
6/18/1984,10579,10513,10089,11011
6/19/1984,9859,9956,9373,11069
6/20/1984,9447,10377,8679,11066
6/21/1984,9237,9848,8210,11085
6/22/1984,9162,8985,7973,11162
6/23/1984,9184,8207,8071,11305
6/24/1984,9389,7820,8464,12174
6/25/1984,9592,7902,9051,12253
6/26/1984,9917,8474,9845,15453
6/27/1984,10223,9162,10343,15467
6/28/1984,10544,9774,10594,14588
6/29/1984,10639,10263,10892,13698
6/30/1984,10563,10617,11045,13035
7/1/1984,10469,10829,11056,12603
7/2/1984,10411,10926,11079,12333
7/3/1984,10276,13821,11035,12147
7/4/1984,10202,20170,11016,12027
7/5/1984,10060,20595,11351,11831
7/6/1984,9886,19102,12844,11525
7/7/1984,9642,17173,12682,11181
7/8/1984,9311,15490,12207,10871
7/9/1984,9020,14260,11795,10656
7/10/1984,8772,13566,11453,10479
7/11/1984,8614,13111,11352,10405
7/12/1984,8636,13020,11610,10471
7/13/1984,8843,17318,12642,10652
7/14/1984,9181,19096,13050,10922
7/15/1984,9469,18778,13630,11265
7/16/1984,9594,18022,13831,11946
7/17/1984,9714,17150,13766,11902
7/18/1984,9475,16110,13603,11616
7/19/1984,9120,15162,13729,11260
7/20/1984,8752,14310,13387,10934
7/21/1984,8447,13784,13040,10749
7/22/1984,8246,13068,12786,10638
7/23/1984,8153,12377,12646,10543
7/24/1984,9020,11828,12580,10339
7/25/1984,9877,11476,12557,10201
7/26/1984,10054,11304,12573,10095
7/27/1984,9660,11184,12516,10032
7/28/1984,9631,11173,12479,10057
7/29/1984,9296,11165,12484,10082
7/30/1984,8954,11098,12469,9996
7/31/1984,8738,11042,12448,9867
8/1/1984,8726,11040,12871,9773
8/2/1984,8916,11200,12672,9776
8/3/1984,9220,11334,12369,9844
8/4/1984,11440,11441,12120,10009
8/5/1984,13025,11496,11938,10219
8/6/1984,12502,11531,11822,10445
8/7/1984,11611,11614,11754,10675
8/8/1984,10853,12771,11709,10847
8/9/1984,10296,12507,12445,11012
8/10/1984,9949,11924,12197,11128
8/11/1984,9754,11380,11683,11138
8/12/1984,9687,10939,11194,11175
8/13/1984,9660,10421,10779,11310
8/14/1984,9373,9925,10453,11341
8/15/1984,9070,9524,10178,11096
8/16/1984,8896,9177,9967,10818
8/17/1984,9228,9003,9760,10940
8/18/1984,9402,8725,9665,10784
8/19/1984,9414,8530,9689,10602
8/20/1984,9300,8478,9925,10471
8/21/1984,9223,8583,10225,10478
8/22/1984,9156,8807,10581,10340
8/23/1984,9019,9510,10734,10067
8/24/1984,8872,9540,10926,9713
8/25/1984,8741,9094,10964,9368
8/26/1984,8633,8471,10948,9050
8/27/1984,8639,7899,13170,8809
8/28/1984,8664,7503,13277,9149
8/29/1984,8486,7284,12225,9356
8/30/1984,8215,7147,11095,9042
8/31/1984,7814,6942,10121,8321
9/1/1984,7344,6666,9323,7558
9/2/1984,6842,6364,8656,6956
9/3/1984,6325,6005,8054,6193
9/4/1984,5856,5634,7526,5478
9/5/1984,5420,5223,7039,4797
9/6/1984,4968,4730,6548,4169
9/7/1984,4536,4250,6075,3602
9/8/1984,4123,3804,5635,3271
9/9/1984,3793,3442,5259,2890
9/10/1984,3592,3193,4993,2603
9/11/1984,3481,3083,5122,2478
9/12/1984,3463,3322,4977,2315
9/13/1984,3522,3290,4783,2222
9/14/1984,4727,3198,4684,2337
9/15/1984,4765,3117,4690,2688
9/16/1984,4489,3119,4802,2771
9/17/1984,4260,3222,4963,2594
9/18/1984,4135,3363,5122,2416
9/19/1984,3967,3428,5177,2274
9/20/1984,3672,3363,5062,2150
9/21/1984,3277,3199,4784,2024
9/22/1984,2902,2982,4435,1904
9/23/1984,2581,2743,4066,1785
9/24/1984,2297,2505,3721,1672
9/25/1984,2048,2281,3402,1564
9/26/1984,1831,2073,3112,1462
9/27/1984,1645,1868,2820,1367
9/28/1984,1486,1684,2547,1279
9/29/1984,1360,1537,2300,1182
9/30/1984,1277,1435,2085,1117
10/1/1984,1229,1347,1936,1050
10/2/1984,1189,1297,1782,989.6
10/3/1984,1150,1223,1645,934.6
10/4/1984,1091,1171,1529,892.1
10/5/1984,1098,1580,1435,860.7
10/6/1984,1041,1521,1356,834.5
10/7/1984,983.2,1426,1294,805.5
10/8/1984,931.7,1273,1257,791.4
10/9/1984,897.6,1152,1241,794.1
10/10/1984,867.1,1059,1200,897.7
10/11/1984,826.4,997.2,1155,1015
10/12/1984,782.8,960.4,1113,1073
10/13/1984,742.5,941.9,1075,982.7
10/14/1984,706.5,932.9,1041,867.1
10/15/1984,676,948.8,1012,750.9
10/16/1984,654,949.8,986.7,654.5
10/17/1984,647.2,1050,965.2,587.4
10/18/1984,804.7,1163,948,534.3
10/19/1984,1733,1132,939.3,507.2
10/20/1984,1918,1155,1024,534.5
10/21/1984,1740,1171,1237,805.6
10/22/1984,1435,1198,1215,811.9
10/23/1984,1168,1345,1141,754.4
10/24/1984,971.3,2333,1073,829.6
10/25/1984,869.5,4672,1036,849.6
10/26/1984,1175,4764,1037,812.4
10/27/1984,1235,4216,1088,757.9
10/28/1984,1099,3556,1157,739.2
10/29/1984,939.5,2967,1231,702.1
10/30/1984,804.5,2506,1292,649.5
10/31/1984,701.9,2902,1326,595.3
11/1/1984,626.7,2605,1337,691.4
11/2/1984,571.8,2174,1325,769.2
11/3/1984,531.4,1788,1295,899.3
11/4/1984,501,1487,1397,799.2
11/5/1984,477.5,1262,1557,661.8
11/6/1984,458.6,1096,1455,545.4
11/7/1984,443.2,972.4,1298,460.2
11/8/1984,430.3,878.2,1153,417
11/9/1984,419.3,805.1,1066,451.4
11/10/1984,410.1,847.5,1091,570.4
11/11/1984,402.1,847.3,1143,747.5
11/12/1984,395.1,804.3,1098,923.9
11/13/1984,389,753.4,1028,1112
11/14/1984,383.7,706,960.2,1267
11/15/1984,379,664.9,899.5,1283
11/16/1984,374.7,630.2,847.5,1216
11/17/1984,370.6,600.8,805.3,1080
11/18/1984,366.6,575.8,769.5,939.6
11/19/1984,362.6,554.3,740,814.6
11/20/1984,358.8,535.7,713.8,708.9
11/21/1984,355.1,519.6,690.6,622.1
11/22/1984,351.6,505.6,670.2,550.6
11/23/1984,348.3,493.3,652.4,490.4
11/24/1984,345.1,482.5,636.9,440.3
11/25/1984,342.1,473,623.5,399.1
11/26/1984,339.3,464.4,611.4,365.4
11/27/1984,336.4,457,600.7,337.9
11/28/1984,333.6,450.9,591,315.5
11/29/1984,330.7,444.6,582.4,297.3
11/30/1984,327.9,438.4,574.5,282.4
12/1/1984,325.2,432.5,567.2,270.4
12/2/1984,322.5,427,560.5,260.5
12/3/1984,319.9,421.8,554.1,252.3
12/4/1984,317.3,417.4,548.2,245.4
12/5/1984,314.9,413.4,542.5,239.6
12/6/1984,312.4,409.1,537.1,234.7
12/7/1984,310,404.9,532.1,230.5
12/8/1984,307.6,400.9,527.3,226.9
12/9/1984,305.3,397.8,522.7,223.7
12/10/1984,303,632.9,518.1,220.8
12/11/1984,300.6,629.9,513.5,218.2
12/12/1984,298.3,566.6,509.3,215.9
12/13/1984,296,503,505,213.7
12/14/1984,293.7,454.4,500.5,211.7
12/15/1984,291.4,420.7,496.1,209.8
12/16/1984,289.3,398.3,491.8,208
12/17/1984,287.9,383.6,487.6,206.2
12/18/1984,285.7,374.5,483.4,204.6
12/19/1984,283.3,367.5,479.2,203
12/20/1984,281,361.8,475.1,201.4
12/21/1984,278.8,357.1,471,199.8
12/22/1984,276.6,353.1,467,198.3
12/23/1984,274.5,349.5,463.1,196.9
12/24/1984,272.4,346.2,459.3,195.4
12/25/1984,270.4,343,455.5,194
12/26/1984,268.4,340,451.8,192.6
12/27/1984,266.4,337.1,448.2,191.2
12/28/1984,264.5,334.2,444.6,189.8
12/29/1984,262.6,331.4,441,188.4
12/30/1984,260.7,328.7,437.5,187.1
12/31/1984,258.8,326,434.1,185.7
1/1/1985,256.9,323.3,430.6,184.4
1/2/1985,255,320.7,427.3,183.1
1/3/1985,253.2,318.1,423.9,181.8
1/4/1985,251.4,315.5,420.6,180.5
1/5/1985,249.6,313,417.4,179.3
1/6/1985,247.8,310.5,414.2,178
1/7/1985,246,308,411,176.7
1/8/1985,244.3,305.6,407.8,175.5
1/9/1985,242.5,303.2,404.7,174.4
1/10/1985,240.8,300.8,401.6,175.5
1/11/1985,239.1,298.5,398.6,174.4
1/12/1985,237.4,296.2,395.6,173.4
1/13/1985,235.7,293.9,392.6,171.6
1/14/1985,234.1,291.6,389.7,169.7
1/15/1985,232.4,289.4,386.8,168
1/16/1985,230.8,287.2,383.9,166.7
1/17/1985,229.2,285,381,165.3
1/18/1985,227.6,282.8,378.2,164
1/19/1985,226,280.7,375.4,162.8
1/20/1985,224.4,278.5,372.6,161.6
1/21/1985,222.8,276.4,369.9,160.4
1/22/1985,221.3,274.4,367.2,159.3
1/23/1985,219.7,272.3,364.5,158.2
1/24/1985,218.2,270.3,361.8,157.2
1/25/1985,216.7,268.3,359.2,156.1
1/26/1985,215.2,266.3,356.5,155
1/27/1985,213.7,264.3,354,154.5
1/28/1985,212.2,262.3,351.4,153.4
1/29/1985,210.7,260.4,348.9,152.2
1/30/1985,209.3,258.5,346.3,151.1
1/31/1985,207.8,256.6,343.8,149.9
2/1/1985,206.4,254.7,341.4,148.8
2/2/1985,205,252.9,338.9,147.7
2/3/1985,203.6,251,336.5,146.7
2/4/1985,202.2,249.2,334.1,145.7
2/5/1985,200.8,247.4,331.7,144.6
2/6/1985,199.4,245.6,329.4,143.6
2/7/1985,198,243.8,327,142.7
2/8/1985,196.7,242.1,324.7,141.7
2/9/1985,195.3,240.4,322.4,140.7
2/10/1985,194,238.6,320.1,139.7
2/11/1985,192.7,236.9,317.9,138.8
2/12/1985,191.3,235.2,315.7,137.8
2/13/1985,190,233.6,313.4,136.9
2/14/1985,188.7,231.9,311.2,136
2/15/1985,187.5,230.2,309.1,135.2
2/16/1985,186.2,228.6,307,134.4
2/17/1985,184.9,227,304.9,133.4
2/18/1985,183.7,225.4,302.8,132.5
2/19/1985,182.4,223.8,300.7,131.6
2/20/1985,181.2,222.2,298.6,130.7
2/21/1985,179.9,220.7,296.5,129.9
2/22/1985,178.9,219.1,294.4,129
2/23/1985,177.7,217.6,292.4,128.1
2/24/1985,176.6,216.1,290.3,127.2
2/25/1985,175.4,214.6,288.3,126.3
2/26/1985,174.2,213.1,286.3,125.4
2/27/1985,173,211.6,284.3,124.6
2/28/1985,171.9,210.1,282.4,123.8
3/1/1985,171.2,208.7,281,123.5
3/2/1985,170.5,207.2,279.9,123.3
3/3/1985,169.9,205.8,278.8,123
3/4/1985,169.3,204.7,277.9,122.6
3/5/1985,169.3,203.6,280.9,122.1
3/6/1985,169.4,202.5,281,121.5
3/7/1985,168.6,201.7,278.9,121.5
3/8/1985,167.3,200.9,276.2,121.2
3/9/1985,165.9,200,273.4,120.7
3/10/1985,164.3,199,273.5,120.1
3/11/1985,162.9,198,318.3,119.2
3/12/1985,161.8,197.3,335.3,118.4
3/13/1985,160.5,197.3,340.7,118.4
3/14/1985,159.1,196.5,344.5,123.3
3/15/1985,157.7,195.1,337.4,127
3/16/1985,156.3,193.4,326.5,130.1
3/17/1985,154.9,191.6,314.7,129
3/18/1985,153.5,189.7,303.4,126.8
3/19/1985,152.2,187.9,293.5,125.5
3/20/1985,151,186.2,285.1,157.8
3/21/1985,150.3,184.5,310.2,161.8
3/22/1985,149.6,183,338.5,168.9
3/23/1985,148.9,181.7,348.1,160.6
3/24/1985,148.7,180.9,348.1,149.5
3/25/1985,148.4,180,339.3,139.4
3/26/1985,148,179.1,327.3,131.1
3/27/1985,147.6,177.9,314.2,124.6
3/28/1985,150,176.3,300.9,119.4
3/29/1985,193.9,175,296.8,115.3
3/30/1985,321.1,175.1,289.8,112.2
3/31/1985,371.9,195.9,281.8,115.6
4/1/1985,385.7,242.2,307.4,129
4/2/1985,399.9,240.9,389.5,141.8
4/3/1985,489.3,227.3,556.2,146.6
4/4/1985,553.7,213.3,771.4,156.3
4/5/1985,586.6,201.8,939.5,164.9
4/6/1985,589,195.2,983.1,218.1
4/7/1985,568.6,190.5,962.3,312.1
4/8/1985,534.8,185.6,908.1,623.6
4/9/1985,492.3,180.6,839,681.9
4/10/1985,445,175.9,766.1,655.3
4/11/1985,398.7,171.8,695.4,599.7
4/12/1985,361.5,168.1,630.3,537.2
4/13/1985,350.7,164.8,572.5,477.1
4/14/1985,370.1,162,522.1,500
4/15/1985,488,159.8,479.2,486.4
4/16/1985,712.8,158.8,443.6,457.4
4/17/1985,851.5,158.1,415,421.4
4/18/1985,911.2,157.5,393,383.7
4/19/1985,926.5,156.9,377.7,347.5
4/20/1985,923.8,156.5,369.2,314.3
4/21/1985,930.7,156.9,360.1,285.2
4/22/1985,992.6,157.7,350.6,260.8
4/23/1985,1048,159.8,342.3,241.5
4/24/1985,1080,162.2,333.7,224.1
4/25/1985,1097,164.1,338.7,208.8
4/26/1985,1111,165.2,338.6,195.7
4/27/1985,1139,165.3,334.4,184.9
4/28/1985,1180,165.1,329.2,176
4/29/1985,1205,163,325.3,168.4
4/30/1985,1158,160.8,323.2,162.2
5/1/1985,1076,158.5,325.9,157.1
5/2/1985,1001,156.2,331.2,152.7
5/3/1985,939.1,154.1,352.5,148.8
5/4/1985,909.1,153.6,361.5,145.5
5/5/1985,919.6,154.4,357.2,142.9
5/6/1985,950.8,155.3,348,140
5/7/1985,957.5,154.1,334.7,137.1
5/8/1985,942.4,151.9,320.5,134.2
5/9/1985,923.4,149.2,307,131.6
5/10/1985,915.9,146.2,294.4,129
5/11/1985,973.2,143.1,307.1,126.9
5/12/1985,1164,140.8,407,163.1
5/13/1985,1546,144.1,579.8,289.9
5/14/1985,1668,152.8,784.3,541.6
5/15/1985,1660,163.2,1081,875.3
5/16/1985,1632,173.8,1463,1117
5/17/1985,1634,190,2841,1302
5/18/1985,1726,248.3,4187,1481
5/19/1985,1931,406.3,5096,1698
5/20/1985,2078,536.2,5278,1941
5/21/1985,2130,638.9,5141,2142
5/22/1985,2185,822.2,5558,2374
5/23/1985,2290,995.5,5303,2429
5/24/1985,2519,1083,4952,2547
5/25/1985,3177,1198,5326,2710
5/26/1985,3165,1246,11441,2988
5/27/1985,3001,1340,12616,3297
5/28/1985,2839,1518,12810,3619
5/29/1985,2707,1753,11559,3746
5/30/1985,2553,2006,9948,3887
5/31/1985,2456,2216,8516,3779
6/1/1985,2591,2596,7467,3692
6/2/1985,2859,2759,6893,3682
6/3/1985,3322,3151,6839,3751
6/4/1985,3565,3532,8803,3937
6/5/1985,3728,3896,8937,4234
6/6/1985,3935,4307,8444,4237
6/7/1985,4210,4806,7929,4179
6/8/1985,4471,5363,7531,4140
6/9/1985,4739,5581,7318,4360
6/10/1985,5650,5820,7204,4447
6/11/1985,5814,6065,7166,4511
6/12/1985,5629,6291,7214,4530
6/13/1985,5515,6829,7365,4574
6/14/1985,6044,7480,7643,4658
6/15/1985,6454,7528,8029,4786
6/16/1985,6240,7452,8410,4892
6/17/1985,5951,7446,9166,4979
6/18/1985,5675,7353,9393,5071
6/19/1985,5291,7044,9696,5173
6/20/1985,5018,6709,13564,5259
6/21/1985,4886,6433,13681,5334
6/22/1985,7626,6214,12776,5950
6/23/1985,7994,6070,11791,6073
6/24/1985,7677,5991,10862,5853
6/25/1985,7248,5958,10178,5598
6/26/1985,6959,6018,9667,5479
6/27/1985,6819,6076,9341,5557
6/28/1985,6816,6126,9144,5732
6/29/1985,9286,6186,8959,5998
6/30/1985,9550,6288,8843,6288
7/1/1985,9538,6395,8682,6627
7/2/1985,9210,6466,9053,7133
7/3/1985,9079,6656,15189,7905
7/4/1985,9147,7015,15766,8830
7/5/1985,9337,7937,15012,9744
7/6/1985,9528,18803,14145,10699
7/7/1985,9687,22878,13560,11385
7/8/1985,9810,22125,13281,11916
7/9/1985,9840,19279,13195,12294
7/10/1985,9990,16510,13246,12528
7/11/1985,9991,14545,14395,12801
7/12/1985,10118,13726,16380,13405
7/13/1985,10280,13335,16832,14150
7/14/1985,10546,13143,16982,15079
7/15/1985,10814,13271,17203,15992
7/16/1985,10850,13349,17574,16738
7/17/1985,10598,13473,17659,16986
7/18/1985,10213,13511,17576,16695
7/19/1985,9691,13510,17695,16288
7/20/1985,9382,13663,17679,15981
7/21/1985,9417,14224,17752,15884
7/22/1985,10267,15381,17975,15941
7/23/1985,10553,16371,18284,16026
7/24/1985,11465,17017,18428,16032
7/25/1985,11988,17386,18496,16057
7/26/1985,12103,17439,18458,16091
7/27/1985,11448,17353,18336,16174
7/28/1985,11698,17098,20692,16273
7/29/1985,11479,16915,20481,16391
7/30/1985,10827,16447,19399,16460
7/31/1985,10212,15936,18194,16373
8/1/1985,9568,15841,17119,16083
8/2/1985,8932,14927,16124,15637
8/3/1985,8338,13905,15291,15180
8/4/1985,7804,13218,14498,14594
8/5/1985,7318,12063,13729,13982
8/6/1985,6902,10950,13029,13527
8/7/1985,6801,9942,12439,13330
8/8/1985,6579,9022,12021,13655
8/9/1985,6460,8289,11789,13215
8/10/1985,6491,7875,11719,12275
8/11/1985,6652,7766,11722,11452
8/12/1985,6894,8001,11762,11893
8/13/1985,7023,8574,11805,11636
8/14/1985,7373,9569,11798,11018
8/15/1985,7321,9926,12539,10392
8/16/1985,7212,10052,12291,11819
8/17/1985,7091,10073,11835,11312
8/18/1985,7049,10038,11390,10441
8/19/1985,7087,10030,11027,9743
8/20/1985,7184,10062,10772,9274
8/21/1985,7294,11308,10575,9037
8/22/1985,7380,11265,10343,8976
8/23/1985,7831,10872,10077,9021
8/24/1985,7856,10452,10116,9063
8/25/1985,7513,10133,9913,9104
8/26/1985,7137,9821,9433,9307
8/27/1985,6842,9573,9012,9458
8/28/1985,6683,9448,8797,9559
8/29/1985,6695,9412,9238,9666
8/30/1985,6807,9398,9183,9713
8/31/1985,6964,9400,9081,9746
9/1/1985,7113,9498,9032,9787
9/2/1985,7065,12361,9013,9786
9/3/1985,6870,12482,8916,9669
9/4/1985,6568,11103,8706,9399
9/5/1985,6190,9570,8407,9089
9/6/1985,5783,8258,8068,8855
9/7/1985,5403,7236,7702,8363
9/8/1985,5054,6440,7305,7825
9/9/1985,4736,5852,6901,7312
9/10/1985,4465,5480,6558,6884
9/11/1985,4183,5069,6366,6520
9/12/1985,3965,4676,6018,6241
9/13/1985,3710,4329,5681,5904
9/14/1985,3518,4024,5418,5523
9/15/1985,3376,3739,5245,5183
9/16/1985,3267,3514,5155,4925
9/17/1985,3229,3348,5157,4801
9/18/1985,3286,3302,7293,4846
9/19/1985,3432,3482,8049,5072
9/20/1985,3633,3811,7493,5307
9/21/1985,3691,4211,7135,5535
9/22/1985,3495,7785,6473,6998
9/23/1985,3194,8966,5732,7134
9/24/1985,2864,7904,5001,6628
9/25/1985,2548,6448,4362,6145
9/26/1985,2273,5178,3816,5445
9/27/1985,2081,4203,3526,4842
9/28/1985,1986,3490,3360,4420
9/29/1985,1921,2974,3068,7642
9/30/1985,2098,2596,2954,7390
10/1/1985,2168,2350,2813,6242
10/2/1985,2067,2259,2670,5125
10/3/1985,1932,2098,2546,4440
10/4/1985,1779,1933,2427,3784
10/5/1985,1623,1822,2315,3654
10/6/1985,1470,1705,2169,3190
10/7/1985,1322,1601,2022,2697
10/8/1985,1189,1515,1879,2278
10/9/1985,1076,1460,1748,1955
10/10/1985,983.6,1401,1634,1714
10/11/1985,933.3,1387,1536,1545
10/12/1985,885.6,1396,1452,1428
10/13/1985,846.6,1353,1398,1346
10/14/1985,856.2,1300,1352,1291
10/15/1985,793.3,1251,1315,1246
10/16/1985,714.4,1210,1271,1201
10/17/1985,639.5,1177,1226,1148
10/18/1985,574.6,1149,1184,1077
10/19/1985,520.2,1126,1147,1005
10/20/1985,477.2,1104,1114,937.5
10/21/1985,519.4,1085,1103,888.6
10/22/1985,508.5,1068,1220,855.3
10/23/1985,466.2,1052,1194,839.8
10/24/1985,423.3,1037,1198,860.2
10/25/1985,387.6,1023,1145,898.3
10/26/1985,589.5,1016,1099,1138
10/27/1985,667.3,1061,1070,1188
10/28/1985,597.8,1248,1080,1227
10/29/1985,505.3,1350,1252,1291
10/30/1985,427.9,1374,1533,1570
10/31/1985,372,1379,1596,2199
11/1/1985,334,1357,1518,4503
11/2/1985,308.7,1312,1408,4240
11/3/1985,291.8,1257,1304,3391
11/4/1985,280.2,1200,1214,2578
11/5/1985,272,1145,1141,1952
11/6/1985,265.9,1093,1079,1508
11/7/1985,260.9,1047,1026,1203
11/8/1985,256.8,1005,982,994.2
11/9/1985,253.4,969.5,944.2,849.2
11/10/1985,251.2,939.2,911.9,746.3
11/11/1985,248.2,967.3,884.4,671.5
11/12/1985,247.3,989.7,862.6,615.6
11/13/1985,246.4,968.5,894.9,572.9
11/14/1985,243.1,1085,1031,539.6
11/15/1985,239.4,1173,1267,560.8
11/16/1985,236.1,1248,1387,651.3
11/17/1985,233,2209,1446,732.2
11/18/1985,230.2,2285,1495,808.1
11/19/1985,227.5,2120,1515,838.6
11/20/1985,225,1907,1480,823.3
11/21/1985,222.6,1710,1409,785.2
11/22/1985,220.4,1544,1327,747.5
11/23/1985,218.2,1409,1241,702.2
11/24/1985,216,1299,1162,674.4
11/25/1985,214,1316,1089,697.6
11/26/1985,212,1241,1021,658
11/27/1985,210,1152,960.4,604.7
11/28/1985,208,1072,907.1,555.2
11/29/1985,206.1,1005,861.3,513.9
11/30/1985,204.3,951.3,822.5,480.6
12/1/1985,202.5,907.5,788.5,453.6
12/2/1985,200.7,871.5,759.1,431.7
12/3/1985,198.9,841.4,734.1,413.6
12/4/1985,197.2,815.8,712.8,398.4
12/5/1985,196.6,793.7,694.7,385.5
12/6/1985,195.6,774.5,679.2,374.4
12/7/1985,194.2,757.6,666,365.1
12/8/1985,192.3,742.5,654.5,357.3
12/9/1985,190.3,728.8,644.1,350.3
12/10/1985,188.4,716.2,634.9,343.9
12/11/1985,186.6,704.8,628.7,338.2
12/12/1985,185.3,694.5,624.4,333.5
12/13/1985,259.8,685,620.1,329.3
12/14/1985,260.1,676.1,616,325.3
12/15/1985,240.8,667.5,609.4,321.7
12/16/1985,220.8,659.2,602,319
12/17/1985,205.1,651.3,594.9,315.9
12/18/1985,193.9,643.8,590.4,312.6
12/19/1985,186.2,636.6,584.6,318.9
12/20/1985,180.9,629.9,578.5,421.9
12/21/1985,177.2,623.7,572.7,421.1
12/22/1985,174.7,864.2,567.8,393.1
12/23/1985,172.2,1334,562.6,364.2
12/24/1985,170,1309,557.5,341
12/25/1985,168.1,1181,552.6,323.7
12/26/1985,166.3,1142,547.9,311.1
12/27/1985,164.7,1049,543.3,301.7
12/28/1985,163.2,960.3,734.7,294.5
12/29/1985,161.8,887,1099,288.7
12/30/1985,160.5,829.5,1270,284.1
12/31/1985,159.2,784.5,1250,308.4
1/1/1986,157.9,748.8,1183,307.9
1/2/1986,156.7,720.3,1105,321.9
1/3/1986,155.4,699,1029,524.9
1/4/1986,154.3,1442,966.3,534.5
1/5/1986,153.1,1458,907.8,488.9
1/6/1986,151.9,1304,854.1,437.1
1/7/1986,150.8,1139,805.4,393.2
1/8/1986,149.7,1006,763,359.1
1/9/1986,148.6,907.7,726.8,333.2
1/10/1986,148.4,837,696.1,313.4
1/11/1986,147.9,786,670,298
1/12/1986,146.6,748.2,647.8,285.8
1/13/1986,145.1,719.1,628.8,275.9
1/14/1986,143.8,695.8,612.5,267.7
1/15/1986,142.5,676.5,598.3,260.8
1/16/1986,141.4,660.1,585.9,254.9
1/17/1986,140.3,645.7,575,249.9
1/18/1986,139.2,632.9,565.2,245.5
1/19/1986,138.2,622,556.4,241.7
1/20/1986,137.1,611.4,548.4,239.1
1/21/1986,136.1,601.6,542.7,239.5
1/22/1986,135.1,594,536.5,237.6
1/23/1986,134.2,585.7,529.9,235.3
1/24/1986,133.2,577.3,523.5,232.5
1/25/1986,132.2,569.2,517.4,229.6
1/26/1986,131.3,562,511.5,226.8
1/27/1986,130.4,555.4,505.9,224.2
1/28/1986,129.4,548.5,500.6,221.9
1/29/1986,128.5,541.8,495.4,220.7
1/30/1986,127.6,535.4,492.7,218.6
1/31/1986,126.7,529.3,489.5,216.4
2/1/1986,125.8,523.5,484.3,214.3
2/2/1986,125,518,478.8,212.3
2/3/1986,124.1,819.2,473.6,210.5
2/4/1986,123.2,2435,468.6,298.6
2/5/1986,122.4,3729,463.9,659.6
2/6/1986,121.5,3712,459.4,903.4
2/7/1986,120.7,3341,455.1,842.2
2/8/1986,119.9,2920,451,721.7
2/9/1986,119.1,2544,447.2,610.1
2/10/1986,118.2,2231,443.5,523
2/11/1986,117.4,1974,439.8,458.7
2/12/1986,116.5,1762,435.8,411.8
2/13/1986,115.7,1585,431.8,932.2
2/14/1986,114.9,1437,427.8,1617
2/15/1986,114.1,1311,424,1885
2/16/1986,113.3,1204,420.3,1823
2/17/1986,112.5,1111,416.7,1678
2/18/1986,111.7,1031,413.4,1586
2/19/1986,111.3,962.8,410,1444
2/20/1986,110.6,903,406.6,1310
2/21/1986,109.8,851,404.5,1178
2/22/1986,109,808.8,403.6,1061
2/23/1986,108.1,771,400.4,961.2
2/24/1986,107.3,737.1,398,874.7
2/25/1986,106.6,1919,394.5,1151
2/26/1986,105.8,2643,390.8,1177
2/27/1986,105.2,2668,386.8,1168
2/28/1986,104.5,2533,426.2,1250
3/1/1986,103.8,2690,1211,1365
3/2/1986,103,3104,2468,1434
3/3/1986,102.3,4654,3029,1806
3/4/1986,101.6,5738,2993,2948
3/5/1986,100.9,5962,2805,5568
3/6/1986,100.3,5708,3139,6098
3/7/1986,99.78,5307,3641,5958
3/8/1986,99.49,4889,4833,5669
3/9/1986,99.65,4468,4874,5166
3/10/1986,100.6,4065,4557,4572
3/11/1986,101.5,3917,4145,4007
3/12/1986,101.6,3737,3737,3506
3/13/1986,100.2,3444,3414,3074
3/14/1986,98.46,3146,3072,2703
3/15/1986,96.89,2860,2766,2387
3/16/1986,95.78,2597,2493,2117
3/17/1986,95.31,2359,2252,1886
3/18/1986,95.34,2147,2039,1692
3/19/1986,94.54,2051,1851,1527
3/20/1986,93.25,1901,1686,1385
3/21/1986,91.98,1752,1541,1264
3/22/1986,90.88,1617,1414,1159
3/23/1986,89.93,1496,1302,1070
3/24/1986,89.68,1391,1205,993.4
3/25/1986,90.16,1342,1121,927.7
3/26/1986,107.2,1354,1138,899.1
3/27/1986,144.1,1360,1171,1013
3/28/1986,160.7,1521,1709,1163
3/29/1986,164.7,2344,1884,1286
3/30/1986,161.4,3743,1944,2200
3/31/1986,154.3,5577,1929,2707
4/1/1986,145.6,5886,2326,2912
4/2/1986,136.5,5557,2496,2751
4/3/1986,127.9,5032,2483,2486
4/4/1986,120.1,4502,2383,2221
4/5/1986,113.3,4023,2253,2041
4/6/1986,135.6,3603,2119,1900
4/7/1986,224.1,3238,2163,1758
4/8/1986,250.1,2921,2280,1673
4/9/1986,260.4,2651,2302,1585
4/10/1986,260.5,2995,2274,1514
4/11/1986,255.9,3216,2180,1451
4/12/1986,241.4,3391,2050,1386
4/13/1986,235.7,3170,1912,1341
4/14/1986,238.6,2882,1776,1314
4/15/1986,247.2,2605,1743,1301
4/16/1986,260.6,2361,1915,1293
4/17/1986,276.8,2153,1937,1323
4/18/1986,298.8,1975,1963,1781
4/19/1986,328.3,1848,1961,2151
4/20/1986,367.4,1774,1991,2055
4/21/1986,813,1741,2002,1854
4/22/1986,1605,1721,1970,1657
4/23/1986,1752,1668,1888,1484
4/24/1986,1647,1595,1780,1336
4/25/1986,1496,1514,1679,1212
4/26/1986,1297,1481,1608,1119
4/27/1986,1106,1516,1620,1075
4/28/1986,953.4,1561,1707,1043
4/29/1986,831.6,1622,1808,1020
4/30/1986,759.3,1717,1850,1288
5/1/1986,724.2,1802,1834,1329
5/2/1986,791.1,1970,1795,1507
5/3/1986,866.8,2010,1770,1564
5/4/1986,921.8,1996,1772,1579
5/5/1986,993.4,1992,1785,1624
5/6/1986,1136,1999,1813,1652
5/7/1986,1488,2020,1859,1898
5/8/1986,1660,2031,1885,2907
5/9/1986,1748,2044,1966,3008
5/10/1986,1831,2141,2092,2822
5/11/1986,1950,2204,2171,2613
5/12/1986,2147,2180,2263,2455
5/13/1986,2201,2189,2349,2431
5/14/1986,2235,2210,2449,2477
5/15/1986,2312,2181,2566,2569
5/16/1986,2379,2209,2721,2696
5/17/1986,2375,2132,2828,2779
5/18/1986,2261,2024,2802,2762
5/19/1986,2074,1893,2686,2675
5/20/1986,1903,1755,2514,2527
5/21/1986,1769,1620,2364,2363
5/22/1986,1760,1496,2404,2217
5/23/1986,1743,1389,2306,2127
5/24/1986,1738,1299,2254,2233
5/25/1986,1841,1249,2248,2505
5/26/1986,2290,1335,2429,2995
5/27/1986,2353,1539,2659,3430
5/28/1986,2310,1750,3036,4000
5/29/1986,2156,1814,2974,5826
5/30/1986,1978,1812,2847,8140
5/31/1986,1816,1811,2702,9497
6/1/1986,1689,1722,2585,9323
6/2/1986,1600,1623,2517,8649
6/3/1986,1601,1539,2495,7733
6/4/1986,1608,1499,2550,6814
6/5/1986,1664,1494,2669,6473
6/6/1986,1770,1543,2843,7445
6/7/1986,1910,1726,3385,7044
6/8/1986,2102,2155,3563,6362
6/9/1986,2291,2987,3595,5753
6/10/1986,2549,3826,4030,5385
6/11/1986,3055,4269,4066,5110
6/12/1986,3159,4434,4001,5035
6/13/1986,3239,4646,3871,5097
6/14/1986,3275,4805,4404,5343
6/15/1986,3401,5086,4459,5779
6/16/1986,3626,5289,4488,6147
6/17/1986,3978,5572,4469,6317
6/18/1986,4439,5923,4565,6596
6/19/1986,4816,6496,4659,6996
6/20/1986,5363,6830,5010,7510
6/21/1986,5937,7112,5621,10141
6/22/1986,6386,9005,6407,13245
6/23/1986,6751,9515,7168,19558
6/24/1986,7009,9654,7757,20206
6/25/1986,7259,9485,9246,19082
6/26/1986,7204,9140,9148,16898
6/27/1986,7184,8806,8663,14886
6/28/1986,7178,9635,8194,13588
6/29/1986,7324,9641,7861,12805
6/30/1986,7344,9383,7662,12259
7/1/1986,7298,8852,7550,11770
7/2/1986,7410,8383,7829,11755
7/3/1986,7813,8216,8395,12064
7/4/1986,8762,8355,9546,12843
7/5/1986,9816,8913,10941,13970
7/6/1986,10436,9144,13017,15261
7/7/1986,10621,9400,13950,16565
7/8/1986,10676,9575,14402,17611
7/9/1986,10496,9610,14309,18061
7/10/1986,10293,9645,14164,18192
7/11/1986,10342,9800,14036,18244
7/12/1986,10157,10222,14237,19095
7/13/1986,9908,10767,14438,18636
7/14/1986,9721,11101,14706,17826
7/15/1986,9640,11506,14969,17175
7/16/1986,9585,11590,16665,16403
7/17/1986,9423,11816,16545,15716
7/18/1986,9224,11798,15828,15119
7/19/1986,9022,11906,15614,14439
7/20/1986,8897,12099,14903,13942
7/21/1986,8757,12286,14226,13439
7/22/1986,8552,12577,13753,13091
7/23/1986,8402,13667,13558,12957
7/24/1986,9170,14474,13657,12709
7/25/1986,9182,14084,13815,12662
7/26/1986,8892,13433,14702,12519
7/27/1986,8574,13363,15706,13131
7/28/1986,8367,12973,15634,13053
7/29/1986,8349,12722,15292,12850
7/30/1986,8519,12635,15135,13003
7/31/1986,8748,12847,15097,13727
8/1/1986,9015,13282,14979,13873
8/2/1986,9176,13676,14708,13656
8/3/1986,9178,13699,14386,13153
8/4/1986,9102,13676,13935,12451
8/5/1986,8878,13469,13281,11714
8/6/1986,8429,12971,12698,11027
8/7/1986,7892,12501,12114,10373
8/8/1986,7346,11924,11610,9775
8/9/1986,6891,11455,11157,9304
8/10/1986,6552,10998,10737,9126
8/11/1986,6316,10754,10348,8707
8/12/1986,6385,10573,10051,8273
8/13/1986,6536,10583,9925,7916
8/14/1986,6549,10524,10028,7626
8/15/1986,6582,10544,9980,7499
8/16/1986,6646,10568,9669,7403
8/17/1986,6696,10375,9360,7385
8/18/1986,6860,10129,9178,7470
8/19/1986,6914,9570,9059,7450
8/20/1986,6866,8963,8963,7383
8/21/1986,6697,8499,8898,8126
8/22/1986,6383,8161,8817,8314
8/23/1986,6066,7912,8755,7893
8/24/1986,5786,7731,8738,7394
8/25/1986,5552,7526,8731,6983
8/26/1986,5337,7299,8400,6748
8/27/1986,5155,7088,8052,6480
8/28/1986,4989,6881,7751,6243
8/29/1986,4852,6597,7538,6088
8/30/1986,4745,6385,7414,6026
8/31/1986,4672,6527,7488,6031
9/1/1986,4634,9085,7708,6079
9/2/1986,4630,9548,7585,6139
9/3/1986,4614,11984,7308,6271
9/4/1986,4621,11511,7035,6225
9/5/1986,4658,10225,6820,6090
9/6/1986,4693,9001,6639,5971
9/7/1986,4808,8135,6549,5959
9/8/1986,4876,7698,6551,6587
9/9/1986,4834,7547,6482,6548
9/10/1986,4770,7535,6452,6258
9/11/1986,5116,7541,6420,5954
9/12/1986,4839,7460,6332,5624
9/13/1986,4264,7256,6184,5296
9/14/1986,3672,6956,5983,5237
9/15/1986,3168,6576,5738,4906
9/16/1986,2724,6193,5773,4463
9/17/1986,2354,5828,5360,4059
9/18/1986,2081,5501,4838,3734
9/19/1986,1960,5254,4336,3936
9/20/1986,2115,5151,3947,3735
9/21/1986,2487,5218,3734,3543
9/22/1986,2912,5722,3840,3515
9/23/1986,3284,5691,4152,3682
9/24/1986,3983,5551,4605,4002
9/25/1986,5313,5722,4872,4334
9/26/1986,4951,5504,5029,9349
9/27/1986,4239,5144,5061,9280
9/28/1986,3523,4780,5217,8876
9/29/1986,2934,4450,5936,7321
9/30/1986,2520,4157,5627,5793
10/1/1986,2197,3924,5069,4570
10/2/1986,1965,3924,4542,3663
10/3/1986,1817,3768,4132,3003
10/4/1986,1800,3602,4408,2525
10/5/1986,1997,3483,4808,2740
10/6/1986,2571,3469,4807,2596
10/7/1986,2870,4227,4778,2577
10/8/1986,2573,4486,4790,2995
10/9/1986,2198,4260,4841,3250
10/10/1986,1882,3943,4787,3439
10/11/1986,1638,3634,4695,3119
10/12/1986,1440,3355,4527,2699
10/13/1986,1281,3115,4278,2350
10/14/1986,1147,2901,3979,2074
10/15/1986,1032,2703,3660,1857
10/16/1986,934,2523,3344,1681
10/17/1986,849.8,2364,3049,1538
10/18/1986,778.2,2224,2785,1421
10/19/1986,717.8,2103,2560,1324
10/20/1986,667.7,1998,2381,1243
10/21/1986,627.3,1918,2256,1179
10/22/1986,592.6,1854,2160,1133
10/23/1986,562.9,1798,2132,1119
10/24/1986,537.5,1744,2008,1137
10/25/1986,515.9,1693,1871,1118
10/26/1986,497.5,1646,1746,1084
10/27/1986,481.7,1603,1640,1047
10/28/1986,468.2,1564,1552,1010
10/29/1986,459,1530,1480,990.2
10/30/1986,460.8,1510,1422,1121
10/31/1986,493.9,1512,1382,3679
11/1/1986,488.1,1517,1364,5615
11/2/1986,471.5,1524,1354,8724
11/3/1986,454,1515,1335,8246
11/4/1986,438.6,1511,1310,6896
11/5/1986,425.6,1589,1281,5570
11/6/1986,414.8,1555,1252,4499
11/7/1986,405.7,1668,1226,3692
11/8/1986,397.8,1612,1201,3093
11/9/1986,390.9,1519,1227,2648
11/10/1986,430.3,1434,1441,2311
11/11/1986,460.1,1367,1456,2051
11/12/1986,444.1,1317,1488,1845
11/13/1986,419.4,1279,1530,1677
11/14/1986,397.5,1249,1489,1538
11/15/1986,380.8,1224,1419,1423
11/16/1986,367.8,1203,1346,1325
11/17/1986,358.1,1183,1280,1243
11/18/1986,350.6,1166,1222,1173
11/19/1986,344.7,1151,1172,1113
11/20/1986,339.7,1137,1129,1061
11/21/1986,335.4,1124,1092,1016
11/22/1986,331.7,1111,1059,977.1
11/23/1986,328.7,1100,1031,943
11/24/1986,325.7,1088,1007,913
11/25/1986,322.6,1075,986.5,886.5
11/26/1986,319.3,1063,967.7,862.8
11/27/1986,315.9,1051,950.4,841.5
11/28/1986,312.6,1040,934.7,822.3
11/29/1986,309.4,1029,920.9,804.8
11/30/1986,306.3,1018,908.3,789
12/1/1986,303.4,1008,896.4,774.5
12/2/1986,300.7,998.3,885.3,761.1
12/3/1986,300,988.4,875,749
12/4/1986,297.6,978.8,865.1,737.5
12/5/1986,294.6,969.4,855.8,726.5
12/6/1986,291.5,960.2,846.8,716
12/7/1986,288.5,951.1,838.2,706
12/8/1986,285.7,942.3,829.8,696.5
12/9/1986,286.6,933.5,822.7,687.4
12/10/1986,283.9,924.9,816.9,678.7
12/11/1986,280.3,916.5,810,670.4
12/12/1986,276.9,908.2,801.8,662.3
12/13/1986,273.7,900,793.7,654.5
12/14/1986,270.8,892,785.8,646.9
12/15/1986,268.1,884.1,778.3,639.6
12/16/1986,265.6,876.3,771.2,632.5
12/17/1986,263.2,868.6,764.2,625.6
12/18/1986,260.9,861,757.5,620.1
12/19/1986,258.7,853.5,750.9,673.2
12/20/1986,256.5,846.2,744.5,666.7
12/21/1986,254.4,838.9,738.2,645.3
12/22/1986,252.3,831.8,732,656.3
12/23/1986,250.2,824.8,725.8,694.2
12/24/1986,248.2,817.8,719.8,702.9
12/25/1986,246.1,811,713.9,694.2
12/26/1986,244.1,804.2,708,678.3
12/27/1986,242.2,797.5,702.2,659.9
12/28/1986,240.3,790.9,696.5,641.5
12/29/1986,238.3,784.4,690.9,623.8
12/30/1986,236.5,778,685.3,607.1
12/31/1986,234.6,771.7,679.9,591.8
1/1/1987,232.8,765.4,674.5,577.9
1/2/1987,230.9,759.2,669.1,565.4
1/3/1987,229.1,753.1,663.8,554.3
1/4/1987,227.3,747.1,658.7,544.3
1/5/1987,225.6,741.1,653.5,535.3
1/6/1987,223.8,735.3,648.4,527.2
1/7/1987,222.1,729.4,643.3,519.8
1/8/1987,220.4,723.7,638.9,513
1/9/1987,218.7,718,634.4,506.7
1/10/1987,217.1,712.4,629.5,500.9
1/11/1987,215.4,706.9,624.7,495.4
1/12/1987,213.8,701.4,619.9,490.3
1/13/1987,212.2,696,615,485.3
1/14/1987,210.6,690.6,610.2,480.6
1/15/1987,209,685.3,605.3,476.1
1/16/1987,207.5,680.1,600.6,471.7
1/17/1987,205.9,674.9,596,467.5
1/18/1987,204.4,669.8,591.4,463.3
1/19/1987,202.9,664.7,586.9,459.3
1/20/1987,201.4,659.7,582.4,455.4
1/21/1987,199.9,654.7,578,451.5
1/22/1987,198.4,649.8,573.7,447.7
1/23/1987,197,644.9,569.4,444
1/24/1987,195.6,640.1,565.2,440.3
1/25/1987,194.1,635.4,561,436.7
1/26/1987,192.7,630.7,556.8,433.1
1/27/1987,191.3,626,552.7,429.6
1/28/1987,190,621.4,549.9,426.1
1/29/1987,188.6,616.8,949.3,422.7
1/30/1987,187.2,612.3,952.5,419.3
1/31/1987,185.9,607.8,853.9,416.1
2/1/1987,185.4,603.4,752.8,412.8
2/2/1987,184.1,599,675.2,409.5
2/3/1987,182.6,594.7,620.5,406.3
2/4/1987,181.1,590.4,583.6,403.1
2/5/1987,180.1,586.2,558.8,400
2/6/1987,178.9,582,541.9,396.9
2/7/1987,177.4,577.8,529.8,393.8
2/8/1987,176,573.6,520.8,390.8
2/9/1987,174.8,569.5,513.5,387.8
2/10/1987,353.7,567.4,507.5,384.8
2/11/1987,366.9,635.4,502.4,381.8
2/12/1987,333.1,727.9,497.6,378.9
2/13/1987,293.8,796.8,493.2,422.8
2/14/1987,260.9,811.8,489.5,442.7
2/15/1987,236,799.3,485.4,447.9
2/16/1987,217.6,773.6,481.2,444.5
2/17/1987,204.2,742.3,477.5,436.3
2/18/1987,194.1,709.5,473.7,425.9
2/19/1987,186.3,678,470.1,414.7
2/20/1987,180,649.2,466.4,403.7
2/21/1987,174.9,623.8,463,393.4
2/22/1987,170.7,601.5,459.8,384
2/23/1987,167.5,582.2,456.8,375.4
2/24/1987,164.8,565.5,453.4,367.9
2/25/1987,162.2,551.1,450,361.1
2/26/1987,160,538.8,446.6,355.2
2/27/1987,157.8,528.1,443.4,349.8
2/28/1987,155.8,518.9,440.2,345.1
3/1/1987,154,510.9,437.1,340.8
3/2/1987,152.4,503.9,434,337.2
3/3/1987,151.3,497.9,431.2,334.1
3/4/1987,150.7,574.4,428.4,374.1
3/5/1987,150.1,577.7,425.6,371.3
3/6/1987,149.3,559.8,422.8,357.8
3/7/1987,148,538.9,420.1,344.4
3/8/1987,146.9,520.6,417.5,333.9
3/9/1987,250.4,505.7,415.3,326.3
3/10/1987,249.6,493.8,413.1,320.9
3/11/1987,222.6,484.2,411.6,372.9
3/12/1987,195.7,1043,410.7,505.7
3/13/1987,175.2,1218,409.8,768.9
3/14/1987,160.9,1088,409.3,977.4
3/15/1987,151.5,911.1,408.2,1064
3/16/1987,145.6,762.6,406.8,1071
3/17/1987,141.9,655.2,406.5,1032
3/18/1987,139.7,582.2,406.4,970.2
3/19/1987,138.3,533.4,403.1,898.3
3/20/1987,137.6,500.7,398.9,825.6
3/21/1987,136.8,479,393.6,760.1
3/22/1987,136.3,463.7,389.1,725.5
3/23/1987,203.5,452.7,386,684.6
3/24/1987,212,444,383.1,642.9
3/25/1987,209.9,437.5,408.5,602.3
3/26/1987,206.9,432.6,421.6,564.8
3/27/1987,203.4,432.9,426.3,532.2
3/28/1987,199.9,436.7,467.1,505.1
3/29/1987,216.9,449.9,620.4,586.3
3/30/1987,234.5,476.7,725.8,798.3
3/31/1987,251.3,589,800.6,933.7
4/1/1987,301.8,846.6,866.6,2204
4/2/1987,325.3,1318,1029,3281
4/3/1987,331,1831,1241,3704
4/4/1987,323.2,2249,2316,3856
4/5/1987,308.3,2683,3087,3864
4/6/1987,291,3001,3274,3744
4/7/1987,273,3176,3204,3536
4/8/1987,255.4,3131,3029,3296
4/9/1987,239,2954,2824,3016
4/10/1987,224.1,2728,2674,2778
4/11/1987,212.8,2531,2688,2770
4/12/1987,222.2,2461,3062,2742
4/13/1987,243.5,2695,3453,2745
4/14/1987,250.6,3167,4215,3110
4/15/1987,255.3,3472,4747,3761
4/16/1987,267.7,3763,4683,4007
4/17/1987,282.8,4066,4453,4081
4/18/1987,322.5,4370,4182,4031
4/19/1987,451.1,4713,3940,3851
4/20/1987,461.3,5159,3947,3662
4/21/1987,432.7,5438,3907,3403
4/22/1987,539.6,8040,3790,3090
4/23/1987,497.8,11070,3636,2772
4/24/1987,423.5,11940,3433,2502
4/25/1987,355.3,10942,3235,2412
4/26/1987,303.4,9699,3077,2286
4/27/1987,388.4,8875,2945,2155
4/28/1987,447.6,8205,2834,2048
4/29/1987,543.6,7278,2734,1963
4/30/1987,581.5,6453,2652,1914
5/1/1987,627.2,5896,2599,1908
5/2/1987,699.6,5433,2607,1977
5/3/1987,803.9,5090,2688,2120
5/4/1987,851.2,5014,2759,2225
5/5/1987,879.4,5037,2810,2261
5/6/1987,865.8,4827,2804,2271
5/7/1987,814.5,4505,2719,2247
5/8/1987,749.1,4171,2612,2202
5/9/1987,956.6,3869,2522,2159
5/10/1987,971.5,3627,2465,2144
5/11/1987,948.2,3473,2505,2163
5/12/1987,920.6,3593,2684,2286
5/13/1987,951,3762,3048,2483
5/14/1987,974.1,3896,4130,2753
5/15/1987,1113,3991,5166,3111
5/16/1987,1720,4182,8778,3654
5/17/1987,1934,4470,8905,4283
5/18/1987,1994,4728,8194,4852
5/19/1987,1999,4713,7332,5109
5/20/1987,1959,4626,6572,9083
5/21/1987,1943,4474,6063,9976
5/22/1987,1980,4341,5764,9847
5/23/1987,2183,4355,5686,8582
5/24/1987,2473,4503,5931,7281
5/25/1987,2665,4966,6738,6316
5/26/1987,2718,5874,7850,5816
5/27/1987,2899,7805,9342,5751
5/28/1987,3176,8813,11599,6194
5/29/1987,3355,9238,13137,6688
5/30/1987,3654,9651,13499,7437
5/31/1987,3728,9993,13763,7984
6/1/1987,3756,10266,13728,8251
6/2/1987,3883,10483,13325,8422
6/3/1987,4059,10729,12865,8612
6/4/1987,4329,11064,13745,9122
6/5/1987,4478,11428,14251,9588
6/6/1987,4550,11771,13758,13314
6/7/1987,4535,11942,13018,14268
6/8/1987,4462,11887,12097,13625
6/9/1987,4338,11745,11187,12378
6/10/1987,4183,11533,11509,11013
6/11/1987,4001,11399,12689,9899
6/12/1987,4044,11325,14427,9041
6/13/1987,4250,11324,13471,8440
6/14/1987,10255,11345,12114,8116
6/15/1987,11783,11351,10943,8005
6/16/1987,10777,11402,10232,8003
6/17/1987,9258,11453,9603,8101
6/18/1987,7903,11494,9169,8204
6/19/1987,6873,11463,8905,8362
6/20/1987,6125,11355,8808,8479
6/21/1987,5690,11305,8929,8314
6/22/1987,5744,11357,9160,8237
6/23/1987,5735,11414,9372,8434
6/24/1987,6042,18788,9517,8185
6/25/1987,6070,19770,9679,7950
6/26/1987,6058,18413,9824,7897
6/27/1987,6220,16618,10102,8098
6/28/1987,6455,15217,10433,8443
6/29/1987,6933,14085,10673,10534
6/30/1987,7217,13168,10818,12209
7/1/1987,7336,12442,11006,12106
7/2/1987,7507,11843,11275,11090
7/3/1987,7717,11540,11500,10222
7/4/1987,8207,11438,11660,9711
7/5/1987,8767,11562,11788,9495
7/6/1987,8983,11882,11921,9518
7/7/1987,10102,12223,12042,9616
7/8/1987,9745,12408,12161,9657
7/9/1987,9036,12087,12253,9703
7/10/1987,8387,11749,12259,9689
7/11/1987,8339,11319,12203,9716
7/12/1987,7885,10926,11995,9706
7/13/1987,7446,10593,11698,9690
7/14/1987,7182,10425,11453,9735
7/15/1987,7360,10350,11190,9859
7/16/1987,7259,10364,10923,10083
7/17/1987,7137,10284,10735,10431
7/18/1987,7151,10165,10854,10476
7/19/1987,7279,10118,11043,10565
7/20/1987,7545,10158,10977,10798
7/21/1987,8617,10472,10910,15079
7/22/1987,10097,10531,10902,15243
7/23/1987,10333,10493,10974,14215
7/24/1987,10130,10345,10952,13674
7/25/1987,9935,10086,10861,12644
7/26/1987,9987,9811,10710,11724
7/27/1987,9701,9545,10510,11042
7/28/1987,9438,9312,10280,10528
7/29/1987,9452,9174,10217,10157
7/30/1987,9361,9088,10260,9865
7/31/1987,9135,9012,10158,9563
8/1/1987,8852,8950,9993,9232
8/2/1987,8528,8918,10197,8884
8/3/1987,8249,9465,9819,8527
8/4/1987,8041,11674,9377,8216
8/5/1987,7929,11189,9083,7985
8/6/1987,7891,10252,8863,7810
8/7/1987,7949,9206,8610,7684
8/8/1987,8029,8395,8326,7588
8/9/1987,8132,7972,7960,7543
8/10/1987,8347,7666,7736,7587
8/11/1987,8539,7572,7694,7675
8/12/1987,8963,7679,7826,7717
8/13/1987,9092,7749,8098,7841
8/14/1987,9140,7841,8267,8959
8/15/1987,9003,7858,8255,9045
8/16/1987,8778,9847,8146,8845
8/17/1987,8458,10305,8240,8557
8/18/1987,8146,9771,8185,8289
8/19/1987,7965,9184,8114,8145
8/20/1987,7872,8798,8077,8196
8/21/1987,7972,8638,8097,8403
8/22/1987,8183,9122,8224,8717
8/23/1987,8520,9121,8454,9082
8/24/1987,8867,9030,8671,10141
8/25/1987,9256,8966,9382,10341
8/26/1987,9415,8957,9483,10290
8/27/1987,9525,8995,9341,10277
8/28/1987,10567,9080,9163,10424
8/29/1987,10480,9182,9021,10378
8/30/1987,10090,9308,8936,10938
8/31/1987,10258,9446,8899,10700
9/1/1987,9868,9510,8870,10300
9/2/1987,9210,9514,8843,9766
9/3/1987,8595,9455,8831,9238
9/4/1987,8059,9384,8835,8773
9/5/1987,7655,9218,8822,8371
9/6/1987,7362,8976,8791,7989
9/7/1987,7126,8659,8648,7626
9/8/1987,6874,8284,8387,7866
9/9/1987,6638,7897,8052,7468
9/10/1987,6435,7557,7724,6772
9/11/1987,6513,7204,7485,6178
9/12/1987,9161,6954,7449,5821
9/13/1987,10070,6835,7731,5715
9/14/1987,9370,6837,7768,5653
9/15/1987,8800,6815,7745,5724
9/16/1987,16923,6800,7728,5815
9/17/1987,18079,7349,7753,5914
9/18/1987,15515,7235,7812,5991
9/19/1987,12533,6983,7865,6023
9/20/1987,10045,6711,7838,6039
9/21/1987,8163,6373,10039,5801
9/22/1987,6758,6008,9838,5408
9/23/1987,5994,5694,8602,5008
9/24/1987,6060,5357,7282,4838
9/25/1987,5605,4908,6233,4540
9/26/1987,5002,4439,5281,4049
9/27/1987,4347,4000,4495,3572
9/28/1987,3815,3622,3881,3212
9/29/1987,3393,3280,3390,2967
9/30/1987,3062,2967,2966,2959
10/1/1987,2794,2684,2615,3561
10/2/1987,2555,2427,2327,3268
10/3/1987,2368,2715,2256,2790
10/4/1987,2231,2494,2106,2362
10/5/1987,2145,2170,1931,2027
10/6/1987,2072,1873,1773,1795
10/7/1987,2106,1632,1755,3086
10/8/1987,2123,1446,1698,5781
10/9/1987,2018,1302,1542,5533
10/10/1987,1885,1191,1378,4564
10/11/1987,1751,1102,1230,3596
10/12/1987,1631,1032,1104,2860
10/13/1987,1528,975.6,1005,2284
10/14/1987,1443,932.3,933.6,1855
10/15/1987,1372,896.7,876.8,1541
10/16/1987,1313,867.2,828.9,1308
10/17/1987,1261,841.8,788.1,1134
10/18/1987,1215,819.9,753.1,1000
10/19/1987,1175,801.3,722.9,896.1
10/20/1987,1140,784.9,702.3,816.9
10/21/1987,1109,770.6,766.8,758.7
10/22/1987,1081,758.3,762.3,714.1
10/23/1987,1056,747.3,752.5,690.4
10/24/1987,1034,737.4,726.9,752.1
10/25/1987,1014,728.4,693.7,727.5
10/26/1987,994.8,720,662.9,682.6
10/27/1987,976.9,712,637.5,635.9
10/28/1987,960.1,704.4,617.6,599.1
10/29/1987,944.4,697,601.9,570.6
10/30/1987,939,689.6,589.4,586.8
10/31/1987,926.5,682.4,578.8,700.3
11/1/1987,910,675.4,569.6,686.4
11/2/1987,893.5,668.6,561.4,664.9
11/3/1987,878.2,662,554.1,655.9
11/4/1987,864,655.7,547.4,890.2
11/5/1987,850.7,649.6,541.1,863.1
11/6/1987,838.2,643.8,535.6,777.2
11/7/1987,826.3,638.1,530.2,694.4
11/8/1987,815.2,632.4,525.7,618.8
11/9/1987,804.4,626.9,524.7,561.1
11/10/1987,793.8,621.4,519.4,516.8
11/11/1987,783.6,616.1,513.1,483.3
11/12/1987,773.6,611.2,506.8,461.5
11/13/1987,763.8,606.2,501,458.3
11/14/1987,754.1,601.2,495.5,450.3
11/15/1987,744.7,596.1,490.5,439.7
11/16/1987,735.4,590.8,485.9,430.5
11/17/1987,726.4,585.7,481.5,419.8
11/18/1987,718.2,580.7,477.9,408.8
11/19/1987,709.7,576,475.2,398.1
11/20/1987,701.1,571,471.7,388.3
11/21/1987,692.6,566.2,467.9,379.5
11/22/1987,684.3,561.6,464,371.7
11/23/1987,676.2,557.2,460.1,366.7
11/24/1987,668.5,608.1,456.1,690.8
11/25/1987,660.9,606.3,452.2,937.3
11/26/1987,653.4,590.2,448.3,926.2
11/27/1987,646,573.1,444.4,798.4
11/28/1987,638.8,558.6,440.7,668.7
11/29/1987,631.7,547,437.1,566.8
11/30/1987,624.8,537.7,433.5,495.1
12/1/1987,618,529.9,430,445.5
12/2/1987,611.3,523.3,426.5,410.2
12/3/1987,604.8,517.4,423.1,384.2
12/4/1987,598.4,512.1,419.8,364.5
12/5/1987,592.2,507.1,416.6,349.4
12/6/1987,586.1,502.5,413.4,337.4
12/7/1987,580.1,498,410.2,327.8
12/8/1987,574.2,493.7,407.1,320
12/9/1987,568.4,489.8,404,313.9
12/10/1987,562.7,485.8,400.9,309
12/11/1987,557.2,482,397.9,304.4
12/12/1987,551.7,478.1,394.9,299.9
12/13/1987,546.3,474.4,392,295.6
12/14/1987,541.1,470.7,389.1,291.5
12/15/1987,535.9,467.1,386.2,287.8
12/16/1987,530.8,463.5,383.4,284.3
12/17/1987,525.8,460,380.6,281
12/18/1987,520.8,456.5,377.8,277.9
12/19/1987,516,453.1,375.1,275
12/20/1987,511.2,449.7,372.8,272.3
12/21/1987,506.5,446.3,370.2,269.7
12/22/1987,501.9,443,367.6,267.3
12/23/1987,497.4,439.8,364.9,264.9
12/24/1987,492.9,436.6,362.2,263.5
12/25/1987,488.5,433.4,359.5,262.1
12/26/1987,484.1,430.2,356.9,260.1
12/27/1987,479.8,427.1,354.3,257.9
12/28/1987,475.6,424,351.7,255.6
12/29/1987,471.5,421,349.2,253.3
12/30/1987,467.4,417.9,346.8,251.4
12/31/1987,463.3,414.9,344.4,249.3
1/1/1988,459.3,411.9,342,247.3
1/2/1988,455.4,409,339.6,245.2
1/3/1988,451.5,406.1,337.2,243.2
1/4/1988,980.9,403.2,334.9,241.2
1/5/1988,978.7,400.3,332.6,239.3
1/6/1988,841.8,397.5,330.3,237.4
1/7/1988,704.5,395,328,235.8
1/8/1988,600.6,392.4,325.7,234.1
1/9/1988,530.1,389.6,323.3,232.4
1/10/1988,484.7,386.8,321,230.6
1/11/1988,456.1,384,318.7,228.8
1/12/1988,438,381.2,316.4,227
1/13/1988,426.2,378.5,314.2,225.3
1/14/1988,418.1,375.8,312,223.5
1/15/1988,412.1,373.1,309.8,221.8
1/16/1988,407.5,370.5,307.6,220.2
1/17/1988,403.4,367.9,305.5,218.5
1/18/1988,399.8,365.3,303.4,216.9
1/19/1988,396.4,362.7,301.3,215.3
1/20/1988,393.2,360.2,299.2,213.6
1/21/1988,390,357.7,297.2,212.1
1/22/1988,386.9,355.2,295.1,210.5
1/23/1988,383.9,352.7,293,209
1/24/1988,380.9,350.3,291,207.4
1/25/1988,377.9,347.8,289.1,205.9
1/26/1988,375,345.4,287.1,204.5
1/27/1988,372.1,343,285.2,203
1/28/1988,369.3,340.7,283.2,201.6
1/29/1988,366.5,338.3,281.3,200.1
1/30/1988,363.7,336,279.3,198.7
1/31/1988,360.9,333.7,277.3,197.3
2/1/1988,358.2,331.4,275.4,195.9
2/2/1988,355.5,329.1,273.6,194.5
2/3/1988,352.9,326.9,271.7,193.4
2/4/1988,350.2,324.6,269.8,192.4
2/5/1988,347.7,322.4,268.1,191.2
2/6/1988,345.1,320.2,266.3,189.9
2/7/1988,342.6,318,264.5,188.6
2/8/1988,340.1,315.8,262.7,187.2
2/9/1988,338.1,313.7,260.9,185.8
2/10/1988,335.9,311.5,259.1,184.5
2/11/1988,333.5,309.4,257.3,183.1
2/12/1988,330.9,307.3,255.6,181.7
2/13/1988,328.4,305.2,253.8,180.4
2/14/1988,325.8,303.1,252.1,179.1
2/15/1988,323.4,301.1,250.5,177.8
2/16/1988,321,299,249.5,176.5
2/17/1988,318.8,297.2,248.3,175.3
2/18/1988,316.7,295.1,246.9,174
2/19/1988,314.3,293.1,245.3,172.8
2/20/1988,311.9,291.1,243.6,171.6
2/21/1988,309.5,289.1,241.7,170.4
2/22/1988,307.2,287.1,239.8,169.3
2/23/1988,304.9,285.2,238,168.2
2/24/1988,302.8,283.2,236.3,167
2/25/1988,300.9,281.4,234.9,165.8
2/26/1988,299.5,279.6,233.6,164.7
2/27/1988,297.7,277.8,231.9,163.5
2/28/1988,295.7,275.9,230.1,162.4
2/29/1988,293.5,274.3,228.4,161.2
3/1/1988,291.2,272.5,226.7,160.4
3/2/1988,288.9,270.9,225.1,160
3/3/1988,286.7,269.3,223.5,199.2
3/4/1988,284.7,267.8,222.8,295.4
3/5/1988,283,266.9,222.3,313.8
3/6/1988,281.4,266.3,221.8,305.1
3/7/1988,280.2,265.7,221.1,287.3
3/8/1988,279.2,265.2,220.6,267.5
3/9/1988,277.9,263.4,219.7,248.5
3/10/1988,276.4,261.8,220.1,231.4
3/11/1988,273.9,259.4,219,216.4
3/12/1988,273.4,257.1,217,203.4
3/13/1988,271.8,254.9,214.1,192.2
3/14/1988,269.1,252.7,211.3,182.8
3/15/1988,266.8,250.5,209,174.8
3/16/1988,264.1,248.5,206.9,168
3/17/1988,261.7,246.6,205.1,162.4
3/18/1988,259.6,245.1,203.9,157.8
3/19/1988,257.4,243.6,203.2,154.5
3/20/1988,255.5,242.4,204.4,152.2
3/21/1988,253.6,241.1,204.3,153
3/22/1988,251.6,239.6,203.4,171.9
3/23/1988,250,238.9,202.2,255
3/24/1988,248.5,238.4,200.8,673.2
3/25/1988,246.8,237.6,199.1,806.8
3/26/1988,245.1,236.4,197.1,799.2
3/27/1988,243.5,234.7,195,826.4
3/28/1988,241.8,233.1,193,775.3
3/29/1988,240.2,234.5,191.2,706.4
3/30/1988,238.6,232.6,189.7,635.9
3/31/1988,236.8,229.7,188.4,590.1
4/1/1988,235.1,226.8,189.7,571.8
4/2/1988,233.5,224.1,190.1,540.2
4/3/1988,232.2,221.7,190.7,500.6
4/4/1988,231.5,219.5,194,459.1
4/5/1988,231.1,217.7,213.3,425.3
4/6/1988,230.5,216.4,352.5,421.8
4/7/1988,229.7,215.7,382.3,464.2
4/8/1988,229.1,215.5,396.3,628.9
4/9/1988,228.8,215.7,448,1151
4/10/1988,229.1,216.2,526.7,1144
4/11/1988,229.4,217.6,626.9,1018
4/12/1988,229.1,226.5,747.6,903.2
4/13/1988,229.3,241.4,889.1,851.5
4/14/1988,271.3,272.8,1202,873.9
4/15/1988,346.4,419,1537,1066
4/16/1988,402,552.2,1752,2250
4/17/1988,437.2,634.6,1870,3545
4/18/1988,466.6,673,1917,3794
4/19/1988,512.1,703.9,1940,3632
4/20/1988,553.1,892.3,1923,3389
4/21/1988,587.6,971.1,1882,3165
4/22/1988,633.3,1011,1858,3003
4/23/1988,700.9,1122,1888,2893
4/24/1988,955.3,1177,1906,2784
4/25/1988,1085,1262,1896,2671
4/26/1988,1264,1348,1903,2580
4/27/1988,1464,1486,1976,2573
4/28/1988,1862,1649,2122,2661
4/29/1988,2153,1851,2339,2799
4/30/1988,2293,2471,2567,2967
5/1/1988,2286,3115,2818,3129
5/2/1988,2413,3592,3154,3205
5/3/1988,2678,3927,3360,3259
5/4/1988,2746,4170,3641,3306
5/5/1988,2758,4299,3702,3316
5/6/1988,2655,4569,3887,3271
5/7/1988,2536,4651,3835,3200
5/8/1988,2449,4564,3644,3095
5/9/1988,2389,4351,3501,2979
5/10/1988,2414,4072,3542,2911
5/11/1988,2471,3797,3679,2900
5/12/1988,2470,3523,3905,2977
5/13/1988,2552,3331,4225,3114
5/14/1988,2611,3309,4549,3260
5/15/1988,2705,3396,5783,3406
5/16/1988,2703,3485,5852,3691
5/17/1988,2994,3602,5486,3666
5/18/1988,2933,3763,5042,3588
5/19/1988,2735,3841,4813,3530
5/20/1988,2533,3830,4498,3478
5/21/1988,2383,3742,4139,3390
5/22/1988,2315,3595,3638,3307
5/23/1988,2360,3472,3191,3249
5/24/1988,2484,3443,2910,3362
5/25/1988,2698,3562,2905,4212
5/26/1988,2992,3744,3218,4568
5/27/1988,3255,4030,4858,6110
5/28/1988,3460,4393,5561,5895
5/29/1988,3637,4620,5865,5396
5/30/1988,3699,4786,6081,4671
5/31/1988,3741,5013,6407,3924
6/1/1988,3779,5104,6639,3341
6/2/1988,3699,5153,6686,2881
6/3/1988,3688,5197,6654,2580
6/4/1988,3943,5259,6608,2432
6/5/1988,3826,5324,6554,2448
6/6/1988,3670,5421,6597,2711
6/7/1988,3488,5525,6628,2779
6/8/1988,3447,5601,6769,2685
6/9/1988,3275,5758,7199,2602
6/10/1988,3143,6006,7322,2675
6/11/1988,3273,6385,7434,2989
6/12/1988,3552,6803,7545,3474
6/13/1988,5003,7244,7767,3987
6/14/1988,5190,7682,8060,4485
6/15/1988,4857,8057,8379,4913
6/16/1988,4465,8329,8724,5288
6/17/1988,4157,8587,8993,5620
6/18/1988,4015,8741,9286,7839
6/19/1988,4086,8657,9594,9968
6/20/1988,4347,8587,9697,10249
6/21/1988,4789,8513,11463,9495
6/22/1988,5223,8520,11131,8704
6/23/1988,5678,8621,10457,8206
6/24/1988,6124,8706,9998,8878
6/25/1988,6584,8795,9544,8853
6/26/1988,7025,8887,9681,8796
6/27/1988,7554,9199,9509,8634
6/28/1988,7992,9292,9331,9277
6/29/1988,8593,9360,9593,10018
6/30/1988,8978,9402,9945,10234
7/1/1988,9206,9558,10383,10503
7/2/1988,9350,10379,10985,10819
7/3/1988,9652,10381,11651,11204
7/4/1988,9778,10186,11849,11373
7/5/1988,9540,9881,11740,11437
7/6/1988,9205,9497,11523,11473
7/7/1988,8893,9171,11332,11523
7/8/1988,8837,8999,11238,11608
7/9/1988,8836,8998,11209,11742
7/10/1988,9051,9118,11191,12010
7/11/1988,9297,9699,11119,12288
7/12/1988,9478,9755,11026,12450
7/13/1988,9510,9396,10858,12349
7/14/1988,9690,8901,10551,11951
7/15/1988,9717,8238,10303,11537
7/16/1988,9402,7570,11052,11028
7/17/1988,9102,7110,10747,10740
7/18/1988,8917,7082,10265,10510
7/19/1988,8938,7353,9871,10406
7/20/1988,9256,7759,9688,10333
7/21/1988,9251,8119,9746,10237
7/22/1988,9520,9821,9770,10048
7/23/1988,9349,10017,9644,9840
7/24/1988,9046,9626,9437,9636
7/25/1988,8826,9192,9320,9547
7/26/1988,8789,8946,9290,9590
7/27/1988,8862,9148,9514,9824
7/28/1988,9056,9529,10032,10046
7/29/1988,9392,10099,10902,10257
7/30/1988,10561,11012,11610,10411
7/31/1988,10620,11324,12053,10459
8/1/1988,10242,11105,12002,10343
8/2/1988,9699,10637,11999,10084
8/3/1988,9094,10128,11529,9804
8/4/1988,8632,9588,11094,9598
8/5/1988,8357,9149,11328,9393
8/6/1988,8198,9015,10901,9243
8/7/1988,8129,8831,10319,9197
8/8/1988,8072,8619,9734,9168
8/9/1988,7960,8347,9208,9137
8/10/1988,7804,8049,10791,8988
8/11/1988,7720,7899,10422,8866
8/12/1988,7694,7885,9536,8734
8/13/1988,7685,7849,8426,8623
8/14/1988,7526,7829,7543,8623
8/15/1988,7254,7739,6921,8325
8/16/1988,6985,7596,6487,7885
8/17/1988,6772,7483,6281,7460
8/18/1988,6648,7353,6297,7133
8/19/1988,6675,7256,6493,6935
8/20/1988,6783,7263,6766,6884
8/21/1988,6898,7288,7046,7170
8/22/1988,6877,7205,7204,8441
8/23/1988,6821,7084,7257,8311
8/24/1988,6756,6940,7305,7801
8/25/1988,6657,6736,7205,7307
8/26/1988,6556,6589,7066,6954
8/27/1988,6671,6454,6952,6654
8/28/1988,6386,6258,6879,6493
8/29/1988,6126,6126,6807,6610
8/30/1988,5761,6357,6709,7403
8/31/1988,5801,6344,6540,7455
9/1/1988,5452,6361,6417,7127
9/2/1988,5095,6139,6369,6798
9/3/1988,4917,5860,6276,6616
9/4/1988,4840,5633,6154,6436
9/5/1988,4878,6156,6027,6320
9/6/1988,4918,5867,5925,6233
9/7/1988,5741,5441,5843,6064
9/8/1988,5976,5071,5791,5867
9/9/1988,5793,4794,5917,5701
9/10/1988,5618,4671,6405,5638
9/11/1988,5704,4653,6734,6055
9/12/1988,5559,4719,6520,6033
9/13/1988,5530,4665,6225,5913
9/14/1988,5709,4626,5954,5873
9/15/1988,5448,4595,5644,6090
9/16/1988,5093,4565,5342,5816
9/17/1988,4747,4524,5019,5393
9/18/1988,4702,4454,4678,4929
9/19/1988,4677,5363,4366,4479
9/20/1988,4270,5130,4105,4061
9/21/1988,3825,4630,3832,3667
9/22/1988,3441,4054,3544,3320
9/23/1988,3126,3549,3269,2951
9/24/1988,2888,3141,3040,2676
9/25/1988,2712,2837,2961,2504
9/26/1988,2582,2588,2863,2413
9/27/1988,2532,2394,2729,2405
9/28/1988,2552,2272,2509,2495
9/29/1988,2460,2192,2283,2369
9/30/1988,2297,2067,2059,2187
10/1/1988,2111,1910,1851,2045
10/2/1988,1926,1749,1665,1896
10/3/1988,1758,1586,1505,1757
10/4/1988,1612,1432,1356,1604
10/5/1988,1515,1296,1221,1460
10/6/1988,1396,1179,1098,1323
10/7/1988,1280,1083,990.5,1195
10/8/1988,1176,1001,901.4,1080
10/9/1988,1088,936.4,822.7,979.6
10/10/1988,1014,877,755.7,892.4
10/11/1988,956.5,932.8,699.8,824.6
10/12/1988,1005,896.1,660.3,776.9
10/13/1988,970.2,824.7,640.3,766.3
10/14/1988,912.8,795.2,657,733.4
10/15/1988,858.4,738,696.3,695.4
10/16/1988,812.9,681.1,671,659.1
10/17/1988,776.4,633.1,628,626.4
10/18/1988,747.2,594.7,587.4,597.5
10/19/1988,723.2,564.1,553.2,575.1
10/20/1988,703.3,539.5,525.8,553.7
10/21/1988,686.5,519.4,504,533.8
10/22/1988,672.4,503.2,486.6,515.9
10/23/1988,660.2,490.2,472.6,500.7
10/24/1988,649.2,479.2,460.3,487.8
10/25/1988,639.3,469.9,449.1,476.6
10/26/1988,629.8,460.8,438.8,467
10/27/1988,620.7,452.1,429.2,461.3
10/28/1988,612,444.5,420.4,536.6
10/29/1988,603.8,438.5,412.3,528.1
10/30/1988,596.1,431.9,405.6,499.1
10/31/1988,588.7,425.2,398.8,470.7
11/1/1988,581.4,418.5,392.3,448
11/2/1988,574.8,412.1,386.3,431
11/3/1988,575.1,406.6,380.7,418.4
11/4/1988,569.2,403,375.6,409
11/5/1988,564.6,402.1,371.1,401.6
11/6/1988,557.2,397.5,366.8,395.6
11/7/1988,549.3,391.6,362.6,390.4
11/8/1988,541.7,385.7,358.6,385.7
11/9/1988,534.6,380.2,354.7,381.4
11/10/1988,535.9,375.2,351,377.3
11/11/1988,531.7,370.7,347.8,373.4
11/12/1988,524.2,366.3,344.9,369.6
11/13/1988,516.5,362,349.1,366
11/14/1988,509.6,357.9,375.6,362.5
11/15/1988,539.7,354.3,419.2,359.5
11/16/1988,533.6,350.4,536.4,356.3
11/17/1988,518.7,346.4,655.6,353.1
11/18/1988,504,342.5,624.1,350
11/19/1988,491.9,338.7,558.1,347.8
11/20/1988,482.3,335,495.6,346.8
11/21/1988,474.6,331.4,445.8,344.8
11/22/1988,468.2,328.2,408.3,340.9
11/23/1988,462.7,325.6,380.5,336.9
11/24/1988,457.9,322.7,359.5,332.9
11/25/1988,453.5,319.7,343.4,329.2
11/26/1988,449.1,316.7,330.7,325.7
11/27/1988,444.8,313.5,320.4,322.2
11/28/1988,440.6,310.3,311.9,318.9
11/29/1988,436.6,307.1,304.7,316
11/30/1988,432.7,304,298.5,313
12/1/1988,429.1,301,293.2,310
12/2/1988,425.4,298.1,288.5,307.5
12/3/1988,421.7,295.2,284.2,305.1
12/4/1988,418,292.4,280.4,302.4
12/5/1988,414.4,289.7,276.9,299.7
12/6/1988,410.8,287.2,273.7,297.2
12/7/1988,407.3,285.2,270.7,295.1
12/8/1988,404.1,285.9,267.8,319.6
12/9/1988,400.8,379.2,265.1,599.8
12/10/1988,397.4,376.2,262.6,641.1
12/11/1988,394,349.9,260.2,594.3
12/12/1988,390.6,323.5,257.9,517.2
12/13/1988,387.4,302.9,255.6,440.6
12/14/1988,384.2,288.6,253.3,381.9
12/15/1988,381.2,278.3,251.1,341.4
12/16/1988,378.3,271,248.9,314.9
12/17/1988,375.4,265.7,246.8,300.5
12/18/1988,372.4,261.8,244.9,289
12/19/1988,369.4,258.7,243.9,280.4
12/20/1988,366.4,255.9,242.6,274
12/21/1988,363.4,253.3,241,269
12/22/1988,360.5,250.9,238.8,265
12/23/1988,357.6,248.7,236.3,261.7
12/24/1988,354.8,274.9,233.8,258.8
12/25/1988,352,273.6,231.6,256.1
12/26/1988,349.2,265.2,229.5,253.7
12/27/1988,346.5,256.4,227.5,251.4
12/28/1988,343.8,249.3,225.6,249.3
12/29/1988,341.1,243.8,224,247.5
12/30/1988,338.5,239.5,222.3,248
12/31/1988,335.9,236.1,220.7,247.1
1/1/1989,333.4,233.3,219.2,244.9
1/2/1989,330.8,230.9,217.6,242.4
1/3/1989,328.3,228.7,215.9,240
1/4/1989,325.9,226.6,214.1,237.6
1/5/1989,323.4,224.6,212.3,235.5
1/6/1989,321,222.8,210.6,233.4
1/7/1989,318.6,221,208.9,231.4
1/8/1989,316.2,219.2,207.2,229.5
1/9/1989,313.9,217.5,205.6,227.7
1/10/1989,311.5,215.8,204,225.9
1/11/1989,309.2,214.1,202.4,224.1
1/12/1989,307,212.5,200.9,222.4
1/13/1989,304.7,210.9,199.4,220.8
1/14/1989,302.5,209.3,197.9,219.1
1/15/1989,300.3,207.7,196.4,217.5
1/16/1989,298.1,206.1,194.9,215.9
1/17/1989,295.9,204.6,193.5,214.3
1/18/1989,293.8,203.1,192.1,212.8
1/19/1989,291.7,201.6,190.6,211.3
1/20/1989,289.5,200.1,189.2,209.8
1/21/1989,287.5,198.7,188.4,208.3
1/22/1989,285.4,197.2,187.8,206.8
1/23/1989,283.3,195.8,188.5,205.3
1/24/1989,281.3,194.3,187.2,203.8
1/25/1989,279.3,192.9,185.3,202.4
1/26/1989,277.3,191.5,183.4,200.9
1/27/1989,275.3,190.1,181.6,199.5
1/28/1989,273.4,188.8,179.9,198.1
1/29/1989,271.4,187.4,178.3,196.7
1/30/1989,269.5,186.1,176.8,195.3
1/31/1989,267.6,184.7,175.7,193.9
2/1/1989,265.7,183.4,174.9,192.5
2/2/1989,264,182.6,173.8,191.2
2/3/1989,262.4,181.6,172.4,189.9
2/4/1989,260.5,180.4,171.1,188.6
2/5/1989,258.6,179.1,169.9,187.3
2/6/1989,256.7,177.7,168.5,186.1
2/7/1989,254.9,176.2,167,184.9
2/8/1989,253,174.8,165.7,183.7
2/9/1989,251.2,173.5,164.5,182.6
2/10/1989,249.5,172.2,163.3,182.4
2/11/1989,247.7,171,162.2,181.9
2/12/1989,246,169.8,161,180.8
2/13/1989,244.3,168.6,160,179.5
2/14/1989,242.6,167.4,159,178
2/15/1989,240.9,166.2,157.8,176.6
2/16/1989,239.2,165,156.7,175.1
2/17/1989,237.6,163.9,155.7,173.6
2/18/1989,235.9,162.7,154.5,172.2
2/19/1989,234.3,161.6,153.3,170.8
2/20/1989,232.7,160.6,152.1,169.5
2/21/1989,231.1,159.5,151,168.2
2/22/1989,229.5,158.4,149.9,167.6
2/23/1989,228.1,157.5,150.1,167.5
2/24/1989,227.1,156.7,150.3,168.4
2/25/1989,225.8,155.9,150,168.4
2/26/1989,224.3,156.1,149.3,167.7
2/27/1989,222.7,155.5,148.2,169.5
2/28/1989,221.1,154.5,146.9,357.2
3/1/1989,219.4,153.2,145.5,784.6
3/2/1989,217.8,151.9,144.3,1109
3/3/1989,216.2,150.6,143.2,952.9
3/4/1989,214.7,149.3,141.9,715.1
3/5/1989,213.1,148,140.6,515.9
3/6/1989,211.7,146.8,139.5,375.7
3/7/1989,210.4,145.6,138.3,284.9
3/8/1989,209.1,144.4,137.2,228.7
3/9/1989,207.8,143.4,136.1,195
3/10/1989,206.5,142.3,135,174.9
3/11/1989,205.1,141.2,133.8,162.9
3/12/1989,203.6,140.3,132.7,155.7
3/13/1989,202.4,139.6,131.9,151.3
3/14/1989,201.6,139.2,131.5,148.5
3/15/1989,200.4,138.9,131.2,146.4
3/16/1989,199.1,138.5,131.3,144.7
3/17/1989,197.7,138.3,131.7,143.3
3/18/1989,196.6,138.2,132,142.1
3/19/1989,196,138.2,132.2,141
3/20/1989,195.2,214.7,132.1,139.9
3/21/1989,194.1,268.6,131.3,138.8
3/22/1989,192.6,274.5,136,137.8
3/23/1989,191,262.6,162.2,143.1
3/24/1989,189.4,245.2,182.6,152
3/25/1989,187.9,227.3,194,155.4
3/26/1989,186.6,210.8,228,155.6
3/27/1989,185.6,195.8,244,153.8
3/28/1989,185.4,182.7,244.5,151.1
3/29/1989,185.1,171.5,236,148.5
3/30/1989,184.8,162.3,223.4,145.8
3/31/1989,184.3,154.6,209.2,143.3
4/1/1989,301.9,148.1,194.9,154.1
4/2/1989,303.2,142.5,191.2,220.6
4/3/1989,274.2,137.7,197.7,259.9
4/4/1989,244.2,133.9,204.1,272.5
4/5/1989,220.9,255.7,212.9,280.9
4/6/1989,204.3,268.6,227.5,277.3
4/7/1989,193,254.7,227.9,266
4/8/1989,185.7,259.7,220.4,257.5
4/9/1989,180.9,281.9,221.8,243.9
4/10/1989,254,326.5,237.6,228.6
4/11/1989,332.3,366.7,288.7,213.2
4/12/1989,324.7,391.4,473.3,202.7
4/13/1989,325.1,416.8,848.4,283.6
4/14/1989,291.2,468.5,994.8,597.2
4/15/1989,257.6,573.4,1101,1002
4/16/1989,233.5,817.5,1300,1429
4/17/1989,215.8,926.8,1419,1743
4/18/1989,203.2,1003,1466,2114
4/19/1989,193.7,1093,1494,2436
4/20/1989,186.8,1104,1514,2457
4/21/1989,199.6,1063,1675,2365
4/22/1989,244.6,1108,1934,2297
4/23/1989,405.9,1110,2125,2243
4/24/1989,499.7,1136,2213,2338
4/25/1989,557,1208,2265,2514
4/26/1989,554,1417,2302,2633
4/27/1989,521.1,1547,2303,2688
4/28/1989,479.7,1772,2254,2674
4/29/1989,510.6,2182,2178,2790
4/30/1989,630.3,3226,2125,3105
5/1/1989,614.8,3520,2016,3013
5/2/1989,556.8,3589,2013,2801
5/3/1989,490.3,3269,1846,2550
5/4/1989,428.8,2885,1688,2298
5/5/1989,376.5,2532,1567,2066
5/6/1989,344,2233,1494,1855
5/7/1989,314.8,1988,1479,1673
5/8/1989,300.8,1790,1489,1519
5/9/1989,326.6,1692,1529,1393
5/10/1989,498.4,1560,1595,1298
5/11/1989,684.7,2506,1746,1315
5/12/1989,814.3,2704,2067,1630
5/13/1989,968.8,2566,2419,1997
5/14/1989,1113,2507,2900,2308
5/15/1989,1236,2497,3633,2588
5/16/1989,1262,2513,3795,2782
5/17/1989,1293,2573,3703,2949
5/18/1989,1339,2613,3621,3013
5/19/1989,1508,2658,3404,3058
5/20/1989,1699,2699,3253,3097
5/21/1989,1919,2687,3159,3146
5/22/1989,2085,2671,3172,3203
5/23/1989,2202,2660,3229,3320
5/24/1989,2294,2669,3227,3488
5/25/1989,2426,2674,3185,3822
5/26/1989,2535,2667,3301,4268
5/27/1989,3039,2691,3677,4783
5/28/1989,3567,2807,4427,5344
5/29/1989,3831,2995,5401,6097
5/30/1989,4016,3388,5914,6834
5/31/1989,4497,3934,6361,7653
6/1/1989,4806,4912,6915,8457
6/2/1989,4948,5945,11680,9213
6/3/1989,5052,6923,12946,9836
6/4/1989,5168,7815,13159,11198
6/5/1989,4979,8382,12306,10746
6/6/1989,4637,8772,11262,9766
6/7/1989,4360,8779,10354,8843
6/8/1989,4150,8713,9634,8174
6/9/1989,4080,8410,9156,8820
6/10/1989,4039,8168,8928,10932
6/11/1989,4129,8078,8658,10844
6/12/1989,5814,7803,8562,10128
6/13/1989,8313,7752,8533,9517
6/14/1989,7973,7591,8261,8638
6/15/1989,7137,7473,7960,7745
6/16/1989,6290,7309,7699,6929
6/17/1989,5502,7176,7488,6278
6/18/1989,4878,7100,7315,5876
6/19/1989,4393,7034,7228,5744
6/20/1989,4063,7096,7185,5974
6/21/1989,3987,7327,7263,6419
6/22/1989,4208,7730,7495,6739
6/23/1989,4406,8258,7887,9721
6/24/1989,4607,8943,8203,12075
6/25/1989,4980,9542,8935,12309
6/26/1989,6654,10506,9382,12093
6/27/1989,6982,10886,9678,11988
6/28/1989,6918,11069,9715,12033
6/29/1989,6810,11010,9790,12095
6/30/1989,6676,10879,9443,12128
7/1/1989,6374,10666,9019,12085
7/2/1989,6111,10398,8584,11895
7/3/1989,5994,10206,8236,12833
7/4/1989,5541,9995,7981,12126
7/5/1989,5072,9789,7592,10932
7/6/1989,4733,9694,7347,9825
7/7/1989,4683,9783,7377,9434
7/8/1989,4995,13176,7666,9784
7/9/1989,5830,15393,8130,10642
7/10/1989,6332,17339,8710,11874
7/11/1989,6780,18305,9489,13234
7/12/1989,7307,17976,9922,14389
7/13/1989,7514,17331,10137,15089
7/14/1989,7526,16639,10099,15593
7/15/1989,7552,16045,10069,15785
7/16/1989,7489,15343,10559,15792
7/17/1989,7521,14651,10136,15733
7/18/1989,7561,14128,9574,15561
7/19/1989,7513,13676,9155,15163
7/20/1989,7443,13134,8922,14668
7/21/1989,7350,12367,8779,14077
7/22/1989,7056,11614,8707,13431
7/23/1989,6860,10968,8241,12825
7/24/1989,6765,10471,7792,12250
7/25/1989,6782,10172,7528,11868
7/26/1989,6881,10080,7514,11671
7/27/1989,7187,10225,7737,11629
7/28/1989,7328,10245,8049,11584
7/29/1989,7190,9910,7808,11312
7/30/1989,6840,9505,7298,10691
7/31/1989,6363,8742,6597,9873
8/1/1989,5868,7990,5891,9017
8/2/1989,5495,7370,5348,8351
8/3/1989,5308,6973,4952,7915
8/4/1989,5458,6807,4752,8368
8/5/1989,5446,6812,4722,9793
8/6/1989,5543,6905,4778,9959
8/7/1989,5496,7097,4915,9494
8/8/1989,5491,7273,5142,9159
8/9/1989,5593,7621,5437,8806
8/10/1989,5762,7643,5789,8666
8/11/1989,5916,7578,6106,8553
8/12/1989,6035,7529,6410,8339
8/13/1989,6094,8466,6669,8116
8/14/1989,6108,8098,6849,7907
8/15/1989,6108,7837,7017,7731
8/16/1989,6192,8524,7170,7802
8/17/1989,6318,7917,7355,7687
8/18/1989,6510,7061,7552,7604
8/19/1989,6527,6489,7789,7491
8/20/1989,6370,5951,7942,7384
8/21/1989,6142,5538,7670,7251
8/22/1989,5926,5188,7321,7136
8/23/1989,5750,4969,6950,7233
8/24/1989,5596,4858,6617,6955
8/25/1989,5479,4827,6246,6578
8/26/1989,5367,4795,5866,6210
8/27/1989,5195,4697,5310,5831
8/28/1989,4796,4445,4791,5432
8/29/1989,4366,4119,4345,5057
8/30/1989,4003,3790,3985,4684
8/31/1989,3761,3472,3713,4397
9/1/1989,3681,3221,3590,4228
9/2/1989,3820,3092,3673,4331
9/3/1989,4087,3089,3848,4820
9/4/1989,5863,3250,4196,5048
9/5/1989,9654,3562,6285,6273
9/6/1989,11983,3934,7226,9054
9/7/1989,10691,4311,6932,8805
9/8/1989,8732,4667,6228,7730
9/9/1989,7082,4992,5528,6596
9/10/1989,5933,5293,4970,5692
9/11/1989,5934,5563,4658,5066
9/12/1989,5442,5694,4649,4659
9/13/1989,4848,5708,4954,4439
9/14/1989,4410,5691,5288,4460
9/15/1989,4207,5742,5430,4663
9/16/1989,4408,5916,5615,5017
9/17/1989,7104,6227,6055,5736
9/18/1989,8181,7120,7251,6499
9/19/1989,9557,7469,8510,7145
9/20/1989,8800,7574,9373,7354
9/21/1989,7487,7434,8726,7346
9/22/1989,6280,7076,7725,7196
9/23/1989,5271,6635,6768,6958
9/24/1989,4466,6140,5998,6681
9/25/1989,4149,5684,5438,6437
9/26/1989,4172,5285,5055,6245
9/27/1989,4030,4976,4803,6245
9/28/1989,3535,4779,4675,6223
9/29/1989,3074,4671,4656,6151
9/30/1989,3092,4587,5273,6098
10/1/1989,3049,4547,5280,6054
10/2/1989,3083,4594,5108,5968
10/3/1989,2769,6161,4898,5950
10/4/1989,2402,7516,4826,5813
10/5/1989,2090,7151,5079,7241
10/6/1989,1863,6182,7619,6971
10/7/1989,1847,5325,7352,6428
10/8/1989,1744,5316,6432,5667
10/9/1989,1613,4843,5616,4859
10/10/1989,1502,4284,4820,4142
10/11/1989,1369,3922,4113,3568
10/12/1989,1242,3467,3522,3114
10/13/1989,1128,3043,3031,2726
10/14/1989,1144,2689,2637,2395
10/15/1989,1066,2394,2321,2125
10/16/1989,972.6,2149,2073,1909
10/17/1989,888.7,1947,1883,1727
10/18/1989,819.9,1780,1736,1576
10/19/1989,765.2,1646,1608,1449
10/20/1989,721.4,1538,1694,1343
10/21/1989,781.2,1446,1607,1253
10/22/1989,752.7,1377,1550,1182
10/23/1989,738.9,1310,2033,1126
10/24/1989,790.5,1255,1948,1078
10/25/1989,748.3,1462,1689,1036
10/26/1989,689.8,1402,1423,999.4
10/27/1989,639,1279,1201,966.4
10/28/1989,600.9,1160,1037,937.5
10/29/1989,572.5,1063,919.5,912.1
10/30/1989,551.5,989.2,833.9,889.7
10/31/1989,535,934.8,801.7,869.9
11/1/1989,521.7,893.4,793.7,852.2
11/2/1989,510.6,859.7,787.5,836.2
11/3/1989,500.6,831.9,744.8,821.8
11/4/1989,491.6,809.1,693.5,808.7
11/5/1989,483.2,789.7,643.9,797.5
11/6/1989,476.6,773,599.1,786.9
11/7/1989,469.7,758.4,560,777.2
11/8/1989,462.9,745.4,526.3,767.5
11/9/1989,456.3,733.8,497.6,757.9
11/10/1989,449.9,723.3,473.1,748.5
11/11/1989,443.7,713.7,452.3,739.4
11/12/1989,437.6,704.7,434.6,730.5
11/13/1989,431.9,696.4,419.5,722
11/14/1989,426.3,688.5,406.5,713.7
11/15/1989,421.5,681,395.3,705.8
11/16/1989,417.3,673.9,385.7,698.3
11/17/1989,413.1,667.1,378,691
11/18/1989,408.3,660.4,372.6,684.9
11/19/1989,403.5,654,369.8,678.5
11/20/1989,398.5,647.8,364.5,672
11/21/1989,393.6,641.7,358.8,665.5
11/22/1989,388.8,635.9,353.3,658.9
11/23/1989,384.1,630.1,348,652.3
11/24/1989,379.5,624.4,342.9,645.7
11/25/1989,375,618.8,338,639.4
11/26/1989,370.6,613.3,333.5,633
11/27/1989,366.3,607.8,329.2,626.7
11/28/1989,362.1,602.5,325.5,620.6
11/29/1989,358.1,597.3,322.6,614.5
11/30/1989,354.2,592.3,319.3,608.6
12/1/1989,350.4,587.2,316.2,602.8
12/2/1989,346.6,582.2,431,597
12/3/1989,343,577.4,428.8,591.4
12/4/1989,339.4,572.9,396.1,585.8
12/5/1989,336,568.5,363.2,580.4
12/6/1989,333.1,564.8,337.7,575.1
12/7/1989,330.7,562,319.9,570
12/8/1989,328,558,307.7,565
12/9/1989,324.7,553,299.1,560
12/10/1989,321.3,547.9,292.8,555
12/11/1989,317.8,556.6,288,550.2
12/12/1989,314.5,976.8,284.1,618.6
12/13/1989,311.3,987,280.8,744.6
12/14/1989,308.1,888.5,277.8,866
12/15/1989,305.1,783.9,275.1,943.5
12/16/1989,302.1,700.7,272.5,945.9
12/17/1989,299.3,640.7,270.1,913.5
12/18/1989,296.6,598.7,267.8,866.5
12/19/1989,294.2,569.4,265.5,815.3
12/20/1989,291.5,548.3,263.2,765.2
12/21/1989,288.6,532.7,260.8,718.9
12/22/1989,285.9,520.5,258.5,677.4
12/23/1989,283.2,510.7,256.3,641.1
12/24/1989,280.6,502.5,254.1,609.7
12/25/1989,278,495.4,252,582.9
12/26/1989,276.1,489.1,250.1,560.1
12/27/1989,274,483.4,248.7,540.8
12/28/1989,271.6,478.2,247.8,524.4
12/29/1989,269.2,473.4,245.9,510.6
12/30/1989,266.8,468.9,244,513
12/31/1989,264.4,464.6,241.8,610.5
1/1/1990,262.1,460.5,239.5,757.6
1/2/1990,259.8,456.6,237.3,811.6
1/3/1990,257.5,452.9,235.1,816.8
1/4/1990,255.3,449.2,233,794.5
1/5/1990,253.1,445.7,231,758.5
1/6/1990,250.9,442.2,229,717
1/7/1990,248.8,438.8,227.1,675
1/8/1990,246.8,435.5,225.3,635.4
1/9/1990,244.8,432.2,223.5,599.3
1/10/1990,242.8,429,221.7,567.5
1/11/1990,240.8,426.5,219.9,539.8
1/12/1990,238.8,424.5,218.1,516.2
1/13/1990,236.9,423.4,216.4,496
1/14/1990,235,421.5,214.7,478.8
1/15/1990,233.3,418.5,213.1,464.3
1/16/1990,231.5,415.5,211.4,452
1/17/1990,229.6,413.5,210,441.4
1/18/1990,227.9,411.4,208.6,432.5
1/19/1990,226.1,409.3,207.6,424.9
1/20/1990,224.3,406.2,216.3,418.4
1/21/1990,222.5,403.2,473.6,412.7
1/22/1990,220.7,399.4,2538,407.7
1/23/1990,218.9,395.5,2507,403.1
1/24/1990,217.4,391.7,1978,398.9
1/25/1990,215.9,388.1,1451,398.7
1/26/1990,214.4,384.7,1050,396.7
1/27/1990,212.8,381.5,775.5,393.7
1/28/1990,211.1,378.4,596.4,390.1
1/29/1990,209.4,375.3,482,386.3
1/30/1990,207.7,372.4,408.8,382.3
1/31/1990,206.1,369.6,361.3,378.5
2/1/1990,204.5,367.1,329.4,374.8
2/2/1990,202.9,364.3,307.3,371.1
2/3/1990,201.4,361.6,291.1,367.7
2/4/1990,199.9,359,278.9,364.4
2/5/1990,198.8,356.7,269.6,361.2
2/6/1990,198.6,354.4,261.9,358.3
2/7/1990,199.5,352.2,255.5,415.5
2/8/1990,198.2,349.8,249.8,642.3
2/9/1990,196.4,347.5,244.8,921.1
2/10/1990,194.5,345.4,240.4,1218
2/11/1990,192.9,343.6,236.9,1481
2/12/1990,191.5,387.8,234.9,1743
2/13/1990,189.7,508.3,233.1,2073
2/14/1990,187.7,545.6,230.3,2334
2/15/1990,185.9,536.8,227,2447
2/16/1990,184.1,512.8,223.4,2459
2/17/1990,182.5,485.2,220,2418
2/18/1990,181,458.6,216.7,2354
2/19/1990,179.6,434.6,213.7,2276
2/20/1990,178.2,581.9,210.8,2179
2/21/1990,176.9,578,208.3,2016
2/22/1990,176.1,532.9,206.7,1822
2/23/1990,174.7,485,205.1,1618
2/24/1990,173.3,443.4,202.4,1421
2/25/1990,171.9,410.5,199.6,1241
2/26/1990,170.6,385.2,197,1083
2/27/1990,169.3,365.6,194.5,946.4
2/28/1990,168,350.3,192.2,830.4
3/1/1990,166.8,338.2,190.1,733.4
3/2/1990,165.7,328.3,188,653
3/3/1990,164.6,320.1,186.1,586.9
3/4/1990,163.6,313.3,184.3,532.9
3/5/1990,162.6,307.8,182.5,488.9
3/6/1990,161.7,303.7,180.8,456.1
3/7/1990,160.8,302.2,179.1,513.1
3/8/1990,160,302.5,177.7,645.4
3/9/1990,158.8,400,176.2,789.6
3/10/1990,157.5,404.4,174.7,904.7
3/11/1990,156.3,382.4,173.1,971.4
3/12/1990,155.1,357.5,171.4,1009
3/13/1990,154.2,336.5,169.9,1020
3/14/1990,153.7,320,264.3,1030
3/15/1990,154,307.4,307.4,1054
3/16/1990,156.9,297.7,321.4,1026
3/17/1990,158.4,291.2,318.5,960.2
3/18/1990,159.2,286.3,305.3,881.4
3/19/1990,169.7,283.3,288.9,895.6
3/20/1990,166.7,280.6,271.5,877
3/21/1990,163,276.7,253.7,832.7
3/22/1990,159.7,272.6,236.5,775.6
3/23/1990,156.9,269.4,220.9,710.2
3/24/1990,154.5,266.5,207.2,650
3/25/1990,152.6,264,195.5,610.6
3/26/1990,150.9,265,185.6,637.6
3/27/1990,149.3,262.4,177.2,658.7
3/28/1990,148,258.8,170.2,782.7
3/29/1990,146.7,255.3,164.4,808
3/30/1990,145.5,275.7,159.5,814.8
3/31/1990,144,275.4,155.3,793.2
4/1/1990,142.7,269.1,151.8,763.5
4/2/1990,141.5,262.2,148.9,764.7
4/3/1990,140.8,256.3,299.7,916.5
4/4/1990,140.6,251.6,875.2,1011
4/5/1990,140.5,247.8,1030,1043
4/6/1990,139.9,244.6,1035,1000
4/7/1990,138.9,241.7,997.1,926.4
4/8/1990,137.7,239.1,931.5,844.4
4/9/1990,136.9,236.8,855.5,780.4
4/10/1990,136.6,234.7,778.9,760.4
4/11/1990,136.8,233.1,705.7,716.7
4/12/1990,136.5,231.8,638,702.9
4/13/1990,136.2,231.4,577.5,753.9
4/14/1990,136.7,230.6,523.5,805.1
4/15/1990,153.7,241,475.9,833.9
4/16/1990,168.3,272.2,455.9,856.2
4/17/1990,178.5,299.1,439.6,905.4
4/18/1990,186.8,309.3,433.3,934.6
4/19/1990,188.3,309.9,450,944.9
4/20/1990,186.6,316.6,458.7,986.9
4/21/1990,204.9,370.8,489.4,1133
4/22/1990,241.4,488,908.6,1473
4/23/1990,256.4,717.6,983.8,1909
4/24/1990,256.3,871.5,976.1,2293
4/25/1990,247.4,942.4,932.3,2549
4/26/1990,248.4,965.1,869.8,2816
4/27/1990,289.7,950.2,817,3040
4/28/1990,296.4,926.8,786.1,3209
4/29/1990,287.1,919.3,793.4,3299
4/30/1990,282.5,953.8,874.2,3307
5/1/1990,330.7,1009,1263,3285
5/2/1990,482.5,1165,1825,3270
5/3/1990,839.7,1459,4004,3236
5/4/1990,1156,1830,6806,3232
5/5/1990,1513,2170,7982,3326
5/6/1990,1916,2346,7529,3607
5/7/1990,2446,2387,6789,3994
5/8/1990,2843,2396,6155,4400
5/9/1990,3224,3916,5767,4797
5/10/1990,3607,5050,5425,5260
5/11/1990,3997,5185,5208,6085
5/12/1990,4388,5110,5155,7628
5/13/1990,4717,5057,5237,8274
5/14/1990,5054,5233,5483,8741
5/15/1990,5340,5653,5578,9093
5/16/1990,5455,6153,5552,9335
5/17/1990,5524,6568,5477,10730
5/18/1990,5424,9190,5506,11575
5/19/1990,5336,9896,5576,12014
5/20/1990,5466,9493,5449,11032
5/21/1990,5639,8720,5370,9886
5/22/1990,5587,8215,5555,9017
5/23/1990,5370,7788,5831,8467
5/24/1990,5170,7718,6381,8243
5/25/1990,5065,7770,11269,8372
5/26/1990,5141,7843,13349,8537
5/27/1990,5143,8632,12913,8490
5/28/1990,5075,9064,11938,8355
5/29/1990,4784,9123,11102,8029
5/30/1990,4465,9087,10525,7728
5/31/1990,4229,9066,10286,7552
6/1/1990,4102,9043,10120,7513
6/2/1990,4067,8967,9934,7488
6/3/1990,4268,8902,9781,7466
6/4/1990,4450,8701,14579,7526
6/5/1990,4632,8428,15331,7659
6/6/1990,4940,8096,14394,7873
6/7/1990,5198,7599,13200,8103
6/8/1990,5496,7063,12165,8251
6/9/1990,5602,6579,11417,8222
6/10/1990,5632,6201,10881,8045
6/11/1990,5844,6040,10490,7821
6/12/1990,6120,6111,10194,7600
6/13/1990,6503,6379,9928,7471
6/14/1990,6831,6732,9637,7586
6/15/1990,6930,7152,9668,7547
6/16/1990,6966,7605,9410,7359
6/17/1990,7073,7868,9177,7327
6/18/1990,7349,8154,9103,7451
6/19/1990,7704,8552,9207,7706
6/20/1990,8143,8986,9741,8024
6/21/1990,8630,9553,12067,8646
6/22/1990,9117,10873,12784,8900
6/23/1990,9484,11351,12866,8994
6/24/1990,10506,11503,12664,9490
6/25/1990,10500,13263,12578,9589
6/26/1990,10214,13014,12454,9821
6/27/1990,10042,12385,12880,9877
6/28/1990,10192,11821,12469,10843
6/29/1990,10305,11494,11969,11221
6/30/1990,12901,11607,11687,11514
7/1/1990,13702,11592,11641,11726
7/2/1990,13265,11488,11546,11851
7/3/1990,12567,11371,11441,12518
7/4/1990,12036,11227,11388,12658
7/5/1990,12020,11061,11415,12114
7/6/1990,11767,10916,11464,11594
7/7/1990,11362,10721,11528,11188
7/8/1990,10981,10518,11458,10815
7/9/1990,10637,10697,11188,10510
7/10/1990,10373,10715,11006,10329
7/11/1990,10165,10461,10775,10242
7/12/1990,10023,10310,10662,10311
7/13/1990,9839,10259,10667,10587
7/14/1990,9649,10320,10758,10896
7/15/1990,9469,10349,10854,10891
7/16/1990,9296,10290,10822,10876
7/17/1990,9137,10135,10762,10620
7/18/1990,8938,9917,10603,10228
7/19/1990,8794,9702,10164,9840
7/20/1990,8641,9523,9742,9521
7/21/1990,8519,9444,9608,9325
7/22/1990,8652,9340,11725,9240
7/23/1990,8551,9302,11868,9271
7/24/1990,8432,9219,11658,9458
7/25/1990,8343,9864,11561,9797
7/26/1990,8376,9838,11507,10142
7/27/1990,8574,9665,11450,12891
7/28/1990,8470,9415,11392,13455
7/29/1990,8330,9239,11221,12493
7/30/1990,8299,9897,11074,11386
7/31/1990,8380,9824,11098,10557
8/1/1990,8578,9747,11049,10109
8/2/1990,8872,11830,10901,9760
8/3/1990,8925,11939,10850,9486
8/4/1990,8909,11097,10780,9451
8/5/1990,8890,10194,10681,9335
8/6/1990,8824,9440,10521,9757
8/7/1990,8903,8932,10359,9726
8/8/1990,10540,8622,10200,9577
8/9/1990,10435,8485,10669,9351
8/10/1990,10227,8298,10429,9094
8/11/1990,9621,8101,10052,8857
8/12/1990,8947,7930,9688,8688
8/13/1990,8403,7786,9357,8574
8/14/1990,7977,7648,9093,8476
8/15/1990,7724,7609,8963,8452
8/16/1990,8068,7668,8973,8530
8/17/1990,7961,7779,9072,8605
8/18/1990,7781,7893,9215,8655
8/19/1990,7644,7984,9443,8620
8/20/1990,7515,8012,12076,8485
8/21/1990,7391,7865,17265,8300
8/22/1990,7269,10776,16328,13155
8/23/1990,7144,12808,14012,13844
8/24/1990,7039,11883,11879,12274
8/25/1990,7020,9922,10360,10589
8/26/1990,7041,8254,9449,9423
8/27/1990,7213,7279,9067,8795
8/28/1990,7518,6997,9120,8586
8/29/1990,10429,7114,9260,8425
8/30/1990,12022,7445,9355,8356
8/31/1990,11240,7637,9366,8917
9/1/1990,9638,7599,9317,8746
9/2/1990,8212,7468,9122,8396
9/3/1990,7197,7292,8798,8007
9/4/1990,6498,7067,8406,7606
9/5/1990,5972,6797,7984,7193
9/6/1990,5573,6860,7591,6907
9/7/1990,5300,6412,7271,6522
9/8/1990,5229,6215,7102,6220
9/9/1990,5412,5910,7126,6102
9/10/1990,5957,5837,7324,6183
9/11/1990,6334,5923,7604,6358
9/12/1990,7391,6099,7894,6586
9/13/1990,8595,6345,8098,6827
9/14/1990,8501,6582,8239,7675
9/15/1990,7597,6780,8301,7709
9/16/1990,6663,6879,8300,7476
9/17/1990,5893,7198,8767,7160
9/18/1990,5332,7012,8359,6841
9/19/1990,4947,6701,7701,6550
9/20/1990,4922,6390,7054,6288
9/21/1990,4975,6736,6517,6063
9/22/1990,4731,10120,6073,5862
9/23/1990,4394,11308,5724,5654
9/24/1990,4024,10036,5414,5414
9/25/1990,3665,8163,5184,5175
9/26/1990,3342,6539,4907,4900
9/27/1990,3065,5353,4678,4669
9/28/1990,2836,4535,4484,5101
9/29/1990,2853,4000,4340,4920
9/30/1990,2685,3666,4264,4543
10/1/1990,2445,3433,4186,4092
10/2/1990,2204,3239,4104,4815
10/3/1990,2261,3135,4020,4623
10/4/1990,2073,3090,3960,3940
10/5/1990,1838,3032,3846,3201
10/6/1990,1626,2957,3697,2580
10/7/1990,1461,2856,3543,2096
10/8/1990,1335,2746,3357,1732
10/9/1990,1230,2635,3168,1464
10/10/1990,1137,2783,3129,1256
10/11/1990,1052,2587,2931,1093
10/12/1990,974.8,2294,2641,969.8
10/13/1990,907.1,2006,2326,878.2
10/14/1990,846.3,1758,2031,787.8
10/15/1990,785.4,1559,1772,704
10/16/1990,725.3,1413,1551,622.7
10/17/1990,670.1,1449,1367,551.1
10/18/1990,629.6,1417,1212,489.5
10/19/1990,586.5,1298,1088,442.8
10/20/1990,546.5,1163,992.6,412.3
10/21/1990,569.2,1042,926.9,394.3
10/22/1990,797.3,943.5,949.1,452.5
10/23/1990,906,868.8,1057,567.4
10/24/1990,821.4,814.2,1249,714.4
10/25/1990,705.1,773.1,1527,1202
10/26/1990,605.7,740,1976,1379
10/27/1990,531.8,713.8,1954,1401
10/28/1990,479.6,691.6,1801,1436
10/29/1990,442.9,672.3,1655,1310
10/30/1990,416.7,654,1588,1133
10/31/1990,397.8,637.1,1424,970.9
11/1/1990,383.5,622.1,1254,973.2
11/2/1990,416.8,609.2,1104,984.5
11/3/1990,408.2,597.3,979.4,877.1
11/4/1990,389.8,586.6,878,806.5
11/5/1990,372.2,577.1,795.7,679.9
11/6/1990,358.1,568.5,729.2,560.8
11/7/1990,347.5,560.7,674.9,465.6
11/8/1990,339.8,553.5,630.3,395
11/9/1990,333.7,771,593.8,689.9
11/10/1990,332.1,856,563.7,875.9
11/11/1990,328.9,848.9,538.8,762.5
11/12/1990,324.1,763.6,532.6,598.1
11/13/1990,319.4,679,515.5,461.2
11/14/1990,315.3,614.7,498,361.2
11/15/1990,314.4,570.6,483.5,293.9
11/16/1990,311.1,541.5,471.3,249.7
11/17/1990,307.4,522.2,460.9,220.8
11/18/1990,304.8,508.8,453.9,201.9
11/19/1990,302,500.5,448.8,189.1
11/20/1990,299.1,494,454.8,180.2
11/21/1990,296,488,562.3,174
11/22/1990,292.9,553.9,580.4,301.6
11/23/1990,289.9,555.3,551.1,446.1
11/24/1990,287.1,532.4,514.9,410.7
11/25/1990,284.4,508,483.6,338.1
11/26/1990,281.8,488.4,459.3,273.9
11/27/1990,279.3,473.8,442.1,227.4
11/28/1990,278.9,463.2,431,196.4
11/29/1990,276.6,455.2,438.7,176.7
11/30/1990,273.8,448.9,726.5,164.5
12/1/1990,271,443.7,715.1,258.7
12/2/1990,268.4,439.1,628.8,371.5
12/3/1990,266,435,544.3,692.3
12/4/1990,263.7,431.1,480.1,1200
12/5/1990,261.5,427.3,436.1,1994
12/6/1990,259.4,423.8,407,1910
12/7/1990,257.3,420.3,388.1,1530
12/8/1990,255.3,416.8,375.5,1164
12/9/1990,253.3,413.3,366.8,887.5
12/10/1990,251.4,409.9,360.6,695.8
12/11/1990,249.5,406.6,355.9,568
12/12/1990,248.5,404.2,352.9,483.7
12/13/1990,247.4,403.3,350.2,427.4
12/14/1990,245.3,402.3,346.6,388.8
12/15/1990,243.1,398.5,342.9,361.2
12/16/1990,240.9,394.7,339.4,340.7
12/17/1990,238.9,391.2,336.2,324.7
12/18/1990,236.9,388.2,333.1,311.7
12/19/1990,235.1,385.3,330.2,300.9
12/20/1990,233.3,381.7,327.3,291.6
12/21/1990,231.6,379.7,324.6,283.4
12/22/1990,229.8,376.3,322,276.1
12/23/1990,228.2,372.7,319.4,269.5
12/24/1990,226.5,369.3,317.1,263.5
12/25/1990,224.8,366.1,315.3,257.9
12/26/1990,223.2,363.1,313.7,252.7
12/27/1990,221.6,360.2,311,247.8
12/28/1990,220,357.5,308.1,243.2
12/29/1990,218.4,354.8,305.3,238.8
12/30/1990,216.8,352.1,302.7,234.6
12/31/1990,215.2,349.5,300.2,230.6
1/1/1991,213.7,346.9,297.8,226.8
1/2/1991,212.2,344.4,295.4,223.1
1/3/1991,213.3,341.9,293.2,219.5
1/4/1991,211.8,339.4,291,216.5
1/5/1991,209.8,337,288.8,213.8
1/6/1991,208.5,334.6,286.6,213.5
1/7/1991,206.5,332.2,284.5,256
1/8/1991,204.5,329.8,282.3,408.5
1/9/1991,202.6,327.5,280.2,488.7
1/10/1991,200.9,325.1,278.2,510.9
1/11/1991,199.3,322.8,276.1,501.6
1/12/1991,197.8,320.5,274.1,476.2
1/13/1991,196.3,318.2,272,443.7
1/14/1991,195.1,316,270,409.5
1/15/1991,193.7,313.7,268.1,377.3
1/16/1991,192.3,311.5,266.1,524
1/17/1991,190.9,309.3,264.3,638.9
1/18/1991,189.5,307.2,338.5,681
1/19/1991,188.2,305,347.4,668.1
1/20/1991,186.8,302.9,335.9,630.4
1/21/1991,185.5,300.7,320.5,582.5
1/22/1991,184.2,298.6,306.1,532.2
1/23/1991,183,296.5,293.9,483.9
1/24/1991,181.7,294.5,284,439.5
1/25/1991,180.5,292.8,275.9,399.8
1/26/1991,182.4,292,269.2,365.2
1/27/1991,183.4,549.6,263.8,335.4
1/28/1991,181.5,1292,307.9,310.1
1/29/1991,179,3349,510,342.6
1/30/1991,176.6,5389,761.7,1063
1/31/1991,174.6,5718,971.9,2386
2/1/1991,172.8,5388,1011,2971
2/2/1991,171.3,4857,987.5,3805
2/3/1991,169.9,4314,929.6,3607
2/4/1991,168.6,3814,856.7,3147
2/5/1991,167.4,3367,779.9,2677
2/6/1991,166.2,2973,706.1,2271
2/7/1991,165,2625,638.5,1937
2/8/1991,164.6,2319,579,1666
2/9/1991,166,2050,527.2,1446
2/10/1991,165.2,1815,483.4,1265
2/11/1991,163.3,1608,445,1116
2/12/1991,161.3,1428,412.4,992.3
2/13/1991,159.5,1272,385.2,888.5
2/14/1991,158,1137,362.7,801.2
2/15/1991,156.6,1022,344.3,727.5
2/16/1991,158,922.8,388,665.5
2/17/1991,156.9,1061,539.7,612.9
2/18/1991,155.2,1004,763,589.6
2/19/1991,153.4,909.1,903,751.6
2/20/1991,151.9,816.3,934.9,887.3
2/21/1991,151.2,737.6,916.7,857.1
2/22/1991,150.5,673.9,874.7,781
2/23/1991,150.2,623.7,819.5,701.5
2/24/1991,149.3,583.9,760.6,631.2
2/25/1991,147.8,549.3,700.4,572.1
2/26/1991,146.2,518.7,642.8,523.1
2/27/1991,144.8,492.8,590.8,482.3
2/28/1991,144,471.4,545.4,532.6
3/1/1991,143.1,452.1,506.1,843
3/2/1991,142,434.9,477.2,886.1
3/3/1991,140.9,419.7,450.6,832.9
3/4/1991,140.3,406.4,427,755.1
3/5/1991,139.9,394.4,406.4,678.2
3/6/1991,139.3,383.8,491.3,609.6
3/7/1991,138.1,374.7,665.1,567.8
3/8/1991,137.3,1117,836.5,559.9
3/9/1991,136.4,1302,952.7,577.2
3/10/1991,135.2,1314,984.6,567
3/11/1991,134.1,1261,960.2,542.4
3/12/1991,133.2,1302,909,515.5
3/13/1991,313.9,1994,929.5,517
3/14/1991,323.9,2177,1046,565
3/15/1991,287,2192,1151,692.6
3/16/1991,246,2155,1209,1030
3/17/1991,212.6,2098,1260,1636
3/18/1991,188.4,1967,1474,1782
3/19/1991,197.5,1815,1733,1772
3/20/1991,191.8,1687,2021,1906
3/21/1991,182.1,1559,2288,1922
3/22/1991,172.3,1425,2486,1922
3/23/1991,163.3,1323,2606,1930
3/24/1991,155.2,1313,2653,1946
3/25/1991,148.5,1253,2566,1968
3/26/1991,143.1,1349,2391,1976
3/27/1991,230,1534,2218,1993
3/28/1991,344.9,2100,2107,2081
3/29/1991,494.4,2399,2045,2294
3/30/1991,826.4,2631,2112,2551
3/31/1991,870.8,2783,2517,2647
4/1/1991,825.9,2817,3047,2589
4/2/1991,809.3,2790,3205,2442
4/3/1991,831.3,2703,3138,2277
4/4/1991,814.3,2585,2978,2102
4/5/1991,759.2,2510,2856,1914
4/6/1991,688.2,2379,2628,1718
4/7/1991,618.9,2186,2357,1519
4/8/1991,565.8,1975,2068,1339
4/9/1991,698.9,1776,1791,1176
4/10/1991,900.4,1613,1541,1043
4/11/1991,913.6,1633,1322,927.8
4/12/1991,860,2094,1136,869.2
4/13/1991,805.9,2159,978.6,811.5
4/14/1991,727.7,2074,846.8,749.1
4/15/1991,661.6,1920,736.3,689.1
4/16/1991,607.3,1758,657.1,624
4/17/1991,563.1,1624,616.7,579.8
4/18/1991,526.3,1515,604,558.5
4/19/1991,510.7,1458,611.7,544.8
4/20/1991,513.4,1512,625.9,554.5
4/21/1991,536,1549,635.2,582.5
4/22/1991,585.8,1546,641.4,711.2
4/23/1991,631.4,1526,646.1,887.6
4/24/1991,677.8,1498,656,1676
4/25/1991,808.8,1504,675.3,1829
4/26/1991,976.7,1649,738.7,1757
4/27/1991,1366,1985,1110,1661
4/28/1991,1585,2758,1901,1696
4/29/1991,1697,3415,2809,1754
4/30/1991,1749,3667,3189,1739
5/1/1991,1725,3706,3256,1719
5/2/1991,1724,3656,3304,1660
5/3/1991,1912,3556,3301,1568
5/4/1991,1934,3695,3178,1466
5/5/1991,1919,3704,2993,1365
5/6/1991,1862,3787,2779,1272
5/7/1991,1830,3633,2594,1199
5/8/1991,1875,3256,2472,1148
5/9/1991,1894,2893,2508,1153
5/10/1991,1914,2607,2847,1203
5/11/1991,1945,2458,3010,1291
5/12/1991,1985,2481,3047,1488
5/13/1991,2020,2687,3125,1736
5/14/1991,2051,3003,3877,1927
5/15/1991,2079,3238,4015,2070
5/16/1991,2273,3494,4006,2210
5/17/1991,2598,3893,3964,2380
5/18/1991,2686,4183,3828,2841
5/19/1991,2572,4253,3673,3023
5/20/1991,2463,4201,3561,2847
5/21/1991,2338,4238,3560,2599
5/22/1991,2253,4033,3376,2402
5/23/1991,2151,5052,3144,2266
5/24/1991,2087,4881,2961,2216
5/25/1991,1994,4285,2823,2285
5/26/1991,1973,3682,2775,2624
5/27/1991,1956,3215,2843,2711
5/28/1991,1976,2958,3055,2587
5/29/1991,2028,2915,3337,2433
5/30/1991,2163,3066,3680,2337
5/31/1991,2408,3357,3946,2390
6/1/1991,2662,3647,4349,2618
6/2/1991,2977,4019,4656,3456
6/3/1991,3584,4421,4986,4380
6/4/1991,4296,4911,7135,4863
6/5/1991,4858,5973,9865,6497
6/6/1991,5496,6780,9763,8483
6/7/1991,6036,7489,9087,9668
6/8/1991,6452,7949,8527,9705
6/9/1991,7029,8273,8436,9492
6/10/1991,7132,8370,8546,9225
6/11/1991,7107,8389,8727,9064
6/12/1991,7025,8408,8960,9067
6/13/1991,6973,8493,9283,9622
6/14/1991,7116,8722,11349,9833
6/15/1991,7349,8905,13823,9801
6/16/1991,7587,9145,13736,9632
6/17/1991,7584,9043,13092,9443
6/18/1991,7477,8836,12319,9246
6/19/1991,7280,8615,11122,9092
6/20/1991,7057,8395,9991,8917
6/21/1991,6813,8084,9093,9836
6/22/1991,6652,7752,8360,9452
6/23/1991,6550,7491,7861,8807
6/24/1991,6783,7298,7556,8284
6/25/1991,7226,7264,7514,7990
6/26/1991,7744,7399,7481,8187
6/27/1991,9218,7932,7633,8877
6/28/1991,10081,8576,8138,9734
6/29/1991,10604,9336,8613,10602
6/30/1991,11020,10150,9095,11506
7/1/1991,12432,10844,9523,12407
7/2/1991,13990,11548,9871,13186
7/3/1991,14228,11559,10693,14096
7/4/1991,14250,11299,10841,15223
7/5/1991,13832,10951,10491,14971
7/6/1991,13296,10677,10198,14370
7/7/1991,12820,10465,10182,13764
7/8/1991,12468,10417,9832,13377
7/9/1991,12237,10417,9339,12702
7/10/1991,12192,10618,8927,12038
7/11/1991,12209,12367,8601,11504
7/12/1991,11998,13314,8341,11005
7/13/1991,11716,13691,8132,11079
7/14/1991,11420,13033,8021,10695
7/15/1991,11272,12312,8015,10436
7/16/1991,11389,11891,8238,10376
7/17/1991,11368,11878,8772,10500
7/18/1991,11398,11935,9068,10724
7/19/1991,11242,11615,9193,10973
7/20/1991,10953,11173,9101,11109
7/21/1991,10632,10627,8916,11959
7/22/1991,10258,10040,8692,11973
7/23/1991,9942,9551,8273,12025
7/24/1991,9765,9254,7958,11786
7/25/1991,9849,9137,7889,11647
7/26/1991,10098,18350,8077,11741
7/27/1991,10262,22129,8460,12016
7/28/1991,10447,20650,8996,12243
7/29/1991,10756,18377,9652,12415
7/30/1991,10743,16497,10910,12528
7/31/1991,10640,15144,10968,12520
8/1/1991,10478,14223,10533,12417
8/2/1991,10236,13495,10009,12281
8/3/1991,9976,12858,9560,12044
8/4/1991,9838,12432,9298,11754
8/5/1991,9782,12039,9155,11422
8/6/1991,9696,11604,9053,11109
8/7/1991,9592,11429,8921,10855
8/8/1991,9379,10828,8633,10601
8/9/1991,8930,10139,8261,10341
8/10/1991,8400,9496,7912,10066
8/11/1991,7919,8965,7614,9747
8/12/1991,7581,8600,7873,9326
8/13/1991,7444,8412,8163,9019
8/14/1991,7525,8408,7949,8938
8/15/1991,7771,8510,7767,9027
8/16/1991,8119,8636,7736,9258
8/17/1991,8389,8875,7917,9589
8/18/1991,8572,9080,8359,9943
8/19/1991,8676,9189,9023,10119
8/20/1991,8520,9292,8918,9924
8/21/1991,8254,8952,8447,9555
8/22/1991,7960,8393,7804,9161
8/23/1991,7698,7902,7202,8826
8/24/1991,7535,7566,7687,8608
8/25/1991,8559,7156,7745,8507
8/26/1991,8355,6787,7225,8461
8/27/1991,7858,6529,6635,8329
8/28/1991,7375,6332,6164,8110
8/29/1991,6954,6164,5780,8173
8/30/1991,6614,6045,5518,7903
8/31/1991,6380,6009,5411,7480
9/1/1991,6340,6108,5500,7215
9/2/1991,6487,6333,5784,7689
9/3/1991,6770,6619,6153,8813
9/4/1991,7601,6929,6511,9215
9/5/1991,7588,7186,6691,13815
9/6/1991,7325,7352,6687,14202
9/7/1991,7065,7434,6542,12731
9/8/1991,7133,7497,6336,11011
9/9/1991,7069,7390,6109,9579
9/10/1991,6786,7243,5924,8528
9/11/1991,6549,8322,5792,7813
9/12/1991,6450,8533,5731,7390
9/13/1991,6476,8035,5784,7218
9/14/1991,6536,7492,6956,7203
9/15/1991,7452,7034,7429,7227
9/16/1991,7196,6979,6982,7208
9/17/1991,6544,6575,6332,7091
9/18/1991,5860,6058,5717,6880
9/19/1991,5282,5554,5208,6555
9/20/1991,4821,5414,4792,6212
9/21/1991,4382,5015,4441,5844
9/22/1991,3932,4501,4148,5558
9/23/1991,3530,4042,3884,5310
9/24/1991,3194,3631,3625,4872
9/25/1991,2908,3256,3326,4387
9/26/1991,2654,2924,3005,4103
9/27/1991,2447,2619,2695,3834
9/28/1991,2251,2340,2396,3394
9/29/1991,2083,2092,2126,2972
9/30/1991,1959,1876,1914,2598
10/1/1991,1904,1692,1767,2360
10/2/1991,2014,1538,1674,2214
10/3/1991,2102,1414,1630,2123
10/4/1991,2052,1327,1616,2142
10/5/1991,1887,1250,1576,2157
10/6/1991,1720,1292,1514,2019
10/7/1991,1591,1278,1448,1963
10/8/1991,1517,1277,1380,1986
10/9/1991,1432,1187,1297,1811
10/10/1991,1359,1109,1209,3137
10/11/1991,1284,1047,1125,2940
10/12/1991,1215,998.6,1044,2407
10/13/1991,1165,959.9,1098,1911
10/14/1991,1114,928.8,1006,1537
10/15/1991,1063,903.1,882.8,1278
10/16/1991,1016,881.2,766.5,1105
10/17/1991,976.9,863.1,673,990.3
10/18/1991,947.1,846.4,603.9,912.6
10/19/1991,949.5,831.1,556.1,858.8
10/20/1991,943.5,817.1,513.5,820.2
10/21/1991,929,804.2,474.5,791.3
10/22/1991,910.6,792,440.8,769.1
10/23/1991,890.6,780.6,412.1,750.9
10/24/1991,869.7,769.9,388.4,735.6
10/25/1991,849.5,760.3,369.3,762.9
10/26/1991,1141,884.8,352.1,1088
10/27/1991,1191,1107,353.2,1549
10/28/1991,1160,1082,522.9,1759
10/29/1991,1052,1000,764.7,1805
10/30/1991,950.1,1003,829.3,1862
10/31/1991,871.4,1028,775.3,2193
11/1/1991,815.7,1026,692,2742
11/2/1991,777,999.4,610.5,2957
11/3/1991,750.1,961,540.8,5283
11/4/1991,730.6,918.1,483.7,5320
11/5/1991,715.8,875,437.1,4741
11/6/1991,704.1,833.9,399.1,4085
11/7/1991,694,796,367.8,3511
11/8/1991,684.9,762.2,342.1,3039
11/9/1991,676.6,732,320.7,2650
11/10/1991,668.8,705.5,302.9,2332
11/11/1991,661.3,682.8,288.1,2070
11/12/1991,654.2,662.9,275.6,1853
11/13/1991,647.3,645.3,265.1,1672
11/14/1991,640.7,629.8,256.3,1520
11/15/1991,634.2,616.1,249,1393
11/16/1991,628.4,603.9,242.7,1285
11/17/1991,622.3,593,237.2,1194
11/18/1991,616.5,583.2,232.5,1117
11/19/1991,610.9,574.4,228.4,1052
11/20/1991,605.3,566.6,224.8,996.6
11/21/1991,599.7,559.4,221.5,948.7
11/22/1991,594.2,552.7,218.6,942.4
11/23/1991,588.8,546.6,215.9,988.6
11/24/1991,583.5,540.7,213.4,1061
11/25/1991,578.2,535.1,211.1,1147
11/26/1991,573.1,529.6,209,1198
11/27/1991,568,524.1,206.9,1232
11/28/1991,563.1,518.6,204.9,1263
11/29/1991,558.2,513.2,203,1324
11/30/1991,553.4,507.9,201.2,1380
12/1/1991,548.6,502.7,199.4,1396
12/2/1991,544,497.7,197.6,1367
12/3/1991,539.4,492.8,195.9,1298
12/4/1991,535.3,488.1,194.8,1213
12/5/1991,532.9,483.7,215.5,1159
12/6/1991,529.4,534,275.9,1159
12/7/1991,525.4,590.5,371.3,1203
12/8/1991,521,659.3,551.7,1309
12/9/1991,516.5,719.1,728.1,1513
12/10/1991,511.9,822.8,792.4,1697
12/11/1991,507.5,1315,805.5,1910
12/12/1991,708.5,1764,881.1,2133
12/13/1991,721.4,1750,1036,2221
12/14/1991,680.7,1625,1226,2134
12/15/1991,633.6,1478,1933,2005
12/16/1991,593.5,1339,2274,1963
12/17/1991,562.4,1217,2284,1895
12/18/1991,538.8,1232,2081,1842
12/19/1991,520.8,1161,1803,1800
12/20/1991,506.5,1073,1532,1786
12/21/1991,494.9,989.7,1292,1673
12/22/1991,485.2,915.6,1087,1521
12/23/1991,476.9,851.9,915.9,1365
12/24/1991,469.7,797.5,772.9,1219
12/25/1991,463.3,751.3,654.7,1090
12/26/1991,457.6,711.9,557.2,978
12/27/1991,452.3,678.2,477.4,882
12/28/1991,447.5,649.3,412.2,801
12/29/1991,443,624.4,359.3,733.2
12/30/1991,438.8,602.8,316.4,676.9
12/31/1991,434.8,584,281.9,630.2
1/1/1992,431,567.5,254.1,591.6
1/2/1992,427.3,553,231.7,559.7
1/3/1992,423.8,540.1,213.8,533.4
1/4/1992,420.4,528.5,199.5,511.5
1/5/1992,417.1,518.1,188,493.4
1/6/1992,413.9,508.6,178.9,478.2
1/7/1992,410.8,499.8,171.4,465.3
1/8/1992,407.7,491.7,165.3,454.4
1/9/1992,404.6,484.2,160.3,445
1/10/1992,401.6,477.2,156.3,436.8
1/11/1992,398.6,470.5,152.9,429.5
1/12/1992,395.6,464.1,150,423.1
1/13/1992,392.7,458,147.5,417.2
1/14/1992,389.9,452.2,145.4,432
1/15/1992,387,446.6,143.5,475.2
1/16/1992,384.2,441.2,141.9,488.3
1/17/1992,381.5,435.9,140.4,486.3
1/18/1992,378.7,430.9,139,477.1
1/19/1992,376,426,137.9,464.7
1/20/1992,376.7,421.2,136.8,451.3
1/21/1992,374.6,416.8,135.9,438
1/22/1992,371.1,413,135.1,515.9
1/23/1992,367.5,409.7,134.8,633
1/24/1992,364.1,406.6,134.2,679.4
1/25/1992,361,403,132.9,683.3
1/26/1992,358.1,399.7,131.5,663.4
1/27/1992,355.4,394.6,130.1,634.3
1/28/1992,352.8,1005,128.8,599
1/29/1992,350.2,1861,127.7,562.3
1/30/1992,347.7,1889,126.7,527.1
1/31/1992,345.3,1708,125.7,494.8
2/1/1992,342.9,1501,124.8,466.1
2/2/1992,340.4,1320,123.9,441.1
2/3/1992,338.1,1173,123,419.6
2/4/1992,335.7,1056,122.2,401.3
2/5/1992,333.4,961.9,121.3,385.8
2/6/1992,331,884.2,120.5,372.7
2/7/1992,328.7,819.2,185.5,417.7
2/8/1992,326.5,763.9,238.1,455.1
2/9/1992,324.2,716.3,253,466.1
2/10/1992,321.9,675.1,249.8,461.8
2/11/1992,319.7,639.2,238.2,449
2/12/1992,317.5,607.8,223.4,438.8
2/13/1992,315.3,580.3,207.7,426.8
2/14/1992,313.1,556.2,192.6,411.6
2/15/1992,311,534.9,178.8,395.5
2/16/1992,308.8,516,166.5,379.9
2/17/1992,306.7,499.3,155.9,365.4
2/18/1992,304.6,484.4,146.8,352.3
2/19/1992,302.5,471.1,139.1,340.7
2/20/1992,300.5,459.1,135.6,334.9
2/21/1992,298.4,448.2,131.6,405.8
2/22/1992,296.4,438.3,133.5,454.7
2/23/1992,294.4,429.3,141.1,482.2
2/24/1992,292.4,438,142.8,519.3
2/25/1992,290.4,539.1,141,529.2
2/26/1992,288.5,633.6,137.4,517.4
2/27/1992,286.6,669,133,494.5
2/28/1992,284.6,674.6,128.3,467
2/29/1992,282.8,786.5,123.8,438.6
3/1/1992,281.1,852.1,119.6,411.4
3/2/1992,279.2,855.7,115.8,386.6
3/3/1992,277.3,829.3,112.5,364.6
3/4/1992,275.4,790.9,109.6,362.8
3/5/1992,273.5,797.2,107.1,371.2
3/6/1992,271.6,897.6,128.5,403.4
3/7/1992,269.7,1096,147,413.6
3/8/1992,268.2,1461,153.8,454.8
3/9/1992,267.3,1875,153.8,504.6
3/10/1992,266.5,2229,150.6,532.7
3/11/1992,264.7,2387,145.2,562.4
3/12/1992,262.6,2385,138.8,629.8
3/13/1992,260.5,2291,131.8,640.2
3/14/1992,258.4,2149,125,728.8
3/15/1992,256.4,1986,119.9,891.9
3/16/1992,254.5,1820,128.7,879.8
3/17/1992,252.8,1659,131.4,817.2
3/18/1992,251.7,1510,130.9,741.3
3/19/1992,250.9,1376,129.2,666.8
3/20/1992,250,1256,125.7,599
3/21/1992,248.5,1151,120.9,539.5
3/22/1992,246.9,1059,115.6,488.3
3/23/1992,246.4,979.9,110.5,444.7
3/24/1992,245.6,911.1,107.2,408
3/25/1992,257.1,852,104.7,377.6
3/26/1992,256,801.6,103.3,352.1
3/27/1992,253.3,775.9,133.6,330.9
3/28/1992,250.3,761.8,140.4,313.3
3/29/1992,247.4,759.1,156.2,298.6
3/30/1992,244.8,777.9,187,286.5
3/31/1992,242.6,802.5,241.7,285.2
4/1/1992,240.5,835.7,290.9,304.1
4/2/1992,238.4,871.1,305.4,322.3
4/3/1992,236.6,870.4,299.6,331.3
4/4/1992,235.2,844,283,334
4/5/1992,233.7,804.6,261.4,333
4/6/1992,232.1,760,238.4,331.2
4/7/1992,230.8,718.6,220,329.9
4/8/1992,229.4,701.6,203.3,329.7
4/9/1992,227.6,690.6,188.5,336.3
4/10/1992,225.9,677.2,183.8,360.4
4/11/1992,258.5,660,209.3,419.9
4/12/1992,334.3,660.4,609.6,567.1
4/13/1992,415.8,683.4,736.6,666.5
4/14/1992,490.6,727.6,849.8,784.9
4/15/1992,553.5,833.8,911.3,938.6
4/16/1992,663.6,1026,930.4,1089
4/17/1992,717.5,1280,935.9,1223
4/18/1992,714.8,1405,920.1,1340
4/19/1992,680.9,1507,908.2,1408
4/20/1992,637.4,1563,892.8,1462
4/21/1992,619.2,1682,863,1542
4/22/1992,586.9,1779,840.1,1542
4/23/1992,582.3,1915,840.7,1539
4/24/1992,892.9,2176,898.4,1562
4/25/1992,1114,2543,1114,1610
4/26/1992,1454,3064,1294,1694
4/27/1992,1712,3316,1489,1809
4/28/1992,1953,3365,1680,2055
4/29/1992,2075,3346,1756,5591
4/30/1992,2112,3358,1750,6114
5/1/1992,2090,3348,1745,5304
5/2/1992,2039,3286,1722,4341
5/3/1992,1996,3220,1747,3570
5/4/1992,2072,3180,1798,3054
5/5/1992,2067,3286,1927,2784
5/6/1992,2003,3469,2091,2802
5/7/1992,1925,3679,2241,2874
5/8/1992,1855,3849,2409,2837
5/9/1992,1801,4062,2605,2843
5/10/1992,1768,4296,2878,2874
5/11/1992,1808,4513,3205,2945
5/12/1992,1946,4641,3444,3072
5/13/1992,2107,4649,3563,3800
5/14/1992,2248,4546,3623,3844
5/15/1992,2324,4408,3654,3623
5/16/1992,2344,4267,3666,3415
5/17/1992,2307,4159,3706,3300
5/18/1992,2272,4067,3822,3267
5/19/1992,2286,4986,3623,3279
5/20/1992,2348,5307,3360,3361
5/21/1992,2425,5206,3188,3493
5/22/1992,2464,7568,3183,3676
5/23/1992,2551,7988,3330,3943
5/24/1992,2675,7132,3315,4227
5/25/1992,2764,6103,3298,4527
5/26/1992,2739,5204,3246,4607
5/27/1992,2661,4532,3273,4470
5/28/1992,2569,4207,3959,4125
5/29/1992,2536,4260,3819,3846
5/30/1992,2600,4018,3453,3687
5/31/1992,2707,3743,3137,3772
6/1/1992,2851,3463,3083,4020
6/2/1992,2997,3299,3385,5130
6/3/1992,3199,3324,4096,5723
6/4/1992,3473,3516,5018,6479
6/5/1992,3715,3900,5832,7223
6/6/1992,4038,4239,6611,8046
6/7/1992,4388,4592,7510,9640
6/8/1992,4786,5279,8482,10376
6/9/1992,6401,5426,9220,11194
6/10/1992,6885,5675,9894,11388
6/11/1992,6931,6333,10399,11347
6/12/1992,6834,6289,10779,11219
6/13/1992,6726,5664,10869,11063
6/14/1992,6785,5026,11258,11226
6/15/1992,7124,4555,11223,11078
6/16/1992,7803,4405,11225,10720
6/17/1992,8184,4560,11156,10479
6/18/1992,8192,5437,11203,10906
6/19/1992,8292,6186,11336,15600
6/20/1992,8414,6780,11428,16384
6/21/1992,8459,7148,11503,16008
6/22/1992,8325,7590,11241,15864
6/23/1992,8131,8035,13478,15562
6/24/1992,8043,8460,13258,14939
6/25/1992,8099,8949,12300,14978
6/26/1992,8212,9289,11506,14533
6/27/1992,8540,9979,13895,14153
6/28/1992,9035,10822,14400,13853
6/29/1992,9579,11212,13899,13612
6/30/1992,9519,11424,13006,13380
7/1/1992,9244,11837,12281,13208
7/2/1992,8957,12255,11898,13124
7/3/1992,8878,12529,11725,13061
7/4/1992,8797,12930,11699,13039
7/5/1992,8691,13400,11816,13134
7/6/1992,8765,14069,11950,13356
7/7/1992,8903,14875,12359,13620
7/8/1992,11368,15655,12699,13842
7/9/1992,15254,16234,12537,14038
7/10/1992,15321,16403,12192,13955
7/11/1992,13704,16417,11872,13691
7/12/1992,12145,16360,11592,13468
7/13/1992,11065,16307,11435,13331
7/14/1992,11096,16187,11334,13240
7/15/1992,11302,16076,11369,14934
7/16/1992,10922,15921,11489,14842
7/17/1992,10732,15727,11691,14224
7/18/1992,10455,15449,11910,13672
7/19/1992,10442,15164,12181,13359
7/20/1992,10145,14870,12380,13226
7/21/1992,9803,14683,12421,13864
7/22/1992,9436,14559,12252,14216
7/23/1992,9093,14436,11903,13652
7/24/1992,8786,13928,11467,12883
7/25/1992,8517,13386,11068,12246
7/26/1992,8587,12960,10797,11916
7/27/1992,9334,12653,10662,11607
7/28/1992,9566,12539,10650,11306
7/29/1992,9589,12675,10728,11131
7/30/1992,9632,12945,11101,11766
7/31/1992,9560,13172,11477,11762
8/1/1992,10722,13441,11797,11654
8/2/1992,10565,13534,12104,11644
8/3/1992,10239,13630,12684,11811
8/4/1992,10413,13825,12833,12224
8/5/1992,10418,14211,12926,12619
8/6/1992,10422,14507,13387,12966
8/7/1992,11255,14779,13239,13283
8/8/1992,10756,14829,12890,13330
8/9/1992,9679,15440,12644,12974
8/10/1992,8529,15179,12094,12471
8/11/1992,7564,14580,11558,11953
8/12/1992,6890,14150,11113,11520
8/13/1992,6599,13422,10769,11268
8/14/1992,6547,12746,10499,11280
8/15/1992,6506,12195,10263,10839
8/16/1992,6383,11505,9933,10213
8/17/1992,6138,10728,9555,9616
8/18/1992,5881,9938,9160,9080
8/19/1992,5689,9227,8611,8653
8/20/1992,5585,8665,8179,8364
8/21/1992,5574,8410,7884,8218
8/22/1992,5647,8168,7727,8192
8/23/1992,5782,7916,7671,8308
8/24/1992,5971,7802,7722,8499
8/25/1992,6159,7766,7828,8738
8/26/1992,6248,7827,7989,9045
8/27/1992,6278,7970,8160,9343
8/28/1992,6332,8257,8353,9749
8/29/1992,6400,9238,8545,10054
8/30/1992,6457,9630,8743,10043
8/31/1992,6514,9779,8935,9962
9/1/1992,6508,9186,9121,9818
9/2/1992,6383,8421,9693,9585
9/3/1992,6171,7687,11672,9324
9/4/1992,5913,7092,11027,9255
9/5/1992,5640,6643,9817,9241
9/6/1992,5350,6354,8639,8733
9/7/1992,4986,5873,7513,7924
9/8/1992,4507,5293,6417,7077
9/9/1992,4207,4704,5739,6302
9/10/1992,3729,4159,4880,5883
9/11/1992,3288,3710,4134,5708
9/12/1992,2929,3360,3562,5685
9/13/1992,2640,3089,3133,5269
9/14/1992,2410,2880,2789,4784
9/15/1992,2236,2724,2566,4046
9/16/1992,2122,2625,2334,3370
9/17/1992,2061,2607,2126,2843
9/18/1992,2084,2699,1958,2460
9/19/1992,2086,2855,1848,2244
9/20/1992,2059,3054,1817,2201
9/21/1992,1996,3252,1879,2282
9/22/1992,1952,3372,2015,2440
9/23/1992,1934,3370,2194,4631
9/24/1992,2887,3431,2372,5248
9/25/1992,2907,3276,2531,5219
9/26/1992,2597,3083,2635,4757
9/27/1992,2291,2937,2724,4483
9/28/1992,2067,2863,2772,3936
9/29/1992,1935,3114,2790,3430
9/30/1992,1835,3273,2728,3006
10/1/1992,1703,3157,2585,2658
10/2/1992,1566,2893,2412,2374
10/3/1992,1425,2600,2217,2136
10/4/1992,1304,2326,2026,1940
10/5/1992,1210,2091,1852,1794
10/6/1992,1133,1895,1734,1688
10/7/1992,1075,1732,1571,1603
10/8/1992,1100,1599,1424,1543
10/9/1992,1069,1495,1760,1918
10/10/1992,998.3,1435,1641,1947
10/11/1992,929,1400,1513,1832
10/12/1992,895.2,1387,1409,1992
10/13/1992,849.2,1656,1371,2065
10/14/1992,812.4,1791,1539,3180
10/15/1992,825.8,1707,1729,4038
10/16/1992,806.8,1623,1837,3629
10/17/1992,763.1,1526,1927,2999
10/18/1992,713.5,1421,1987,2467
10/19/1992,667.8,1325,1984,2066
10/20/1992,628.4,1244,1928,1773
10/21/1992,595.2,1176,1830,1558
10/22/1992,567.6,1119,1698,1386
10/23/1992,544.2,1071,1548,1246
10/24/1992,524.4,1030,1468,1132
10/25/1992,507.3,995.9,1318,1037
10/26/1992,492.7,965.8,1161,958.9
10/27/1992,480.2,939.9,1019,893.7
10/28/1992,469.7,917.5,900,838.6
10/29/1992,463.6,898,804.8,791.6
10/30/1992,455.5,880.8,735.7,751.5
10/31/1992,447,865.4,679.9,717.5
11/1/1992,438.9,851.4,632.4,688.6
11/2/1992,431.8,838.7,604.6,664.1
11/3/1992,425.3,827,710.3,643
11/4/1992,419.2,815.9,683.1,624.6
11/5/1992,413.5,805.5,621.6,608.7
11/6/1992,408.1,795.7,561.1,594.6
11/7/1992,403.1,786.4,511.9,582.3
11/8/1992,398.4,804.5,473.7,608.3
11/9/1992,394,804.1,444.7,603.6
11/10/1992,389.9,796.2,422.4,590
11/11/1992,385.9,785.5,405,575.2
11/12/1992,381.9,774.4,391,605.8
11/13/1992,378,763.2,379.6,635.8
11/14/1992,374.3,753.2,370,1148
11/15/1992,370.7,742.9,361.8,1268
11/16/1992,367.1,732.9,354.6,1107
11/17/1992,363.6,723.6,348.2,921.3
11/18/1992,360.1,714.5,342.5,772.7
11/19/1992,356.6,705.9,337.4,668.9
11/20/1992,353.1,697.6,332.6,600.9
11/21/1992,349.7,689.9,328.3,557
11/22/1992,346.4,682.5,324.5,528.3
11/23/1992,343.1,675.9,322.2,509.2
11/24/1992,339.9,669.2,321.6,495.7
11/25/1992,336.7,662.5,318.2,485.7
11/26/1992,333.7,655.7,314.1,477.8
11/27/1992,330.6,649,310,470.9
11/28/1992,327.7,642.7,306.3,464.7
11/29/1992,324.8,636.6,302.8,459
11/30/1992,321.9,630.7,299.6,453.6
12/1/1992,319.1,625.2,296.5,448.5
12/2/1992,316.4,619.8,293.6,443.5
12/3/1992,313.7,614.4,290.8,438.8
12/4/1992,311,609.2,288,434.1
12/5/1992,308.4,603.9,285.4,429.6
12/6/1992,305.8,598.7,283.3,425.2
12/7/1992,303.2,593.6,281.2,420.8
12/8/1992,305,588.5,279.3,416.6
12/9/1992,305.6,583.6,277.4,412.5
12/10/1992,302.1,578.8,275.3,408.4
12/11/1992,298,574,273.1,404.4
12/12/1992,294,569.4,271.6,400.5
12/13/1992,290.6,564.7,447.7,396.6
12/14/1992,287.5,560.2,445.4,393.1
12/15/1992,284.8,555.7,398.5,389.8
12/16/1992,282.2,551.2,351.4,388.5
12/17/1992,279.9,546.8,315.6,385
12/18/1992,279.1,542.5,291,381
12/19/1992,278,538.3,274.8,377
12/20/1992,275.4,534.1,264.2,373.2
12/21/1992,272.5,530,275.3,369.9
12/22/1992,269.8,525.9,506,461.1
12/23/1992,267.3,521.9,528.8,562.4
12/24/1992,264.9,517.9,480,553.3
12/25/1992,262.7,513.9,422.2,515.5
12/26/1992,260.6,509.9,373.8,476.8
12/27/1992,258.5,506,337,535.4
12/28/1992,256.6,502.2,310.1,548.8
12/29/1992,254.7,498.5,290.4,536.8
12/30/1992,253.1,495.1,458.5,503.1
12/31/1992,251.6,491.8,634.1,468.5
1/1/1993,249.6,488.2,1163,438.7
1/2/1993,247.5,484.5,1135,414.5
1/3/1993,245.4,480.9,996.2,394.9
1/4/1993,243.4,480,852.5,378.8
1/5/1993,241.5,476.2,733.4,365.6
1/6/1993,239.7,471.7,641.3,354.4
1/7/1993,237.8,467.4,570.9,345
1/8/1993,236.1,463.3,516.6,336.9
1/9/1993,234.3,459.5,474,329.9
1/10/1993,232.6,455.8,439.7,323.8
1/11/1993,230.9,452.3,411.7,318.4
1/12/1993,229.2,448.9,388.4,313.7
1/13/1993,227.5,445.6,368.8,309.5
1/14/1993,225.9,442.3,352.1,305.6
1/15/1993,224.2,439.1,337.9,302
1/16/1993,222.6,435.9,325.7,298.7
1/17/1993,221,432.7,315,295.7
1/18/1993,219.4,429.5,305.7,292.8
1/19/1993,217.8,426.4,297.5,290.1
1/20/1993,216.2,423.4,290.2,287.5
1/21/1993,214.7,420.3,283.8,285
1/22/1993,213.1,417.3,277.9,282.6
1/23/1993,211.6,414.3,272.6,280.2
1/24/1993,210.1,411.4,267.8,278
1/25/1993,208.6,408.4,263.3,275.7
1/26/1993,207.1,405.5,259.1,273.6
1/27/1993,205.7,402.7,255.3,271.4
1/28/1993,204.2,399.8,251.6,269.3
1/29/1993,202.8,397,248.1,267.3
1/30/1993,201.3,394.2,244.8,265.2
1/31/1993,199.9,391.4,241.8,263.2
2/1/1993,198.5,388.7,238.9,261.2
2/2/1993,197.1,385.9,236.1,259.3
2/3/1993,195.7,383.2,233.7,257.3
2/4/1993,194.4,380.6,231.9,255.6
2/5/1993,193,379.4,230.2,253.9
2/6/1993,191.7,377.9,228.8,252.4
2/7/1993,190.4,375.9,227.7,251
2/8/1993,189.5,373.4,234.3,261.8
2/9/1993,188.6,370.7,316.1,613.1
2/10/1993,187.6,367.9,367,1164
2/11/1993,186.5,365,388.1,1508
2/12/1993,185.2,362.1,407,1492
2/13/1993,183.8,359.3,399,1275
2/14/1993,182.8,356.6,379.8,1267
2/15/1993,181.6,353.9,356.1,1186
2/16/1993,180.3,351.7,332,1046
2/17/1993,179,414,309.3,919.9
2/18/1993,177.5,428.8,288.7,887.2
2/19/1993,176.1,418.4,277.2,832.3
2/20/1993,174.7,402.5,264.4,744.7
2/21/1993,173.3,387.7,251.8,663.1
2/22/1993,172,375.3,240.3,596.6
2/23/1993,170.7,365.1,230.2,544.6
2/24/1993,169.5,356.8,221.2,504.3
2/25/1993,168.3,349.8,214,472.7
2/26/1993,167,343.7,207.2,447.5
2/27/1993,165.9,338.1,201.1,426.9
2/28/1993,164.7,333.1,195.8,409.9
3/1/1993,163.5,328.7,191.2,395.5
3/2/1993,162.4,324.7,187.2,383.1
3/3/1993,161.3,321.1,183.8,372.4
3/4/1993,160.2,317.8,180.8,362.9
3/5/1993,159.3,314.7,178,354.6
3/6/1993,158.4,311.9,175.4,347.2
3/7/1993,157.5,309.4,173,340.7
3/8/1993,157.2,307.7,171.5,335.3
3/9/1993,158.4,307.5,171.7,329.8
3/10/1993,159.7,305,172.7,324.4
3/11/1993,160.3,302,173.5,319.2
3/12/1993,158.5,299.1,172.2,314.1
3/13/1993,155.9,296.4,169.4,309.3
3/14/1993,153.3,294,166.7,304.7
3/15/1993,151.1,291.7,163.9,300.3
3/16/1993,149.2,289.5,161.3,296
3/17/1993,147.6,287.4,159,292
3/18/1993,146.3,285.4,157,288.3
3/19/1993,145.1,283.4,155.4,284.9
3/20/1993,144.1,281.4,158.4,295.2
3/21/1993,143.8,279.5,158,305.4
3/22/1993,143.7,277.6,155.7,380.8
3/23/1993,143.3,276.1,153.9,596.5
3/24/1993,142.1,274.6,151.7,843.1
3/25/1993,140.6,273.4,149.5,957.9
3/26/1993,139.2,277.2,147.6,994.5
3/27/1993,137.9,278.5,145.9,969.6
3/28/1993,136.7,278.8,144.7,914.4
3/29/1993,136.2,278.2,143.8,846.4
3/30/1993,135.4,277.7,143,775.5
3/31/1993,134.6,276.8,143.3,707.5
4/1/1993,133.7,280.9,233.8,686.4
4/2/1993,132.8,325.5,239.1,766.1
4/3/1993,131.8,433.7,270.1,965.2
4/4/1993,130.9,465.8,266.3,1156
4/5/1993,130,470,280,1330
4/6/1993,129.4,526.1,327.6,1421
4/7/1993,128.9,604.4,393.4,1441
4/8/1993,128.3,903.1,492,1414
4/9/1993,137.9,1146,547.7,1359
4/10/1993,146.5,1323,564.3,1309
4/11/1993,152.2,1383,551.5,1272
4/12/1993,167.7,1560,517.8,1246
4/13/1993,213,1689,474.5,1225
4/14/1993,267.3,1629,428.2,1208
4/15/1993,302.5,1492,383.7,1186
4/16/1993,332,1340,374.7,1173
4/17/1993,358.3,1196,401.8,1222
4/18/1993,386.7,1068,672.4,1335
4/19/1993,459.6,970,690.6,1456
4/20/1993,616.6,961.9,829.6,1529
4/21/1993,1009,1256,1267,1570
4/22/1993,1323,1871,2163,1661
4/23/1993,1539,2458,4503,1822
4/24/1993,1679,2780,6627,1924
4/25/1993,1840,3025,7180,1986
4/26/1993,1993,3306,7155,2105
4/27/1993,2143,3565,7272,2319
4/28/1993,2257,3845,7021,2547
4/29/1993,2271,4175,6609,2782
4/30/1993,2255,4404,6177,3069
5/1/1993,2206,4428,5706,3223
5/2/1993,2149,4386,5304,3360
5/3/1993,2107,4333,4986,3442
5/4/1993,2276,4189,4904,3739
5/5/1993,2321,4012,4850,4063
5/6/1993,2360,3792,4826,4571
5/7/1993,2268,3530,4678,4973
5/8/1993,2102,3241,4411,5197
5/9/1993,1922,2955,4068,5046
5/10/1993,1759,2698,3727,4660
5/11/1993,1670,2466,3422,4208
5/12/1993,1514,2275,3128,3767
5/13/1993,1407,2137,2849,3387
5/14/1993,1344,2079,2591,3096
5/15/1993,1301,1954,2340,2867
5/16/1993,1283,1806,2164,2688
5/17/1993,1289,1659,2072,2566
5/18/1993,1305,1522,2000,2519
5/19/1993,1328,1398,1955,2512
5/20/1993,1412,1292,1940,2608
5/21/1993,1615,1226,2035,2868
5/22/1993,2069,1252,2111,3089
5/23/1993,2630,1371,2363,5041
5/24/1993,2966,1617,2653,5449
5/25/1993,3341,2043,3111,5411
5/26/1993,3598,2502,4189,5321
5/27/1993,3662,3319,4887,5398
5/28/1993,3721,3525,5030,5203
5/29/1993,3729,3439,4739,4794
5/30/1993,3774,3320,4296,4362
5/31/1993,3786,3347,3922,4136
6/1/1993,4101,3465,3661,4158
6/2/1993,4423,3642,3661,3840
6/3/1993,4652,3959,3879,3508
6/4/1993,5261,4482,4180,3302
6/5/1993,6390,5129,4563,3344
6/6/1993,6486,6739,5103,4232
6/7/1993,6030,7002,8915,4774
6/8/1993,5557,7053,9627,4799
6/9/1993,5244,7011,8728,4937
6/10/1993,5202,7121,7755,5215
6/11/1993,5284,10496,7034,8194
6/12/1993,5353,11794,7224,8970
6/13/1993,5435,12924,7093,8895
6/14/1993,5504,11726,6506,8615
6/15/1993,5602,10184,5894,8271
6/16/1993,5787,8898,5408,8080
6/17/1993,5985,7966,5131,8051
6/18/1993,6235,7332,5088,8339
6/19/1993,6986,7131,5375,8639
6/20/1993,7412,6917,5610,9133
6/21/1993,7724,6586,5859,11270
6/22/1993,7826,6258,6104,11454
6/23/1993,7699,5902,6121,10848
6/24/1993,7470,5561,5946,9953
6/25/1993,7189,5493,5664,8986
6/26/1993,7073,5401,5491,8126
6/27/1993,7249,5119,5467,7463
6/28/1993,7168,4922,5604,7015
6/29/1993,7076,4879,5921,6790
6/30/1993,7063,4912,6363,6836
7/1/1993,7160,5157,7563,8634
7/2/1993,7391,5163,7733,8979
7/3/1993,7799,5179,7719,9338
7/4/1993,8322,5364,7821,9374
7/5/1993,8780,5623,8041,9382
7/6/1993,9055,5960,8552,9601
7/7/1993,10222,6235,8816,9783
7/8/1993,9908,6304,8964,9800
7/9/1993,9112,6298,9039,9779
7/10/1993,8284,6216,9004,9758
7/11/1993,7633,6151,8869,9726
7/12/1993,7092,6083,8750,9702
7/13/1993,6702,6059,8749,9648
7/14/1993,6555,6031,10096,9584
7/15/1993,6689,7006,10511,9270
7/16/1993,6719,7050,10118,8935
7/17/1993,6736,6564,9202,8686
7/18/1993,6788,6111,8360,8538
7/19/1993,6916,5854,7793,8472
7/20/1993,6980,5789,7620,8452
7/21/1993,6989,5743,7673,8405
7/22/1993,6699,5778,7729,8199
7/23/1993,6476,6857,7858,7932
7/24/1993,6103,6630,7514,7616
7/25/1993,5744,6294,6991,7392
7/26/1993,5560,10662,6778,7368
7/27/1993,5586,11111,7144,7570
7/28/1993,5896,10728,7633,8147
7/29/1993,12601,10499,7998,8663
7/30/1993,14073,10401,8418,9196
7/31/1993,14200,10379,9496,9651
8/1/1993,13300,10375,9713,9969
8/2/1993,12007,10247,9632,10233
8/3/1993,10827,10024,9528,10318
8/4/1993,9853,9745,9393,10068
8/5/1993,9091,9450,9321,9765
8/6/1993,8513,9268,9382,9554
8/7/1993,8052,9057,9424,9388
8/8/1993,7642,8732,9463,9362
8/9/1993,7250,8321,10240,9215
8/10/1993,6883,7920,11793,8987
8/11/1993,6559,7636,13145,8726
8/12/1993,6296,7375,12542,8462
8/13/1993,6062,7139,11387,8057
8/14/1993,5900,7050,10211,7710
8/15/1993,5804,6977,10277,7462
8/16/1993,5729,6649,9827,7336
8/17/1993,5692,6346,8922,7203
8/18/1993,6257,5880,8134,6993
8/19/1993,6420,5486,8460,6876
8/20/1993,6275,5230,8212,6844
8/21/1993,6108,5188,7879,6895
8/22/1993,5984,5432,7961,7009
8/23/1993,5927,5724,8028,7191
8/24/1993,5887,6249,8515,7308
8/25/1993,5842,6226,8348,7441
8/26/1993,5800,6105,7978,7612
8/27/1993,5665,6002,7648,9398
8/28/1993,5565,5963,7421,9362
8/29/1993,5489,6846,7470,8887
8/30/1993,5463,6782,7253,8584
8/31/1993,5509,6427,7021,8071
9/1/1993,5559,6045,6883,7758
9/2/1993,5545,6187,6715,7351
9/3/1993,5528,6072,6615,7032
9/4/1993,5642,5953,6543,6811
9/5/1993,5322,5868,6518,6741
9/6/1993,4961,5845,6452,6760
9/7/1993,4695,5890,6397,6816
9/8/1993,4546,6358,6364,8590
9/9/1993,4443,6219,6267,8392
9/10/1993,4359,5904,6128,7257
9/11/1993,4278,5562,5959,6123
9/12/1993,4353,5254,5803,5274
9/13/1993,4238,4926,5678,4748
9/14/1993,4035,4654,5548,4495
9/15/1993,3755,4410,5391,4385
9/16/1993,3462,4150,5225,4325
9/17/1993,3198,3894,5050,4281
9/18/1993,2990,3619,4861,4282
9/19/1993,2869,3489,4719,4485
9/20/1993,2824,3252,4690,5413
9/21/1993,2807,3032,4640,5223
9/22/1993,2786,2863,7640,4727
9/23/1993,2744,2734,7536,4250
9/24/1993,2672,2620,6530,3846
9/25/1993,2566,2490,5508,3508
9/26/1993,2431,2342,4695,3185
9/27/1993,2292,2185,4089,2899
9/28/1993,2181,2023,3707,2695
9/29/1993,2132,1864,3497,2588
9/30/1993,2150,1726,3268,2634
10/1/1993,3270,1681,3089,2696
10/2/1993,3552,1632,3052,2702
10/3/1993,3256,1619,3479,2748
10/4/1993,2801,1641,3482,2848
10/5/1993,2376,1695,3390,2943
10/6/1993,2025,1756,3173,3007
10/7/1993,1766,1754,2925,3210
10/8/1993,1527,1714,2693,3114
10/9/1993,1333,1667,2643,2852
10/10/1993,1174,1613,2538,2545
10/11/1993,1043,1564,2432,2270
10/12/1993,932.1,1612,2222,2067
10/13/1993,835.8,1769,2013,1882
10/14/1993,755.1,1807,1834,1643
10/15/1993,690.1,1737,1685,1423
10/16/1993,639.8,1836,1560,1242
10/17/1993,610.6,1704,1456,1097
10/18/1993,626.6,1549,1501,984.3
10/19/1993,604.6,1429,1480,895.3
10/20/1993,570.2,1339,1409,825.3
10/21/1993,535.8,1293,1338,775.6
10/22/1993,505.6,1449,1306,734.4
10/23/1993,479.9,1411,1247,699.6
10/24/1993,458.4,1287,1125,670.2
10/25/1993,440.4,1164,1006,646.5
10/26/1993,425.2,1053,909.6,626.1
10/27/1993,427.3,961.7,833.6,609.9
10/28/1993,419.3,904.4,775.1,596.5
10/29/1993,407.5,883.3,729.7,583.8
10/30/1993,395.2,875.5,694,571.7
10/31/1993,384.2,875.9,665.4,560.4
11/1/1993,375,877.9,645.6,550
11/2/1993,367.4,889.3,737.1,540.7
11/3/1993,384.5,946.4,779.4,565.6
11/4/1993,439.7,1029,814.6,629.5
11/5/1993,440.2,1122,878,655.4
11/6/1993,424.3,1181,952.6,648.7
11/7/1993,405.7,1183,929.4,630.1
11/8/1993,388.7,1166,876.2,608
11/9/1993,374.2,1155,853.7,586
11/10/1993,362.1,1140,800.4,565.5
11/11/1993,351.9,1102,744.5,547.5
11/12/1993,343.2,1062,695.1,539.1
11/13/1993,335.6,993.1,653.9,525.4
11/14/1993,328.9,921.3,620.2,510.9
11/15/1993,323.2,851.4,592.2,497.6
11/16/1993,318.1,787.1,568.6,485.7
11/17/1993,313.8,729.9,556.3,475.3
11/18/1993,309.6,680.4,580.2,466.1
11/19/1993,305.4,637.3,616.4,458
11/20/1993,301.5,600.8,627.5,450.8
11/21/1993,297.8,570.2,623.6,444.3
11/22/1993,294.5,544.7,608.5,438.4
11/23/1993,291.3,523.4,588.3,433.4
11/24/1993,288.3,506,566.8,428.6
11/25/1993,285.5,491.6,545.6,423.9
11/26/1993,282.8,479.7,525.8,419.5
11/27/1993,280.3,470,508,415.2
11/28/1993,277.8,461.5,492.4,411.2
11/29/1993,275.3,453.8,479.2,407.3
11/30/1993,272.9,446.6,467.3,403.6
12/1/1993,270.5,440,456.7,400.1
12/2/1993,268.2,434.1,447.6,396.8
12/3/1993,265.8,428.8,440.3,393.5
12/4/1993,263.6,423.7,443.7,390.3
12/5/1993,261.3,418.9,437.1,653.5
12/6/1993,259.2,414.3,430.1,650.2
12/7/1993,257.1,409.9,422.2,580.3
12/8/1993,255,405.7,415.1,510.4
12/9/1993,252.8,401.7,408.2,457.1
12/10/1993,250.8,398,401.3,420.6
12/11/1993,248.7,541.5,395,396.6
12/12/1993,246.7,572,389.4,381
12/13/1993,244.7,532.2,384.5,370.6
12/14/1993,242.8,483.9,380.1,363.5
12/15/1993,240.8,444.7,376.6,358.2
12/16/1993,238.9,417.1,372.8,354
12/17/1993,237.1,398.4,369,350.4
12/18/1993,235.2,385.5,365.4,347.2
12/19/1993,233.4,376.6,361.9,344.3
12/20/1993,231.6,370.1,358.6,341.5
12/21/1993,229.8,365.2,355.4,338.7
12/22/1993,229.1,361.1,352.3,336.1
12/23/1993,228.6,357.6,349.3,333.5
12/24/1993,226.6,354.3,346.4,330.9
12/25/1993,224.3,351.3,343.4,383.9
12/26/1993,222.1,348.5,340.6,450.1
12/27/1993,220,345.7,337.8,636.5
12/28/1993,218.1,343,335,787.1
12/29/1993,216.3,340.3,332.9,744.2
12/30/1993,214.6,337.6,332.6,656.9
12/31/1993,213,335.1,330,574.3
1/1/1994,211.4,332.5,326.8,508.1
1/2/1994,209.8,329.9,323.5,458
1/3/1994,208.4,327.4,320.5,420.6
1/4/1994,206.9,325.4,317.6,392.3
1/5/1994,205.9,323,314.9,370.5
1/6/1994,204.4,320.5,312.3,353.5
1/7/1994,202.7,317.9,309.7,339.8
1/8/1994,201,315.4,307.3,328.7
1/9/1994,199.4,313,304.8,319.6
1/10/1994,197.9,310.7,302.6,311.9
1/11/1994,196.4,308.4,300.3,305.4
1/12/1994,194.9,306.2,298.1,299.8
1/13/1994,193.5,303.9,295.9,295
1/14/1994,192.1,301.7,293.6,290.8
1/15/1994,190.7,299.5,291.3,287
1/16/1994,189.3,297.3,289,283.7
1/17/1994,187.9,295.2,286.9,280.6
1/18/1994,186.6,293.1,284.8,277.8
1/19/1994,185.2,290.9,282.6,275.2
1/20/1994,183.9,288.8,280.5,272.8
1/21/1994,182.6,286.7,278.4,270.4
1/22/1994,181.3,284.6,276.3,268.2
1/23/1994,180,282.5,274.2,266.1
1/24/1994,178.9,280.4,272.1,264
1/25/1994,177.7,278.4,270.1,262
1/26/1994,176.4,276.4,268.1,260.1
1/27/1994,175.1,274.4,266.2,258.2
1/28/1994,173.8,272.5,264.2,260.3
1/29/1994,172.6,270.5,262.3,268.3
1/30/1994,171.4,268.6,303.3,307.5
1/31/1994,170.2,348.6,646.5,353.3
2/1/1994,169,516.2,766.5,434
2/2/1994,167.8,573.1,738.3,639.2
2/3/1994,166.6,564.9,669.3,799.9
2/4/1994,165.4,533.6,597.1,867.7
2/5/1994,164.3,496,533,868.3
2/6/1994,163.1,458.9,479,829.7
2/7/1994,162,424.6,434.1,772.1
2/8/1994,160.9,394.1,396.9,718.5
2/9/1994,159.7,367.4,366.1,659.5
2/10/1994,158.6,344.4,340.4,601.2
2/11/1994,157.5,324.7,319.1,546.9
2/12/1994,156.5,308.1,301.5,498.2
2/13/1994,155.4,294,286.8,455.6
2/14/1994,154.3,282.2,274.6,419.1
2/15/1994,153.2,272.2,264.4,388.1
2/16/1994,152.2,263.9,256,362.1
2/17/1994,151.1,256.9,248.9,340.3
2/18/1994,150.1,251.1,243.1,322.2
2/19/1994,149.1,246.1,238.2,307.2
2/20/1994,148.1,241.8,234.1,294.7
2/21/1994,147,238,230.4,284.2
2/22/1994,146,234.7,227.6,275.5
2/23/1994,145.1,231.8,225.5,457.2
2/24/1994,144.1,229.4,469.4,635.2
2/25/1994,143.1,227.1,987.6,789.4
2/26/1994,142.1,224.9,1779,914
2/27/1994,141.2,222.9,2614,991.2
2/28/1994,140.3,221.1,3407,1036
3/1/1994,139.4,279.3,4276,1051
3/2/1994,138.5,310.6,4564,1055
3/3/1994,137.5,320.6,4595,1041
3/4/1994,136.6,318.2,4487,1012
3/5/1994,135.6,309.5,4219,964.8
3/6/1994,134.6,368.3,3864,908.7
3/7/1994,133.7,457.6,3482,836.5
3/8/1994,132.8,478.6,3107,757.1
3/9/1994,131.8,467.6,2756,678.9
3/10/1994,131,442.7,2436,606.3
3/11/1994,131.3,434.1,2236,541.6
3/12/1994,282.5,804.8,2278,485.2
3/13/1994,564.1,1381,2542,466.6
3/14/1994,631.8,1785,2834,497.6
3/15/1994,612.6,1964,3015,560.8
3/16/1994,562.4,2031,3073,639.9
3/17/1994,504.1,2436,3685,771.1
3/18/1994,447.4,3736,4832,961.2
3/19/1994,455.5,3899,5443,1294
3/20/1994,429.8,3728,5418,1843
3/21/1994,390.9,3660,5086,2401
3/22/1994,350.1,3371,4626,2571
3/23/1994,312,3025,4130,2511
3/24/1994,341.4,2706,3646,2360
3/25/1994,322,2486,3202,2197
3/26/1994,287.3,2305,2858,2034
3/27/1994,252.7,2171,2651,1947
3/28/1994,223.4,2061,2767,1878
3/29/1994,206.8,1974,3350,1869
3/30/1994,209.3,1914,3665,1761
3/31/1994,196.9,1979,3644,1602
4/1/1994,181.7,1991,3449,1467
4/2/1994,169.1,1893,3162,1432
4/3/1994,158.8,1726,2843,1344
4/4/1994,150.5,1537,2529,1228
4/5/1994,142.8,1348,2238,1123
4/6/1994,135.2,1173,1975,1054
4/7/1994,128.7,1025,1746,1032
4/8/1994,123.4,899.5,1548,1029
4/9/1994,119.2,787.6,1379,1018
4/10/1994,116.1,690.4,1246,992.4
4/11/1994,113.7,607.8,1132,980.8
4/12/1994,112,541.1,1034,908.6
4/13/1994,120.9,506.8,951.4,821.4
4/14/1994,136.2,512.8,881.3,766.2
4/15/1994,150.5,513.7,845.4,749
4/16/1994,161.2,524.5,874.2,795.9
4/17/1994,167.7,540.2,993.4,858.1
4/18/1994,172.6,568.6,1106,939.7
4/19/1994,183.5,607.1,1215,1019
4/20/1994,199.1,655.7,1287,1096
4/21/1994,201.2,707.3,1329,1173
4/22/1994,205.6,762.9,1367,1248
4/23/1994,213.5,859.3,1436,1321
4/24/1994,239,963.2,1488,1405
4/25/1994,279.2,1069,1559,1550
4/26/1994,329.3,1196,1709,1695
4/27/1994,372.5,1314,1942,1786
4/28/1994,396.3,3905,2141,1799
4/29/1994,431.2,3863,2284,1889
4/30/1994,513.8,3187,2345,1873
5/1/1994,1020,2541,2420,1875
5/2/1994,1443,2202,2462,1974
5/3/1994,1603,2050,2529,3177
5/4/1994,1707,2073,2672,4315
5/5/1994,1812,2173,2856,4356
5/6/1994,1894,2296,3118,4217
5/7/1994,1925,2508,3426,4146
5/8/1994,2925,2473,4503,4192
5/9/1994,2964,2372,4406,4327
5/10/1994,2752,2268,3964,4398
5/11/1994,2510,2187,3545,4529
5/12/1994,2319,2178,3320,4623
5/13/1994,2192,2248,3303,4761
5/14/1994,2107,2402,3400,4948
5/15/1994,2086,2704,3578,5279
5/16/1994,2123,2967,3781,5515
5/17/1994,2195,3196,4071,5992
5/18/1994,2323,3427,4413,7429
5/19/1994,2503,3667,5096,10416
5/20/1994,2713,3954,8242,18157
5/21/1994,3274,4307,8554,18166
5/22/1994,3338,5811,8142,16043
5/23/1994,3221,6016,7608,13799
5/24/1994,3039,5794,7070,12118
5/25/1994,2849,5653,6719,11095
5/26/1994,2739,5570,6605,10579
5/27/1994,2710,5688,6666,10762
5/28/1994,2890,5842,6834,10301
5/29/1994,2975,6062,6928,9852
5/30/1994,3055,6224,6985,10520
5/31/1994,3159,6203,7050,9901
6/1/1994,3245,6430,7093,9049
6/2/1994,3403,6431,7207,8337
6/3/1994,3606,6155,7430,7829
6/4/1994,3849,6068,7738,7770
6/5/1994,5829,6570,8131,7548
6/6/1994,9207,10008,8179,7398
6/7/1994,9379,12440,8003,7269
6/8/1994,8645,15577,7778,7164
6/9/1994,7806,14819,7553,7043
6/10/1994,6992,13070,7302,6855
6/11/1994,6350,11257,7091,6637
6/12/1994,5866,9602,6921,6258
6/13/1994,5501,8299,6663,5927
6/14/1994,5248,7488,6475,5669
6/15/1994,5108,6726,6293,5580
6/16/1994,5171,6148,6155,5593
6/17/1994,5380,5839,6168,5703
6/18/1994,5796,5846,6411,6048
6/19/1994,6218,6447,6947,7043
6/20/1994,6684,16811,7444,7399
6/21/1994,7120,20587,7937,8490
6/22/1994,7546,23050,8602,13573
6/23/1994,7892,21917,9330,15587
6/24/1994,8255,19246,9951,14424
6/25/1994,8599,16648,10511,13044
6/26/1994,8971,14706,11046,12461
6/27/1994,9399,13467,11547,11761
6/28/1994,9782,12955,12072,11468
6/29/1994,12595,12812,12777,11424
6/30/1994,12863,12981,13029,11532
7/1/1994,12662,13457,13112,11700
7/2/1994,12177,13993,13132,12140
7/3/1994,11600,14644,13119,12220
7/4/1994,11258,15251,16562,12279
7/5/1994,10898,15575,20533,12384
7/6/1994,10562,15899,19953,12541
7/7/1994,10511,19073,19495,12689
7/8/1994,10345,20997,20876,12841
7/9/1994,10174,20415,23601,12891
7/10/1994,9874,19177,22458,13877
7/11/1994,9494,17871,19969,13484
7/12/1994,9111,16668,19940,12691
7/13/1994,8704,15719,18844,11965
7/14/1994,8366,15017,17364,11673
7/15/1994,8063,14455,16164,11194
7/16/1994,7823,14457,15265,10822
7/17/1994,7737,14285,14448,10632
7/18/1994,7834,13991,13702,10622
7/19/1994,8073,13856,13188,10323
7/20/1994,8330,13778,12795,10031
7/21/1994,8541,13894,12491,9819
7/22/1994,8634,13900,12210,9631
7/23/1994,8587,13699,11704,9442
7/24/1994,8452,13562,11061,9358
7/25/1994,8261,13101,10433,9030
7/26/1994,8142,12677,9891,8714
7/27/1994,8160,12178,9547,8548
7/28/1994,8314,12772,9668,8654
7/29/1994,8537,12607,9569,8897
7/30/1994,8824,12385,9529,9268
7/31/1994,9230,12251,9666,9753
8/1/1994,9871,12389,10203,10272
8/2/1994,12201,12774,10537,10770
8/3/1994,12847,13350,11122,11293
8/4/1994,12714,13885,11636,11722
8/5/1994,14925,14417,12434,11977
8/6/1994,15071,14728,12975,11988
8/7/1994,14109,14586,13253,11839
8/8/1994,12973,15075,13125,11485
8/9/1994,11905,14439,12897,11999
8/10/1994,10952,13465,12561,11421
8/11/1994,10176,12520,12107,10663
8/12/1994,9626,12063,11723,10109
8/13/1994,9682,11677,11351,9727
8/14/1994,9287,11314,10956,9429
8/15/1994,8722,10774,10534,9168
8/16/1994,8133,10145,10049,8814
8/17/1994,7611,9587,9616,8180
8/18/1994,7202,9183,9182,7651
8/19/1994,6932,8964,8917,7318
8/20/1994,6851,8918,8881,7252
8/21/1994,6971,9090,9242,7439
8/22/1994,7279,9407,9587,7753
8/23/1994,7942,9820,9956,8102
8/24/1994,8353,10086,10404,8353
8/25/1994,8092,10374,10560,8414
8/26/1994,7645,10363,10338,8516
8/27/1994,7219,10433,10017,8674
8/28/1994,6889,10425,9657,8644
8/29/1994,6717,10323,9365,8566
8/30/1994,6612,10180,9153,8497
8/31/1994,6534,10045,9011,8424
9/1/1994,7055,9924,8925,8461
9/2/1994,6892,9744,8818,9049
9/3/1994,6520,9426,8672,8711
9/4/1994,6035,9030,8369,8079
9/5/1994,5541,8593,7958,7406
9/6/1994,5115,8145,7521,7695
9/7/1994,4812,8015,7157,7187
9/8/1994,4639,8427,7519,6488
9/9/1994,4578,8356,7414,5906
9/10/1994,5041,9097,7065,5523
9/11/1994,4865,8481,6604,5547
9/12/1994,4466,7609,6163,5249
9/13/1994,4051,6745,5914,4705
9/14/1994,3712,6015,5512,4139
9/15/1994,3476,5407,5080,3667
9/16/1994,3397,4922,4709,3295
9/17/1994,3287,4525,4511,3019
9/18/1994,3265,4265,4125,2829
9/19/1994,3110,3959,3747,2770
9/20/1994,2834,3653,3453,2758
9/21/1994,2568,3398,3387,2655
9/22/1994,2346,3188,3532,2409
9/23/1994,2343,3014,3388,2155
9/24/1994,2437,2879,3041,1961
9/25/1994,2208,2897,2710,1828
9/26/1994,1943,2764,2458,1714
9/27/1994,1721,2602,2273,1599
9/28/1994,1558,2449,2135,1526
9/29/1994,1458,2320,2089,1521
9/30/1994,1410,2227,2019,1501
10/1/1994,1395,2172,1932,1740
10/2/1994,1398,2147,2066,1724
10/3/1994,1577,2147,3166,1607
10/4/1994,1507,2177,3235,1475
10/5/1994,1367,2107,2789,1343
10/6/1994,1220,2003,2304,1226
10/7/1994,1091,1966,1905,1130
10/8/1994,983.4,1878,1605,1049
10/9/1994,894.3,1795,1386,977.5
10/10/1994,824.3,1701,1225,913
10/11/1994,766.4,1614,1106,855
10/12/1994,718.1,1539,1016,854.4
10/13/1994,672.1,1476,946,1036
10/14/1994,630.2,1422,890.3,962.1
10/15/1994,593.2,1388,851,836
10/16/1994,563.8,1363,823.3,713.9
10/17/1994,535.5,1330,805.9,616
10/18/1994,510.3,1294,805.7,543.5
10/19/1994,490.6,1261,815.9,490.3
10/20/1994,481.7,1232,840.2,451.2
10/21/1994,480.1,1208,885.4,421.7
10/22/1994,481.3,1187,990.4,399.3
10/23/1994,481,1183,1123,453.7
10/24/1994,473.2,1202,1153,479.1
10/25/1994,461.4,1230,1133,447.4
10/26/1994,448.2,1252,1115,407.2
10/27/1994,434.7,1248,1096,373.3
10/28/1994,421.8,1230,1157,347.9
10/29/1994,410.7,1224,1569,329.7
10/30/1994,470.8,1245,2031,321.6
10/31/1994,515.4,1324,3107,358
11/1/1994,549.2,1695,3731,443.2
11/2/1994,520.3,1862,3623,562.4
11/3/1994,480,1841,3280,746.5
11/4/1994,444,1778,3036,952.4
11/5/1994,415.7,1730,3520,1156
11/6/1994,394.1,1801,3443,1372
11/7/1994,377.6,2466,3184,1547
11/8/1994,364.7,3126,2932,1686
11/9/1994,354.4,3038,2719,1807
11/10/1994,345.8,2764,2532,1916
11/11/1994,338.5,2501,2367,2036
11/12/1994,332.1,2489,2326,2120
11/13/1994,326.3,2347,2317,2006
11/14/1994,321.1,2167,2164,1844
11/15/1994,316.4,1968,1939,1867
11/16/1994,312,1781,1713,1916
11/17/1994,308,1614,1722,1660
11/18/1994,304.2,1470,1545,1363
11/19/1994,300.7,1347,1343,1105
11/20/1994,297.3,1243,1166,900.7
11/21/1994,294.1,1155,1023,744.4
11/22/1994,291,1082,910.6,625.9
11/23/1994,288,1021,822.9,535.6
11/24/1994,285.1,970.8,754,466.3
11/25/1994,282.3,928.4,699.4,412.6
11/26/1994,279.6,892.9,655.7,370.6
11/27/1994,277,863.2,620.4,337.7
11/28/1994,276,838.7,591.4,311.6
11/29/1994,277.9,817.4,567.5,290.8
11/30/1994,275.1,799.1,547.6,274.2
12/1/1994,271.3,783.3,530.8,260.8
12/2/1994,267.5,769.6,516.5,250.1
12/3/1994,264.6,758.1,504.5,241.3
12/4/1994,262.6,748.3,494.8,234.1
12/5/1994,260.3,739.3,486.3,228.1
12/6/1994,257.4,730.9,478.6,223
12/7/1994,254.5,722.2,470.6,218.7
12/8/1994,251.9,713.7,462.9,215.1
12/9/1994,249.4,705.6,455.9,211.8
12/10/1994,247.1,698.1,449.4,208.8
12/11/1994,244.9,691,443.5,206.1
12/12/1994,242.7,684.4,438,203.7
12/13/1994,240.6,678,432.9,201.6
12/14/1994,238.6,671.9,427.9,199.6
12/15/1994,236.6,665.9,423.2,197.7
12/16/1994,234.7,660.1,418.7,195.9
12/17/1994,232.7,654.4,414.3,194.2
12/18/1994,230.8,648.8,410,192.5
12/19/1994,228.9,643.4,406,190.9
12/20/1994,227.1,638,401.9,190.7
12/21/1994,225.4,632.8,398.3,225.5
12/22/1994,223.8,628.7,524.3,225.2
12/23/1994,222.2,625,1113,215.8
12/24/1994,220.4,620.9,1231,205.9
12/25/1994,218.5,617,1380,284.7
12/26/1994,216.7,752.9,1433,462.6
12/27/1994,214.9,950.4,1437,636.4
12/28/1994,213.2,943,1380,745.7
12/29/1994,211.5,879.9,1268,752.6
12/30/1994,209.8,813.3,1146,712.6
12/31/1994,208.2,757.7,1029,653
1/1/1995,206.6,713.5,922.9,587.9
1/2/1995,205,678.8,829.3,524.2
1/3/1995,203.4,651.5,748.3,465.5
1/4/1995,201.8,629.7,679,413.3
1/5/1995,200.3,611.9,620.2,368.7
1/6/1995,198.8,597.1,570.8,330.4
1/7/1995,197.3,584.6,529.5,297.7
1/8/1995,195.8,573.7,495.1,270.2
1/9/1995,194.3,564.3,466.5,247.5
1/10/1995,192.9,556,442.7,228.8
1/11/1995,191.4,548.6,423,213.6
1/12/1995,190,541.9,406.5,201.2
1/13/1995,188.6,535.8,392.8,191
1/14/1995,187.2,530.2,381.2,182.8
1/15/1995,185.8,524.9,371.4,176
1/16/1995,184.5,520,363,170.4
1/17/1995,183.1,515.4,355.8,165.9
1/18/1995,181.8,511,349.4,162
1/19/1995,180.4,506.7,343.8,158.8
1/20/1995,179.1,502.6,338.7,156.1
1/21/1995,177.8,498.6,334.2,153.7
1/22/1995,176.5,494.7,330,151.6
1/23/1995,175.2,490.9,326.1,149.8
1/24/1995,174,487.2,322.4,148.2
1/25/1995,172.7,483.6,318.9,146.7
1/26/1995,171.5,480,315.6,145.5
1/27/1995,170.2,476.4,312.5,144.3
1/28/1995,169,472.9,309.5,143.1
1/29/1995,167.8,469.5,306.5,141.9
1/30/1995,166.6,466.1,303.6,140.8
1/31/1995,165.5,462.7,300.9,139.7
2/1/1995,164.3,459.4,298.2,138.9
2/2/1995,163.1,456.1,295.5,138
2/3/1995,162,452.8,292.9,137
2/4/1995,160.8,449.6,290.3,357
2/5/1995,159.7,446.4,288,460.2
2/6/1995,158.6,443.2,285.7,409.1
2/7/1995,157.5,440.1,283.3,331.3
2/8/1995,156.4,437,281,265.2
2/9/1995,155.3,433.9,278.8,217.8
2/10/1995,154.2,430.9,276.5,186
2/11/1995,153.2,428.5,274.2,165.5
2/12/1995,152.2,425.9,271.9,152.2
2/13/1995,151.1,422.9,269.5,143.6
2/14/1995,150,420.1,267.2,137.7
2/15/1995,149,417.2,264.9,133.6
2/16/1995,147.9,414.2,262.7,130.6
2/17/1995,146.8,411.2,260.5,128.2
2/18/1995,145.8,408.1,258.3,126.3
2/19/1995,144.8,405.1,256.2,124.6
2/20/1995,143.7,402.2,254.1,123.3
2/21/1995,142.7,399.3,252,122.1
2/22/1995,141.8,396.4,250,121
2/23/1995,140.8,393.6,248,119.9
2/24/1995,139.8,390.8,246.1,118.8
2/25/1995,138.9,388,244.2,117.9
2/26/1995,138.5,385.3,242.3,116.9
2/27/1995,137.8,382.7,240.5,116
2/28/1995,136.7,380,238.7,115.1
3/1/1995,135.6,377.4,237.2,114.3
3/2/1995,134.5,374.7,235.6,113.4
3/3/1995,133.4,372.1,234,112.6
3/4/1995,132.4,369.6,232.3,111.8
3/5/1995,131.6,367,230.9,111.3
3/6/1995,130.7,364.5,241.6,111.2
3/7/1995,129.8,362.2,250.8,124.4
3/8/1995,128.9,360.2,253.5,125
3/9/1995,128,358,253.2,122
3/10/1995,127.1,355.6,250.4,118.1
3/11/1995,126.2,353.4,246.1,114.6
3/12/1995,125.3,351.3,241.3,112.3
3/13/1995,124.5,349.1,247.4,141.6
3/14/1995,123.6,346.9,271,395.3
3/15/1995,122.8,410,288.9,393.2
3/16/1995,121.9,474.3,293.1,327.7
3/17/1995,121.2,500.1,449.7,272.3
3/18/1995,120.7,502.7,656.8,225.7
3/19/1995,126.9,492.5,642.8,192.2
3/20/1995,221.3,476,692.1,184.7
3/21/1995,293.5,468.6,758.7,272.8
3/22/1995,320.8,480.8,787.7,272.8
3/23/1995,322.9,481.1,775.7,247
3/24/1995,311.4,516,738.3,228.9
3/25/1995,292.3,591.4,700.5,209.2
3/26/1995,269.6,703.7,743.9,191.1
3/27/1995,245.8,795.9,855.4,175
3/28/1995,223.3,804.6,862.1,161
3/29/1995,203.6,778.2,826.6,149.1
3/30/1995,186.2,734.2,770.1,146.1
3/31/1995,171.1,683.2,705.5,140.3
4/1/1995,158.5,631.6,640.5,133.6
4/2/1995,156.5,582.9,579.4,126.9
4/3/1995,152.2,538.9,525,120.7
4/4/1995,147.3,502,492.4,115.1
4/5/1995,142.1,471.3,506.9,118.1
4/6/1995,136.9,505.8,545.2,136.7
4/7/1995,131.7,855.5,583.9,166.6
4/8/1995,127.4,868.1,611,199.8
4/9/1995,123.6,794.6,752.9,258.5
4/10/1995,119.8,722.5,985.7,494.5
4/11/1995,116.2,661.8,1206,788.7
4/12/1995,113.1,617.6,1304,968
4/13/1995,110.6,583.9,1310,1096
4/14/1995,117,559.5,1273,1285
4/15/1995,162.3,550.9,1218,1437
4/16/1995,192.6,568.2,1293,1542
4/17/1995,215.5,623.9,1237,1649
4/18/1995,234.5,653.9,1149,1727
4/19/1995,249.3,663.3,1081,1747
4/20/1995,259.7,646.3,1077,1753
4/21/1995,254.7,616,1065,1850
4/22/1995,241.9,580.6,1037,1816
4/23/1995,239.2,544.3,993.3,1731
4/24/1995,267.7,509.4,932.5,1609
4/25/1995,309.4,476.8,881.2,1474
4/26/1995,328,447.4,841.2,1348
4/27/1995,328.5,421.5,789.6,1244
4/28/1995,364.9,399.5,747.8,1174
4/29/1995,429.9,382,726.6,1138
4/30/1995,589.9,498.3,775.8,1153
5/1/1995,701.4,679,1001,1171
5/2/1995,802.6,1138,1185,1481
5/3/1995,926,1411,1351,1658
5/4/1995,1063,1642,1629,1636
5/5/1995,1239,1836,1920,1604
5/6/1995,1400,2057,2334,1628
5/7/1995,1526,2320,2835,1732
5/8/1995,1674,2677,3505,1900
5/9/1995,1890,2950,4350,2069
5/10/1995,2075,3219,5482,2284
5/11/1995,2198,3328,6131,2483
5/12/1995,2291,3637,6265,2630
5/13/1995,2479,3654,6223,2746
5/14/1995,2858,3484,6135,2903
5/15/1995,2954,3311,6050,2927
5/16/1995,2944,3112,6559,2894
5/17/1995,2885,2944,7038,2897
5/18/1995,2859,2818,7757,2925
5/19/1995,2886,2879,7654,2770
5/20/1995,4083,2986,7849,2590
5/21/1995,4182,3265,8142,2517
5/22/1995,3860,3574,9591,2630
5/23/1995,3487,3994,9515,2767
5/24/1995,3128,4667,9112,2969
5/25/1995,2824,5561,8583,3223
5/26/1995,2590,5864,8082,3514
5/27/1995,2408,6067,7734,3819
5/28/1995,2268,5940,7497,4273
5/29/1995,2150,5743,7328,5342
5/30/1995,2056,5548,7201,5295
5/31/1995,2039,5443,7118,4975
6/1/1995,2159,5457,8100,4500
6/2/1995,2180,5284,7849,4101
6/3/1995,2196,5015,7404,5220
6/4/1995,2275,5087,7075,5254
6/5/1995,2442,4983,6944,5445
6/6/1995,2757,4860,7050,4998
6/7/1995,3086,4745,7493,4552
6/8/1995,3475,4645,7951,4287
6/9/1995,3916,4619,9677,4204
6/10/1995,4485,4847,10222,4271
6/11/1995,5038,5434,10224,4469
6/12/1995,5711,6242,10100,4734
6/13/1995,6578,7321,10006,5142
6/14/1995,8168,8560,10014,5719
6/15/1995,10041,9866,10172,8462
6/16/1995,11215,11122,10498,18423
6/17/1995,11151,12162,10693,20031
6/18/1995,10808,12823,10814,18369
6/19/1995,10249,13048,10781,15954
6/20/1995,9758,12953,10697,13846
6/21/1995,9319,12917,10527,12267
6/22/1995,9088,12916,10369,11181
6/23/1995,8969,13052,10241,10642
6/24/1995,9774,13246,10182,10494
6/25/1995,13070,13225,10249,10625
6/26/1995,13134,13469,10337,10967
6/27/1995,12093,13202,10396,11324
6/28/1995,10938,12772,10432,11689
6/29/1995,10003,12311,10486,12029
6/30/1995,9351,11866,10544,12335
7/1/1995,8965,11425,10595,12565
7/2/1995,8847,11061,10737,12768
7/3/1995,8892,10751,10998,13037
7/4/1995,9059,10566,11338,13106
7/5/1995,9472,10554,11521,13402
7/6/1995,9870,10629,11593,22781
7/7/1995,10168,10793,11645,23908
7/8/1995,10545,11236,11796,22180
7/9/1995,10826,11686,12061,20191
7/10/1995,11246,12154,12384,18783
7/11/1995,11325,12642,12783,17940
7/12/1995,12747,13147,13003,17658
7/13/1995,12560,13559,13129,17755
7/14/1995,11989,13946,13180,17869
7/15/1995,11459,14207,13251,17711
7/16/1995,11048,14401,13354,17421
7/17/1995,10779,14553,13524,17077
7/18/1995,10543,14592,13440,16629
7/19/1995,10179,14375,13123,16073
7/20/1995,9802,14050,13527,15454
7/21/1995,9473,14214,12672,14797
7/22/1995,9247,14405,11708,14197
7/23/1995,8933,16117,10933,13639
7/24/1995,8398,15531,10159,12920
7/25/1995,7758,13853,9421,12072
7/26/1995,7048,12041,8671,11203
7/27/1995,6410,10457,7770,10368
7/28/1995,5975,9210,7300,9684
7/29/1995,5917,8353,7898,9148
7/30/1995,5906,7957,7632,8795
7/31/1995,6050,8727,7366,8643
8/1/1995,6220,8541,7650,8708
8/2/1995,6431,8222,7907,8914
8/3/1995,6646,8047,13053,9102
8/4/1995,6902,8042,16613,9293
8/5/1995,7139,8130,15615,9478
8/6/1995,7219,9410,13823,9592
8/7/1995,7083,9851,12246,9626
8/8/1995,6815,9732,11098,9608
8/9/1995,6521,9085,10544,9564
8/10/1995,6352,8256,9859,10691
8/11/1995,6338,7827,9356,10593
8/12/1995,6524,7237,9080,10199
8/13/1995,7070,6824,9078,9849
8/14/1995,7134,6663,8984,9876
8/15/1995,7065,6726,8755,9649
8/16/1995,6970,6947,8737,9343
8/17/1995,7014,7134,8710,9119
8/18/1995,6984,7236,8735,8962
8/19/1995,6850,7227,8253,8824
8/20/1995,6706,7156,7773,8726
8/21/1995,6572,7021,7441,8853
8/22/1995,6435,6871,7256,9113
8/23/1995,6262,6762,7181,9949
8/24/1995,6124,6691,7130,10364
8/25/1995,6062,6686,7135,10439
8/26/1995,6044,6975,7231,10509
8/27/1995,6082,6834,7472,10144
8/28/1995,6005,6587,7908,9288
8/29/1995,5888,6365,8880,8449
8/30/1995,5640,6144,8304,7757
8/31/1995,5323,5858,7315,7444
9/1/1995,4967,5526,6353,8360
9/2/1995,4646,5186,5609,7790
9/3/1995,4336,4937,5179,6819
9/4/1995,4098,5377,4723,5933
9/5/1995,3960,5307,4357,5272
9/6/1995,3886,5104,4124,4921
9/7/1995,3866,5106,4025,5531
9/8/1995,3885,6156,4109,5567
9/9/1995,3846,6060,4302,5447
9/10/1995,3797,5397,4513,5296
9/11/1995,3729,4696,4812,5159
9/12/1995,3616,4119,5194,5023
9/13/1995,3495,3674,5118,4899
9/14/1995,3288,3356,4827,4830
9/15/1995,3069,3140,4501,4816
9/16/1995,2922,3022,4254,4861
9/17/1995,2873,2991,3856,4950
9/18/1995,2934,3048,3671,5076
9/19/1995,2901,3161,3499,5208
9/20/1995,3249,3326,3254,6312
9/21/1995,4952,3538,3055,6347
9/22/1995,4834,3678,2899,6552
9/23/1995,4279,3741,2828,6156
9/24/1995,3758,3763,2843,5630
9/25/1995,3378,3737,2909,5192
9/26/1995,3128,3685,2997,4943
9/27/1995,2950,3603,3064,5152
9/28/1995,2778,3499,3075,5103
9/29/1995,2615,3395,3035,4603
9/30/1995,2441,3189,2929,4062
10/1/1995,2266,2978,2826,3598
10/2/1995,2100,2769,2704,3252
10/3/1995,1914,2580,2582,2970
10/4/1995,2017,2421,2454,2739
10/5/1995,1855,2240,2365,2558
10/6/1995,1656,2123,2236,2418
10/7/1995,1488,2178,2106,2314
10/8/1995,1365,2356,2046,2221
10/9/1995,1292,2212,2064,2149
10/10/1995,1211,2003,2273,2097
10/11/1995,1146,1795,2386,2294
10/12/1995,1081,1616,2311,4148
10/13/1995,1018,1473,2120,3928
10/14/1995,947.6,1357,1902,3207
10/15/1995,878,1265,1692,2507
10/16/1995,813.5,1182,1503,1964
10/17/1995,755.8,1109,1335,1634
10/18/1995,705.6,1045,1189,1377
10/19/1995,662.4,990.3,1065,1184
10/20/1995,625.4,942.3,959.9,1039
10/21/1995,594,901.2,871.8,929.6
10/22/1995,567.6,865.9,800.4,844.4
10/23/1995,545.2,835.8,742.6,777.7
10/24/1995,526.2,810.1,693.4,724.8
10/25/1995,509.9,788,652.6,682
10/26/1995,496,768.8,639.7,647
10/27/1995,484,752.2,614.1,619
10/28/1995,473.6,737.6,584.9,596.8
10/29/1995,464.8,724.5,558.6,576.9
10/30/1995,457.2,716.1,536.4,559.4
10/31/1995,450,714.3,518.2,544.1
11/1/1995,443.4,708.4,504,531
11/2/1995,437.3,700.4,491.6,519.9
11/3/1995,431.5,691.3,480.9,511.1
11/4/1995,426.1,681.6,471.8,502.6
11/5/1995,421.1,671.9,463.8,494.7
11/6/1995,416.3,662.4,457.9,486.8
11/7/1995,411.8,653.2,451.5,479.5
11/8/1995,407.5,644.5,445.4,472.7
11/9/1995,403.4,636.2,439.5,466.5
11/10/1995,399.4,628.9,434.1,460.7
11/11/1995,395.8,621.5,428.8,455.8
11/12/1995,392,614.3,423.7,451.1
11/13/1995,388.2,607.4,419,446.6
11/14/1995,384.5,600.7,414.5,442.3
11/15/1995,380.8,594.3,410.2,438
11/16/1995,377.2,588.2,406,433.8
11/17/1995,373.7,582.2,402.2,536.5
11/18/1995,370.2,576.5,398.7,983.3
11/19/1995,366.8,570.9,394.9,1303
11/20/1995,363.5,565.4,391.1,1160
11/21/1995,360.2,560.1,387.3,936.7
11/22/1995,357,641.9,383.7,747.1
11/23/1995,353.9,3453,380.2,612.6
11/24/1995,350.8,4187,376.8,524.5
11/25/1995,348,3527,373.7,484.4
11/26/1995,345.3,2627,370.8,461.6
11/27/1995,342.3,1890,367.8,444.5
11/28/1995,339.2,1377,364.8,431.1
11/29/1995,336.2,1045,361.4,422.3
11/30/1995,333.3,841.1,358.1,414.2
12/1/1995,330.4,717.6,354.8,406.2
12/2/1995,327.7,643.8,351.7,398.5
12/3/1995,324.9,599.4,348.6,391.2
12/4/1995,322.3,571.9,345.7,384.3
12/5/1995,319.7,554.2,342.8,378
12/6/1995,317.2,542.1,339.9,372.2
12/7/1995,314.6,533.3,337.5,366.8
12/8/1995,312.4,526.1,335.1,361.9
12/9/1995,309.9,519.7,332.4,357.4
12/10/1995,307.3,513.8,329.5,353.2
12/11/1995,304.8,508.3,326.7,349.3
12/12/1995,302.3,503.2,324.4,345.6
12/13/1995,299.8,498.2,321.9,342.1
12/14/1995,297.5,493.5,319.1,338.8
12/15/1995,295.1,488.8,316.4,335.7
12/16/1995,292.8,484.2,313.7,332.6
12/17/1995,290.5,479.8,311.2,329.7
12/18/1995,288.3,475.4,308.7,327.3
12/19/1995,286.1,471.1,306.2,325.7
12/20/1995,283.9,466.9,303.8,322.9
12/21/1995,281.7,462.7,301.4,320
12/22/1995,279.6,458.6,299.1,317
12/23/1995,277.5,454.6,296.8,314.2
12/24/1995,275.4,450.6,294.9,311.5
12/25/1995,273.3,446.7,371.3,309
12/26/1995,271.2,442.9,370.4,306.5
12/27/1995,269.2,439.1,349.6,304.1
12/28/1995,267.2,435.3,328.3,301.7
12/29/1995,265.2,431.6,311.5,299.4
12/30/1995,263.2,428,299.4,297.1
12/31/1995,261.3,424.4,290.8,294.8
1/1/1996,259.3,420.9,284.7,292.6
1/2/1996,257.4,417.4,280.1,290.4
1/3/1996,255.5,413.9,276.4,288.2
1/4/1996,253.7,410.5,273.4,286
1/5/1996,251.8,407.2,270.7,283.9
1/6/1996,250,403.8,268.3,281.8
1/7/1996,248.1,400.6,266,279.7
1/8/1996,246.3,397.3,263.9,277.6
1/9/1996,244.6,394.1,261.8,275.6
1/10/1996,243.2,391.1,259.7,273.5
1/11/1996,241.4,388,257.8,271.5
1/12/1996,239.6,384.9,256.2,269.5
1/13/1996,237.8,381.8,254.8,267.6
1/14/1996,236,378.8,253.2,265.6
1/15/1996,234.3,375.8,251.2,263.7
1/16/1996,232.5,372.9,249,261.8
1/17/1996,230.9,369.9,247,259.9
1/18/1996,229.2,367.1,245,258.1
1/19/1996,227.6,364.3,243.2,256.2
1/20/1996,226,361.6,241.4,254.3
1/21/1996,224.4,359.1,239.7,252.5
1/22/1996,222.8,402.4,238.1,250.7
1/23/1996,221.2,437.9,236.4,248.9
1/24/1996,219.6,436.7,234.6,247.1
1/25/1996,218.1,424.1,232.9,245.3
1/26/1996,216.6,409.4,231.2,243.6
1/27/1996,215,395.6,229.5,241.8
1/28/1996,213.5,383.5,227.9,240.1
1/29/1996,212,373,226.3,238.4
1/30/1996,210.6,363.9,224.7,236.7
1/31/1996,209.1,356,223.1,235.1
2/1/1996,207.7,349.1,221.5,233.5
2/2/1996,206.2,343.2,220,231.9
2/3/1996,204.8,338.1,218.5,230.3
2/4/1996,203.4,333.7,216.9,229.3
2/5/1996,202,343.6,215.4,276.4
2/6/1996,200.6,345.4,213.9,506.7
2/7/1996,199.2,343.1,212.5,509.4
2/8/1996,197.8,338.9,211,451.6
2/9/1996,196.5,333.8,209.6,390.5
2/10/1996,195.3,328.7,208.1,341.4
2/11/1996,194.3,323.7,206.7,305.5
2/12/1996,193.1,319,205.2,280
2/13/1996,191.6,314.3,203.8,267
2/14/1996,190.1,309.9,202.4,256.3
2/15/1996,188.7,305.8,201,247.3
2/16/1996,187.3,302.1,199.6,239.6
2/17/1996,186,298.7,198.2,232.9
2/18/1996,184.6,295.6,196.8,227.1
2/19/1996,183.4,292.7,195.5,222
2/20/1996,182.1,289.9,194.1,217.5
2/21/1996,180.9,287.4,192.8,213.5
2/22/1996,179.7,285,191.5,210.1
2/23/1996,178.5,282.7,190.2,207
2/24/1996,177.6,280.6,189,204.3
2/25/1996,177,278.7,189.6,202
2/26/1996,176.2,277.1,193.2,199.8
2/27/1996,175.2,275.9,228.6,197.9
2/28/1996,174.1,275.1,245.6,229.1
2/29/1996,172.9,376.5,251.4,269.5
3/1/1996,171.6,628.6,249.8,351.8
3/2/1996,170.3,997.5,244.3,528
3/3/1996,169.1,1035,236.7,598
3/4/1996,167.8,987,248.8,618.3
3/5/1996,166.5,912,240.7,604
3/6/1996,165.3,834.1,228,571.4
3/7/1996,164.7,761.6,215.9,530.4
3/8/1996,164.2,697.9,206,487.3
3/9/1996,163.4,642.7,198.7,446.1
3/10/1996,162.6,595.4,193.2,408.3
3/11/1996,162.2,555.1,188.7,374.6
3/12/1996,162.6,521.6,185.7,345.3
3/13/1996,163.6,493.4,185.2,321.4
3/14/1996,164.5,469.7,185.3,303.1
3/15/1996,165.5,450.2,184.7,287.2
3/16/1996,228,592,229.6,277.9
3/17/1996,257.9,754.2,254.6,294.6
3/18/1996,289.1,896.6,264.3,330.6
3/19/1996,283.9,1225,276.5,383
3/20/1996,276.7,1529,285.7,465.5
3/21/1996,268.9,1651,334.5,646.7
3/22/1996,261.7,1578,403.8,712.7
3/23/1996,255.4,1453,408.4,728.3
3/24/1996,250.3,1321,389.7,714.6
3/25/1996,246.2,1212,387.6,694.2
3/26/1996,242.3,1157,373.2,679.5
3/27/1996,238.5,1215,353.4,930
3/28/1996,234.8,1181,332,892.5
3/29/1996,231.2,1123,311.1,784.9
3/30/1996,227.9,1053,292,674.3
3/31/1996,225.2,981.2,291.3,580.4
4/1/1996,222.8,912.3,313.6,534.5
4/2/1996,220.6,850.1,405.3,532
4/3/1996,218.1,871.2,407.2,592.5
4/4/1996,215.8,865.8,383,671
4/5/1996,213.2,869.6,354.3,643.6
4/6/1996,210.4,815.7,324.9,585.4
4/7/1996,207.7,752.5,298.1,524
4/8/1996,204.9,695.5,275.4,468.6
4/9/1996,202,648.1,255.7,423
4/10/1996,199.2,609.4,239,401.1
4/11/1996,196.5,577.9,224.9,410.8
4/12/1996,198.5,554.6,213,455.9
4/13/1996,210.2,564.7,203.1,567.2
4/14/1996,230.5,609.5,194.7,751.4
4/15/1996,263.2,936.5,191.3,1226
4/16/1996,351.5,1092,237.7,1509
4/17/1996,496.5,1238,329,1717
4/18/1996,705.9,1504,458.1,1955
4/19/1996,1017,1916,751.3,2209
4/20/1996,1276,2195,1108,2297
4/21/1996,1429,2377,1464,2349
4/22/1996,1472,2452,1683,2499
4/23/1996,1460,2467,1752,2666
4/24/1996,1425,2641,1884,2613
4/25/1996,1506,2915,2050,2493
4/26/1996,1569,3260,2189,2368
4/27/1996,1539,3381,2275,2277
4/28/1996,1489,3353,2342,2312
4/29/1996,1521,3230,2382,2198
4/30/1996,1452,3051,2477,2071
5/1/1996,1350,2838,2582,1950
5/2/1996,1238,2607,2458,1744
5/3/1996,1126,2377,2262,1551
5/4/1996,1020,2161,2042,1410
5/5/1996,925,1979,1851,1316
5/6/1996,843.3,2015,1697,1253
5/7/1996,791.7,2174,1575,1235
5/8/1996,766.7,2128,1495,1266
5/9/1996,753.6,2030,1422,1281
5/10/1996,726.4,1946,1397,1287
5/11/1996,715.4,1782,1476,1316
5/12/1996,817.6,1629,1599,1306
5/13/1996,912.7,1563,1674,1324
5/14/1996,1002,1564,1748,1438
5/15/1996,1101,1611,1803,1523
5/16/1996,1197,1689,1863,1611
5/17/1996,1272,1793,1936,1719
5/18/1996,1357,1870,2046,1830
5/19/1996,1464,1903,2339,1927
5/20/1996,1545,1928,2496,2005
5/21/1996,1540,1999,2661,2121
5/22/1996,1469,2068,2770,2491
5/23/1996,1367,2081,2879,2399
5/24/1996,1257,2088,2777,2239
5/25/1996,1191,2005,2814,2118
5/26/1996,1188,1985,2643,2142
5/27/1996,1245,2049,2450,2215
5/28/1996,1345,2199,2310,2892
5/29/1996,1764,2418,2234,6226
5/30/1996,1944,2733,2226,6217
5/31/1996,2140,3118,5010,5339
6/1/1996,2339,4176,5655,4541
6/2/1996,2528,5135,5586,4210
6/3/1996,2710,5069,5003,4647
6/4/1996,2895,4764,4475,4689
6/5/1996,2894,4467,9279,4564
6/6/1996,2904,4297,9235,4545
6/7/1996,2958,4256,7866,4645
6/8/1996,3188,4284,6521,4956
6/9/1996,3579,4429,5700,5576
6/10/1996,8725,4808,5513,6249
6/11/1996,9641,5598,5893,7090
6/12/1996,9452,6957,6779,8145
6/13/1996,8639,8605,7514,9532
6/14/1996,7622,9208,8251,10132
6/15/1996,6573,9542,8179,10131
6/16/1996,5675,9237,7430,9822
6/17/1996,4898,8618,6496,9037
6/18/1996,4282,7810,5660,8225
6/19/1996,3816,6999,5074,7465
6/20/1996,3545,6326,4557,6796
6/21/1996,3660,5873,4206,9738
6/22/1996,4587,5910,4097,9728
6/23/1996,5000,6439,4388,9152
6/24/1996,5260,7345,5047,8813
6/25/1996,5593,8310,5723,8820
6/26/1996,5837,9158,6402,9038
6/27/1996,6028,9743,7277,9285
6/28/1996,6259,10206,7670,9507
6/29/1996,6353,10435,7892,9710
6/30/1996,6354,10507,7962,9904
7/1/1996,6448,10519,8200,10080
7/2/1996,6557,10402,8182,10396
7/3/1996,6651,10407,8086,10679
7/4/1996,6670,10325,8014,11544
7/5/1996,6621,10232,8049,11115
7/6/1996,6651,10133,8176,10272
7/7/1996,6754,10124,8532,9520
7/8/1996,6944,10229,9077,9094
7/9/1996,7456,10443,9823,8939
7/10/1996,7808,10657,10658,9026
7/11/1996,8224,10858,11202,9193
7/12/1996,8426,10953,11640,9240
7/13/1996,8435,11027,11579,9193
7/14/1996,8405,10867,11266,9022
7/15/1996,8374,10744,10821,8849
7/16/1996,8603,10865,10355,8839
7/17/1996,8690,11029,9787,9073
7/18/1996,8650,10880,9468,9339
7/19/1996,8499,10768,9353,9778
7/20/1996,8334,10421,9859,10076
7/21/1996,8195,10120,9876,10369
7/22/1996,8098,9902,9963,10540
7/23/1996,8107,11617,10079,12030
7/24/1996,8288,12413,10247,12678
7/25/1996,8573,11589,10433,12608
7/26/1996,10234,10572,10712,17423
7/27/1996,11046,10081,11017,25026
7/28/1996,10980,10044,11343,25874
7/29/1996,10675,10332,11697,24250
7/30/1996,10306,10628,12047,22114
7/31/1996,9975,10750,12305,20132
8/1/1996,9653,10823,12400,18449
8/2/1996,9401,10872,12527,17000
8/3/1996,9201,10886,12808,15729
8/4/1996,9690,10909,12750,14693
8/5/1996,9403,10857,12636,13866
8/6/1996,9194,10763,13699,13262
8/7/1996,8761,10601,13398,13378
8/8/1996,8365,10523,12811,12765
8/9/1996,8033,10373,12240,12057
8/10/1996,7825,10076,11873,11536
8/11/1996,7735,9911,11340,11212
8/12/1996,7765,9579,10926,10985
8/13/1996,7838,9056,10589,10820
8/14/1996,7999,8609,10303,10712
8/15/1996,8096,8251,10070,10621
8/16/1996,8120,7962,9883,10447
8/17/1996,8044,7662,9626,10188
8/18/1996,7919,7427,9353,9965
8/19/1996,7884,7250,9571,9587
8/20/1996,7525,7096,9233,9187
8/21/1996,6986,6856,8670,8765
8/22/1996,6470,6575,8158,8580
8/23/1996,6033,6317,8382,8198
8/24/1996,5779,6185,7935,7927
8/25/1996,5578,6187,7439,7759
8/26/1996,5416,6519,7377,7706
8/27/1996,5373,10190,7254,7942
8/28/1996,5729,16311,7203,8079
8/29/1996,5753,24141,7236,8405
8/30/1996,5650,25055,7309,8270
8/31/1996,5550,22084,7414,8012
9/1/1996,5484,18282,7482,7754
9/2/1996,5440,15027,7522,7676
9/3/1996,5446,12596,7573,7422
9/4/1996,5590,10949,7648,7113
9/5/1996,5442,9865,7710,6784
9/6/1996,5216,9547,7724,6443
9/7/1996,4983,9141,7519,6128
9/8/1996,4843,8469,7254,5882
9/9/1996,4697,7648,7052,5640
9/10/1996,4618,6955,6991,5498
9/11/1996,4620,6472,6911,6124
9/12/1996,4610,6160,6778,6171
9/13/1996,4594,5988,6604,6406
9/14/1996,4600,5885,6425,6063
9/15/1996,4375,5831,6233,5598
9/16/1996,4172,5839,6074,5243
9/17/1996,4088,5939,6020,4988
9/18/1996,4114,6123,6051,4891
9/19/1996,4580,6332,6139,4893
9/20/1996,6023,6531,6229,4993
9/21/1996,6206,6645,6669,5161
9/22/1996,5577,6712,6737,5671
9/23/1996,4893,6828,6764,5745
9/24/1996,4418,7024,6932,5820
9/25/1996,5904,7285,7161,6009
9/26/1996,6329,7578,9094,6257
9/27/1996,5706,7904,12074,6551
9/28/1996,4891,8205,15584,6874
9/29/1996,4183,8382,14461,7616
9/30/1996,3615,8484,12690,10161
10/1/1996,3125,8739,11020,10538
10/2/1996,2700,8150,9260,9685
10/3/1996,2336,7251,7736,8497
10/4/1996,2029,6347,6513,7329
10/5/1996,1777,5573,5600,6353
10/6/1996,1734,4949,4958,5601
10/7/1996,1619,4426,4512,5008
10/8/1996,1445,4232,4215,4578
10/9/1996,1273,3786,4055,4297
10/10/1996,1129,3315,4612,4771
10/11/1996,1018,2896,6794,5619
10/12/1996,933.7,2546,6414,5652
10/13/1996,869.1,2260,5284,5005
10/14/1996,821,2028,4193,4480
10/15/1996,777,1840,3339,3832
10/16/1996,738.2,1688,2719,3200
10/17/1996,704.7,1564,2281,2672
10/18/1996,675.6,1463,1971,2253
10/19/1996,650.4,1380,1749,1926
10/20/1996,628.6,1311,1586,1670
10/21/1996,609.7,1253,1463,1469
10/22/1996,593.2,1204,1368,1309
10/23/1996,578.9,1163,1293,1182
10/24/1996,567,1128,1233,1080
10/25/1996,571.7,1098,1183,998.1
10/26/1996,561.9,1072,1142,931.5
10/27/1996,548.9,1048,1107,877.3
10/28/1996,536.5,1028,1077,833
10/29/1996,525.7,1010,1052,796.7
10/30/1996,516.6,993.6,1029,766.6
10/31/1996,508.6,981.7,1010,741.7
11/1/1996,501.5,967.2,992.8,721.3
11/2/1996,499.4,952.3,976.4,704.2
11/3/1996,493.4,937.9,960.9,689.8
11/4/1996,486.5,924.3,946.2,677.2
11/5/1996,479.7,911.4,932.3,665.6
11/6/1996,473.3,900.2,919.1,654.7
11/7/1996,467.5,889.2,906.4,644.6
11/8/1996,478.6,878.1,894.8,635.5
11/9/1996,474,867.2,885.6,628.1
11/10/1996,465.3,856.5,877.5,631.2
11/11/1996,456.6,846.2,868.1,625.6
11/12/1996,448.8,836.4,858.1,616.3
11/13/1996,441.9,826.8,847.9,606.7
11/14/1996,435.9,817.5,837.6,597.6
11/15/1996,430.7,808.3,827.3,589.3
11/16/1996,425.7,799.2,817.2,581.6
11/17/1996,421,790.2,807.4,574.3
11/18/1996,416.5,781.3,797.7,567.6
11/19/1996,412.2,772.6,788.4,561.1
11/20/1996,408,764,779.3,555
11/21/1996,404,755.7,770.5,549.3
11/22/1996,401.4,747.6,762,544
11/23/1996,398.3,739.6,753.6,538.6
11/24/1996,394.2,731.8,745.5,533.2
11/25/1996,390.2,724.2,737.9,528
11/26/1996,386.3,716.7,730.6,522.8
11/27/1996,382.4,709.4,723.3,517.8
11/28/1996,378.7,702.3,716.5,512.9
11/29/1996,375.1,695.3,710.5,508.1
11/30/1996,371.7,688.4,704.9,503.5
12/1/1996,368.3,681.6,698,499.4
12/2/1996,365,675,691,495
12/3/1996,361.8,668.4,683.8,490.6
12/4/1996,358.6,662,676.7,486.2
12/5/1996,355.5,655.7,669.7,481.8
12/6/1996,352.5,649.5,663,477.6
12/7/1996,349.5,643.4,657.2,473.4
12/8/1996,346.5,637.4,651.5,469.3
12/9/1996,343.6,631.4,645,465.3
12/10/1996,340.7,625.6,638.5,461.3
12/11/1996,337.9,619.9,632.1,457.4
12/12/1996,335.1,614.3,626,453.6
12/13/1996,332.3,608.7,620.1,449.9
12/14/1996,329.6,603.3,614.3,446.4
12/15/1996,329,597.9,608.7,442.9
12/16/1996,326.4,592.7,603.2,439.3
12/17/1996,323.2,587.5,597.9,435.8
12/18/1996,320.1,582.4,592.6,432.4
12/19/1996,317.8,577.5,587.4,429.2
12/20/1996,315.2,572.6,582.3,428.6
12/21/1996,312.5,568.3,577.3,425.3
12/22/1996,309.8,564,572.5,421.7
12/23/1996,307.1,560.2,567.9,417.9
12/24/1996,304.4,555.8,563.2,414.2
12/25/1996,301.9,551,558.6,410.6
12/26/1996,299.5,546.3,553.9,407.2
12/27/1996,297.1,541.5,549.2,403.8
12/28/1996,294.8,536.9,544.5,400.6
12/29/1996,292.5,532.4,539.9,397.3
12/30/1996,290.3,527.9,535.4,394.2
12/31/1996,288,523.4,530.9,391
1/1/1997,285.8,519,526.5,387.9
1/2/1997,283.6,514.6,522.2,385.1
1/3/1997,281.5,510.2,517.9,382.2
1/4/1997,279.4,506.3,513.7,379.2
1/5/1997,277.3,502.1,509.6,376.2
1/6/1997,275.2,497.9,505.5,373.2
1/7/1997,273.1,493.7,501.5,370.2
1/8/1997,271.1,489.6,497.5,367.3
1/9/1997,269.1,485.6,493.6,364.5
1/10/1997,267.1,481.7,489.7,361.7
1/11/1997,265.1,477.9,485.8,359
1/12/1997,263.1,474.1,482,356.3
1/13/1997,261.2,470.4,478.3,353.6
1/14/1997,259.3,466.7,474.6,350.9
1/15/1997,257.4,463.1,470.9,348.3
1/16/1997,255.5,459.7,467.3,345.7
1/17/1997,253.6,456.2,463.7,343.1
1/18/1997,251.8,452.7,460.2,340.6
1/19/1997,249.9,449.2,456.7,338.1
1/20/1997,248.1,445.7,453.3,335.6
1/21/1997,246.3,442.3,449.8,333.2
1/22/1997,244.5,439,446.4,330.7
1/23/1997,242.8,435.7,443.1,328.3
1/24/1997,241,432.4,439.8,326
1/25/1997,239.3,429.2,436.5,323.7
1/26/1997,237.6,426,433.3,321.4
1/27/1997,235.9,422.9,430,319.1
1/28/1997,234.2,419.7,426.9,316.8
1/29/1997,232.5,416.6,423.7,314.5
1/30/1997,230.9,413.6,420.6,312.4
1/31/1997,229.3,410.5,417.7,310.3
2/1/1997,227.7,407.5,414.7,308.1
2/2/1997,226,404.6,411.7,305.9
2/3/1997,224.4,401.6,408.6,303.8
2/4/1997,222.8,398.7,405.6,301.7
2/5/1997,221.3,395.8,402.6,299.5
2/6/1997,219.7,392.9,399.6,297.4
2/7/1997,218.2,390.1,396.7,295.3
2/8/1997,216.6,387.3,393.9,293.2
2/9/1997,215.1,384.5,391,291.1
2/10/1997,213.6,381.7,388.2,289
2/11/1997,212.1,379,385.5,287.3
2/12/1997,210.7,376.3,382.7,285.4
2/13/1997,209.2,373.6,380,283.4
2/14/1997,207.7,371,377.2,281.4
2/15/1997,206.3,368.3,374.6,279.4
2/16/1997,207.1,365.7,371.9,277.5
2/17/1997,206.7,363.1,369.3,275.6
2/18/1997,204.8,360.6,366.7,273.8
2/19/1997,202.7,358,364.4,272
2/20/1997,200.6,355.5,362.2,270.1
2/21/1997,198.8,353,359.8,268.2
2/22/1997,197.5,350.7,357.2,266.3
2/23/1997,196.2,348.5,354.8,264.4
2/24/1997,194.8,347,353.4,262.5
2/25/1997,193.4,350.2,355.3,260.8
2/26/1997,192.8,348.2,355.1,259.3
2/27/1997,192,345.2,432.8,257.5
2/28/1997,190.8,394,458.7,255.7
3/1/1997,189.5,502.3,454.7,253.9
3/2/1997,188.2,612.3,440.7,252.1
3/3/1997,209.6,801.4,424.3,250.3
3/4/1997,219.2,1655,419.3,248.5
3/5/1997,221.6,2885,451.5,320.5
3/6/1997,219.8,4025,682,371.3
3/7/1997,215.8,4651,1029,398.1
3/8/1997,210.7,4963,1188,406.4
3/9/1997,205.3,5277,1233,399.5
3/10/1997,199.9,5562,1209,384.4
3/11/1997,194.9,5459,1151,365.8
3/12/1997,190.5,5151,1076,346.4
3/13/1997,186.6,4767,994.8,327.8
3/14/1997,183.1,4308,914.7,310.6
3/15/1997,180.4,3831,840.5,295.2
3/16/1997,177.7,3372,773.3,281.8
3/17/1997,175,2949,713.6,270.2
3/18/1997,172.5,2571,661.8,260.3
3/19/1997,170.5,2240,617.6,251.8
3/20/1997,168.6,1964,785.4,244.6
3/21/1997,166.9,1755,949.5,238.5
3/22/1997,203.9,1596,1042,233.3
3/23/1997,223.9,1491,1145,229
3/24/1997,230.2,1459,1444,265.5
3/25/1997,228.9,1456,1820,322.6
3/26/1997,223.2,1421,2264,469.9
3/27/1997,215.4,1364,2710,645.3
3/28/1997,207.3,1320,2902,1053
3/29/1997,199.2,1244,2956,1066
3/30/1997,218.7,1150,2934,977.1
3/31/1997,241.4,1053,2900,950.1
4/1/1997,272,984,3051,1010
4/2/1997,275,954.4,2992,1014
4/3/1997,266,931.2,2796,994.9
4/4/1997,252.7,900.3,2795,941.2
4/5/1997,244.3,854,2580,871.7
4/6/1997,270.7,804.3,2324,824.9
4/7/1997,311.4,807.1,2100,776.6
4/8/1997,347,912.6,1936,725.5
4/9/1997,414.8,975.7,1809,674.3
4/10/1997,568.2,1032,1845,709.2
4/11/1997,693.7,1126,1921,910.3
4/12/1997,738.3,1192,1969,1167
4/13/1997,716.3,1241,2288,1428
4/14/1997,664.3,1285,2773,1752
4/15/1997,608.3,1304,2925,2291
4/16/1997,571.6,1645,2902,2994
4/17/1997,571.7,2238,2809,3815
4/18/1997,630.4,2714,2891,4226
4/19/1997,721.2,3026,2942,4447
4/20/1997,835.2,3234,2971,4580
4/21/1997,997.3,3407,3043,4545
4/22/1997,1176,3558,3139,4374
4/23/1997,1353,3724,3290,4113
4/24/1997,1457,3875,3335,3772
4/25/1997,1575,4068,3383,3416
4/26/1997,2006,4284,3333,3077
4/27/1997,2562,4641,3227,2786
4/28/1997,3635,4946,3144,2569
4/29/1997,3622,5361,3121,2490
4/30/1997,3360,5774,3171,2554
5/1/1997,3101,5963,3261,2618
5/2/1997,2890,5972,3476,2655
5/3/1997,2789,5863,3807,2670
5/4/1997,2895,5773,4041,2635
5/5/1997,2743,5680,4316,2695
5/6/1997,2525,5384,4845,2700
5/7/1997,2310,4965,4472,2601
5/8/1997,2112,4520,3942,2459
5/9/1997,1932,4083,3466,2353
5/10/1997,1783,3717,3110,2244
5/11/1997,1667,3459,3387,2141
5/12/1997,1580,3195,3183,2084
5/13/1997,1670,3029,2903,2102
5/14/1997,1771,2903,2691,2180
5/15/1997,1749,2719,2603,2222
5/16/1997,1832,2576,2711,2320
5/17/1997,2199,2467,4015,2345
5/18/1997,2146,2441,7565,2318
5/19/1997,2026,2859,7916,2345
5/20/1997,1939,3712,7532,2401
5/21/1997,1904,3739,7265,2461
5/22/1997,1936,3591,7257,2634
5/23/1997,2060,3617,7566,2944
5/24/1997,2334,3994,7972,3297
5/25/1997,2596,4930,8860,3839
5/26/1997,2935,5796,16797,4534
5/27/1997,3243,6912,19306,5117
5/28/1997,3384,7789,19362,5747
5/29/1997,3335,8428,18583,6343
5/30/1997,3213,8871,17627,6781
5/31/1997,3120,8956,16711,6949
6/1/1997,3046,8891,16047,7729
6/2/1997,2864,8779,15232,8268
6/3/1997,2714,8514,14545,8192
6/4/1997,2653,8309,16408,8057
6/5/1997,2762,8207,15750,7970
6/6/1997,2965,8235,14577,7932
6/7/1997,3217,8299,13488,7925
6/8/1997,3470,8564,12735,8002
6/9/1997,3863,8935,12201,8153
6/10/1997,4722,9338,12057,8345
6/11/1997,11273,9745,14036,8515
6/12/1997,12163,10140,14655,8762
6/13/1997,10927,10403,14860,9060
6/14/1997,9287,10813,14855,9267
6/15/1997,7927,16915,14817,9296
6/16/1997,7495,16935,14698,9198
6/17/1997,7350,15602,14610,9042
6/18/1997,6962,14351,14341,8910
6/19/1997,6610,13014,13949,8814
6/20/1997,6466,11872,13479,8738
6/21/1997,6526,10983,12990,9068
6/22/1997,6926,10317,12599,9070
6/23/1997,7455,9884,12433,9060
6/24/1997,7874,9680,12452,10641
6/25/1997,8185,9743,12808,10851
6/26/1997,8455,9984,13075,10695
6/27/1997,8301,9901,13143,10359
6/28/1997,7961,9661,12799,9949
6/29/1997,7534,9337,12316,9528
6/30/1997,7169,8933,11789,9117
7/1/1997,6902,8762,11279,8754
7/2/1997,6730,8436,11121,8487
7/3/1997,6763,8178,10652,8342
7/4/1997,7118,8024,10244,10575
7/5/1997,7599,8173,10035,11956
7/6/1997,7875,8393,10127,12283
7/7/1997,8187,8725,10420,11977
7/8/1997,8560,8966,10682,11630
7/9/1997,8982,9572,10684,11384
7/10/1997,9421,9979,10624,11355
7/11/1997,9918,10619,10837,11651
7/12/1997,10548,11049,11560,11788
7/13/1997,11101,11562,12223,11982
7/14/1997,11694,12079,12794,12233
7/15/1997,12008,12693,13435,12486
7/16/1997,12078,13245,14077,13125
7/17/1997,12106,14043,14700,13635
7/18/1997,12378,15180,15371,14013
7/19/1997,12273,15279,15927,14237
7/20/1997,11938,14915,16312,14258
7/21/1997,11518,14463,16059,14178
7/22/1997,11131,14035,15560,13998
7/23/1997,10822,13744,15047,14110
7/24/1997,10640,13760,14634,14114
7/25/1997,10604,13704,14298,14110
7/26/1997,10559,13579,14000,14226
7/27/1997,10522,13563,13833,14434
7/28/1997,10496,13568,13863,14241
7/29/1997,10382,13331,13593,13771
7/30/1997,10013,13064,13137,13275
7/31/1997,9510,15164,15722,12681
8/1/1997,8972,14706,15642,12121
8/2/1997,8503,13865,14348,11607
8/3/1997,8165,12728,12691,11171
8/4/1997,8240,11752,11458,10814
8/5/1997,8028,11155,10684,10508
8/6/1997,7752,10677,10254,10238
8/7/1997,7613,10675,10076,10208
8/8/1997,7669,11953,10120,10358
8/9/1997,7852,11949,10104,11202
8/10/1997,8066,11684,10126,11268
8/11/1997,8166,11382,10145,11099
8/12/1997,8127,11106,10165,10843
8/13/1997,8470,11045,10179,10511
8/14/1997,8279,10625,10182,10188
8/15/1997,7851,10271,10268,10010
8/16/1997,7520,10112,10277,9880
8/17/1997,7210,10527,10436,9959
8/18/1997,7010,10340,10519,9665
8/19/1997,6977,10144,10700,9365
8/20/1997,7461,10057,10876,9573
8/21/1997,8564,10074,11020,10274
8/22/1997,8757,10418,11067,10011
8/23/1997,8470,10487,10994,9565
8/24/1997,8108,10378,10925,9241
8/25/1997,7517,10007,10588,8864
8/26/1997,6890,9785,9944,8395
8/27/1997,6274,9564,9123,7942
8/28/1997,5637,8855,8287,7397
8/29/1997,5146,8156,7621,7117
8/30/1997,4860,10090,7123,7929
8/31/1997,4994,11978,6818,7733
9/1/1997,4899,15361,6704,7388
9/2/1997,4849,14468,7534,7104
9/3/1997,4903,12704,8120,7009
9/4/1997,5049,11234,8078,7076
9/5/1997,5391,10275,7911,7215
9/6/1997,5590,9790,7758,7376
9/7/1997,5419,9643,7611,7750
9/8/1997,5149,10090,7447,7733
9/9/1997,4952,9786,7273,7638
9/10/1997,4763,9009,7085,7448
9/11/1997,4487,8109,6857,7609
9/12/1997,4232,7309,6933,8031
9/13/1997,4012,6702,6957,7554
9/14/1997,3833,6272,6465,6905
9/15/1997,3714,5944,5939,6298
9/16/1997,3640,5669,5500,5807
9/17/1997,3605,5458,5368,5475
9/18/1997,3552,5244,4992,5202
9/19/1997,3494,5059,5315,4967
9/20/1997,3471,4942,4878,4819
9/21/1997,3532,5374,4364,5044
9/22/1997,3461,5450,6132,5025
9/23/1997,3669,5443,10565,4990
9/24/1997,3951,9581,10484,4998
9/25/1997,3651,11569,8944,5016
9/26/1997,3237,11041,7373,4970
9/27/1997,2867,9229,6157,4863
9/28/1997,2552,7371,5314,4708
9/29/1997,2288,5873,4762,4528
9/30/1997,2052,4773,4335,4349
10/1/1997,1889,4157,3927,4174
10/2/1997,1756,3860,3576,4010
10/3/1997,1674,3561,3293,3861
10/4/1997,1589,3155,3064,3736
10/5/1997,1613,2807,2854,3623
10/6/1997,1558,2535,2661,3454
10/7/1997,1613,2339,2470,3299
10/8/1997,1499,2176,2271,3174
10/9/1997,1380,2074,2081,3057
10/10/1997,1298,2036,1924,2907
10/11/1997,1830,2048,1833,2762
10/12/1997,2186,2181,1926,2691
10/13/1997,1980,2879,2140,3012
10/14/1997,1682,3222,2119,3386
10/15/1997,1421,3410,2083,4181
10/16/1997,1213,3562,2197,4199
10/17/1997,1053,3588,2334,3908
10/18/1997,930.6,3582,2470,3590
10/19/1997,835.6,3558,2588,3345
10/20/1997,761,3496,2732,3161
10/21/1997,701.1,3387,2856,3048
10/22/1997,652.2,3228,2845,2912
10/23/1997,612.1,3032,2786,2744
10/24/1997,579.1,2797,2629,2557
10/25/1997,551.7,2568,2494,2366
10/26/1997,558.4,2387,3011,2174
10/27/1997,553,2287,3217,2025
10/28/1997,597.8,2496,2825,2032
10/29/1997,580,2568,2347,1978
10/30/1997,547.7,2378,1938,1824
10/31/1997,517.2,2096,1647,1611
11/1/1997,492.3,1828,1416,1402
11/2/1997,472.8,1603,1242,1219
11/3/1997,457.5,1421,1112,1065
11/4/1997,445.7,1276,1016,949.9
11/5/1997,505.8,1160,981.9,979
11/6/1997,541.5,1074,1031,1019
11/7/1997,557.7,1017,1086,1078
11/8/1997,537.7,978.5,1141,1208
11/9/1997,510,936.5,1470,1289
11/10/1997,483.7,894.5,2970,1322
11/11/1997,461.3,855,3124,1381
11/12/1997,442.9,819.7,2734,1906
11/13/1997,427.7,802.9,2223,3263
11/14/1997,415.3,798.8,1836,3221
11/15/1997,404.5,852.1,1532,2667
11/16/1997,395.2,912.1,1302,2087
11/17/1997,387,863.9,1133,1621
11/18/1997,379.7,797.4,1009,1302
11/19/1997,373.3,740,1081,1172
11/20/1997,367.5,696.5,1299,1022
11/21/1997,362.3,664.9,1444,889
11/22/1997,357.6,641.9,1323,779.6
11/23/1997,353.4,624.8,1156,692.1
11/24/1997,349.5,611.4,1009,622.9
11/25/1997,345.7,600.3,896,567.1
11/26/1997,342.1,590.6,812.6,521.8
11/27/1997,338.5,582.1,751.4,484.9
11/28/1997,335.1,574.1,705.8,454.7
11/29/1997,332.1,566.6,671.1,429.8
11/30/1997,329,559.7,643.9,409.4
12/1/1997,326,553,622.1,392.4
12/2/1997,323,546.5,604.2,378.3
12/3/1997,320.1,540.3,589.4,366.5
12/4/1997,317.3,534.4,576.7,356.5
12/5/1997,314.6,528.5,565.8,348.1
12/6/1997,311.9,522.7,556.3,340.8
12/7/1997,309.3,517.1,547.8,334.5
12/8/1997,306.7,511.6,540.2,329
12/9/1997,304.2,506.2,533.4,324.1
12/10/1997,301.7,501,527.1,319.7
12/11/1997,299.2,495.8,524.4,315.8
12/12/1997,296.8,490.8,1125,312.1
12/13/1997,294.4,485.9,2086,308.7
12/14/1997,292.1,481,2814,305.4
12/15/1997,289.7,476.3,3144,302.4
12/16/1997,287.4,471.6,2813,299.5
12/17/1997,285.1,467,2399,296.7
12/18/1997,282.9,462.5,2040,294
12/19/1997,280.8,458,1761,291.4
12/20/1997,278.7,453.7,1550,289
12/21/1997,276.5,449.4,1391,286.8
12/22/1997,274.3,445.2,1268,284.4
12/23/1997,272.1,441,1170,282.3
12/24/1997,270,436.9,1091,279.8
12/25/1997,267.9,432.9,1026,277.3
12/26/1997,265.9,429,971.2,274.9
12/27/1997,263.9,425.1,924.2,272.6
12/28/1997,261.9,423,883.8,270.3
12/29/1997,259.9,439.2,996.1,268.6
12/30/1997,257.9,445,984.6,266.7
12/31/1997,256,444.6,938.2,264.7
1/1/1998,254.1,440.7,887.5,262.6
1/2/1998,252.5,435.9,841.8,260.4
1/3/1998,250.6,429.3,802.9,258.3
1/4/1998,248.7,421.7,770.1,256.2
1/5/1998,246.8,414.2,742.2,254.1
1/6/1998,245,407.1,718.3,252.5
1/7/1998,243.1,401.4,698.6,250.5
1/8/1998,241.3,397,681,248.5
1/9/1998,239.5,391.6,664.7,246.4
1/10/1998,237.7,386.1,649.6,244.4
1/11/1998,236,380.9,635.8,242.5
1/12/1998,234.2,376.3,623.2,240.5
1/13/1998,232.7,371.9,611.7,238.7
1/14/1998,231.8,367.8,601,236.8
1/15/1998,230.1,364,591,235
1/16/1998,228.2,360.4,581.7,233.2
1/17/1998,226.3,357,572.9,231.5
1/18/1998,224.5,353.7,564.6,229.7
1/19/1998,222.8,350.6,556.6,228
1/20/1998,221.1,347.5,549,226.3
1/21/1998,219.5,344.6,541.7,224.6
1/22/1998,217.9,341.7,534.7,223
1/23/1998,216.4,338.9,527.9,221.3
1/24/1998,214.8,336.1,521.4,219.7
1/25/1998,213.3,333.4,515,218.1
1/26/1998,211.8,330.8,508.8,216.5
1/27/1998,210.7,328.5,503,214.9
1/28/1998,209.6,331.5,497.2,213.3
1/29/1998,208.4,331.8,491.4,211.8
1/30/1998,206.9,330.2,485.8,210.3
1/31/1998,205.3,327.5,480.3,208.8
2/1/1998,203.8,324.3,474.9,207.3
2/2/1998,202.2,320.9,469.7,205.8
2/3/1998,200.7,317.5,464.5,204.3
2/4/1998,199.2,314.1,459.5,202.8
2/5/1998,197.7,310.8,454.6,201.4
2/6/1998,196.3,307.7,449.7,199.9
2/7/1998,194.9,304.7,445,198.5
2/8/1998,193.5,301.9,440.5,197.1
2/9/1998,192.1,299.2,436.2,195.7
2/10/1998,190.8,296.7,432.5,194.3
2/11/1998,189.6,353.1,429,192.9
2/12/1998,188.9,416.6,425.6,191.8
2/13/1998,188.1,475.1,421.7,190.6
2/14/1998,186.6,483.8,417.2,189.3
2/15/1998,185,470.2,412.6,187.9
2/16/1998,183.4,448.1,408.1,186.6
2/17/1998,181.9,423.6,403.8,185.3
2/18/1998,180.6,399.7,399.6,183.9
2/19/1998,179.2,377.7,395.6,182.6
2/20/1998,178,358,391.6,181.3
2/21/1998,176.7,340.8,387.8,180
2/22/1998,175.5,326,384,178.7
2/23/1998,174.3,313.2,380.3,177.4
2/24/1998,173.1,302.4,376.8,176.2
2/25/1998,171.9,293.2,373.2,174.9
2/26/1998,170.7,285.3,369.8,173.7
2/27/1998,169.5,278.7,366.4,172.5
2/28/1998,168.4,273,363.1,171.3
3/1/1998,167.5,268.1,359.8,170.1
3/2/1998,166.7,264.2,356.8,168.9
3/3/1998,165.5,260.8,353.9,167.8
3/4/1998,164.3,258,351.1,166.6
3/5/1998,163,255.1,348,165.4
3/6/1998,161.8,252.3,344.8,164.3
3/7/1998,160.7,249.7,341.7,163.2
3/8/1998,159.5,247.2,338.6,162.1
3/9/1998,158.4,244.9,335.7,161
3/10/1998,157.4,242.8,333.2,160.2
3/11/1998,157.3,241.2,331,160.2
3/12/1998,156.6,246.5,328.6,160.5
3/13/1998,155.5,290.2,326.2,178.4
3/14/1998,154.4,333.5,323.8,219.5
3/15/1998,153.2,392.6,330.1,267.7
3/16/1998,152.1,433.6,435.2,310.5
3/17/1998,151.2,471.4,532.8,388.6
3/18/1998,150.4,516.7,1216,537.2
3/19/1998,149.4,694.9,1773,888.2
3/20/1998,148.3,954,1820,997.2
3/21/1998,147.3,1074,1723,974.6
3/22/1998,146.2,1099,1591,898.6
3/23/1998,145.1,1102,1461,808.3
3/24/1998,144,1055,1343,719.5
3/25/1998,143,980.3,1239,638.2
3/26/1998,142.3,894.3,1146,566.2
3/27/1998,141.8,807.8,1064,503.8
3/28/1998,141.6,726.3,991.6,450.6
3/29/1998,168,652.8,927.2,406
3/30/1998,261.3,743.8,896.8,369.1
3/31/1998,352.6,829,863.4,464.2
4/1/1998,403.8,753.7,828,680.7
4/2/1998,414.3,648.9,797.5,654.8
4/3/1998,401.4,557.3,762.5,587.3
4/4/1998,376.5,485.6,753,707.8
4/5/1998,347,432.1,724.1,744.8
4/6/1998,318.3,392.7,690.6,675.2
4/7/1998,302.4,369.2,657.4,590.1
4/8/1998,299.8,354.8,627,514.9
4/9/1998,308.4,376.3,598.7,454.3
4/10/1998,349.1,446.7,573.5,408.2
4/11/1998,362.5,500.4,555.8,378.6
4/12/1998,344.8,521.4,548.6,363.2
4/13/1998,358.2,527.5,548.5,368
4/14/1998,475.4,558.9,577,392.6
4/15/1998,853.3,698.9,754.4,436.7
4/16/1998,1082,964.8,960.9,496.1
4/17/1998,1287,1257,1158,713
4/18/1998,1444,1487,1342,940.8
4/19/1998,1623,1653,1497,1090
4/20/1998,1829,1791,1605,1190
4/21/1998,2019,1923,1699,1245
4/22/1998,2110,2010,1763,1287
4/23/1998,2117,2050,1777,1307
4/24/1998,2067,2029,1740,1306
4/25/1998,2129,1938,1668,1277
4/26/1998,2023,1810,1575,1240
4/27/1998,1890,1675,1478,1211
4/28/1998,1928,1558,1374,1204
4/29/1998,1897,1551,1283,1218
4/30/1998,1858,1570,1208,1217
5/1/1998,1808,1520,1208,1199
5/2/1998,1746,1424,1186,1177
5/3/1998,1726,1311,1153,1182
5/4/1998,1865,1206,1129,1239
5/5/1998,1906,1117,1118,1285
5/6/1998,1844,1049,1125,1255
5/7/1998,1815,999.9,1110,1212
5/8/1998,1763,970.4,1055,1169
5/9/1998,1689,953.9,1121,1134
5/10/1998,1618,957.2,1132,1117
5/11/1998,1554,1034,1023,1119
5/12/1998,1537,1098,920.8,1152
5/13/1998,1690,1178,900.3,1233
5/14/1998,1850,1322,1176,1362
5/15/1998,1959,1488,1656,1518
5/16/1998,2084,1565,2289,1683
5/17/1998,2192,1622,3080,1788
5/18/1998,2266,1647,3680,1826
5/19/1998,2349,1685,4061,1836
5/20/1998,2428,1766,4360,1899
5/21/1998,2529,1954,4678,2181
5/22/1998,2669,2336,5133,2121
5/23/1998,2811,4088,5624,1985
5/24/1998,2987,4077,5987,1878
5/25/1998,3105,3811,6142,1859
5/26/1998,3131,3435,6198,1809
5/27/1998,3094,3238,6229,1689
5/28/1998,3012,3065,6160,1545
5/29/1998,2957,2810,5791,1419
5/30/1998,2933,2631,5456,1351
5/31/1998,2930,2539,5186,1347
6/1/1998,3049,2543,4979,1396
6/2/1998,3283,2642,4921,1496
6/3/1998,3834,2800,5312,1658
6/4/1998,4120,3012,5975,3034
6/5/1998,4460,3232,6981,4704
6/6/1998,4739,3553,8262,9828
6/7/1998,4964,3942,9696,13805
6/8/1998,4999,4380,10926,14028
6/9/1998,5079,4647,11958,12641
6/10/1998,5065,4716,12741,10975
6/11/1998,4675,4833,12833,9430
6/12/1998,4239,4551,12494,8121
6/13/1998,3855,4153,11936,7074
6/14/1998,3620,3797,11320,6284
6/15/1998,3529,3587,10745,5743
6/16/1998,3562,3557,11186,5428
6/17/1998,3617,3671,10774,5312
6/18/1998,3662,3832,10504,5215
6/19/1998,3831,4028,10298,5135
6/20/1998,4066,4245,10251,5249
6/21/1998,4360,4457,10315,5413
6/22/1998,4672,4716,10540,5728
6/23/1998,5105,5096,10868,6066
6/24/1998,5534,5482,11317,6340
6/25/1998,6044,6087,12062,6861
6/26/1998,6672,6817,12693,7638
6/27/1998,7342,7667,13554,8739
6/28/1998,8294,8637,19918,9514
6/29/1998,9039,9632,21296,10150
6/30/1998,9336,10709,20738,10538
7/1/1998,9298,11405,19839,10757
7/2/1998,9174,11429,20809,10771
7/3/1998,9061,11971,19678,10646
7/4/1998,9257,11475,18255,10718
7/5/1998,9549,10658,17136,10482
7/6/1998,9809,11191,16731,10345
7/7/1998,10200,12026,16485,10617
7/8/1998,12561,11395,16341,10964
7/9/1998,13459,10731,16331,11318
7/10/1998,13639,10280,16482,11772
7/11/1998,13507,10204,16574,12196
7/12/1998,13368,10263,16646,12673
7/13/1998,13166,10417,16774,13074
7/14/1998,12930,10602,17765,13451
7/15/1998,12532,10786,17818,13693
7/16/1998,12108,10979,17285,13867
7/17/1998,11637,12281,16603,13942
7/18/1998,11231,12131,16005,14325
7/19/1998,10972,11706,15652,14149
7/20/1998,10776,11333,15455,13817
7/21/1998,10611,11092,15337,13490
7/22/1998,10529,11120,15283,13232
7/23/1998,10333,11321,15096,12993
7/24/1998,10029,11369,14923,12750
7/25/1998,9746,11451,14854,12583
7/26/1998,9567,11501,14927,12627
7/27/1998,9480,11818,15021,12709
7/28/1998,9579,11835,15169,12282
7/29/1998,10041,11572,15222,11797
7/30/1998,10269,11140,15186,11506
7/31/1998,10264,10960,15141,11449
8/1/1998,10402,10527,15631,11557
8/2/1998,10258,10225,16010,11776
8/3/1998,10076,11082,15507,12053
8/4/1998,9846,11144,14854,12204
8/5/1998,9571,10797,14181,12193
8/6/1998,9338,10384,13694,12053
8/7/1998,9099,10168,13408,11825
8/8/1998,8857,9789,12947,11531
8/9/1998,8675,9426,12452,11263
8/10/1998,8549,9122,11996,11030
8/11/1998,8478,9504,11634,10832
8/12/1998,8523,9324,11401,10639
8/13/1998,8409,8925,11204,10592
8/14/1998,8278,8581,10996,10582
8/15/1998,8144,8342,10808,10185
8/16/1998,7973,7987,10538,9743
8/17/1998,7952,7732,10331,9445
8/18/1998,7944,7628,10132,9312
8/19/1998,8018,7618,9992,9284
8/20/1998,8279,7613,9905,9282
8/21/1998,8155,7459,9890,9215
8/22/1998,7871,7332,9881,9145
8/23/1998,7540,7461,9859,8993
8/24/1998,7244,7262,9767,8817
8/25/1998,6977,6955,9655,8647
8/26/1998,6691,6695,9487,8465
8/27/1998,6408,6466,9281,8261
8/28/1998,6204,6273,9032,8079
8/29/1998,6135,6153,8755,7986
8/30/1998,7475,6113,8428,7973
8/31/1998,7703,6157,8163,7973
9/1/1998,8181,6307,8036,7970
9/2/1998,8777,6560,8091,7999
9/3/1998,8410,6749,8274,8104
9/4/1998,8004,6975,9255,8453
9/5/1998,8132,7227,9751,8811
9/6/1998,7811,7474,9717,9365
9/7/1998,7383,7723,10723,9336
9/8/1998,6925,7782,10313,8866
9/9/1998,6459,7690,9564,8198
9/10/1998,6041,7489,8725,7544
9/11/1998,5623,7211,8005,6918
9/12/1998,5211,6868,7342,6362
9/13/1998,4773,6522,6589,5890
9/14/1998,4446,6230,5935,6740
9/15/1998,4332,6069,5474,7095
9/16/1998,4560,5913,5428,6494
9/17/1998,5182,5684,5574,5793
9/18/1998,4970,5379,5264,5286
9/19/1998,4516,4999,4862,4788
9/20/1998,4063,4637,4494,4362
9/21/1998,3688,4292,4394,4049
9/22/1998,3406,3955,4690,3866
9/23/1998,3211,3695,4446,3813
9/24/1998,3092,3518,4060,3746
9/25/1998,3075,3481,3753,3802
9/26/1998,3217,3622,3992,3801
9/27/1998,4193,4386,7428,3837
9/28/1998,4851,4509,8309,4592
9/29/1998,4740,4477,7288,4508
9/30/1998,4334,4452,6041,4185
10/1/1998,3954,4475,5034,3901
10/2/1998,3664,4553,4344,3733
10/3/1998,3399,4681,3929,3689
10/4/1998,3224,8519,3758,3754
10/5/1998,3148,10317,3803,3871
10/6/1998,3080,9092,4661,4031
10/7/1998,2797,7327,5185,9499
10/8/1998,2481,5874,5368,9753
10/9/1998,2199,4717,5269,8206
10/10/1998,1964,3874,5201,6525
10/11/1998,1766,3400,4937,5189
10/12/1998,1599,3028,4550,4226
10/13/1998,1459,2585,4271,3877
10/14/1998,1332,2188,3868,3316
10/15/1998,1222,1862,3424,2767
10/16/1998,1165,1603,3021,2310
10/17/1998,1091,1399,2677,1945
10/18/1998,1049,1238,2389,1658
10/19/1998,1012,1111,2149,2018
10/20/1998,965.3,1009,1950,1840
10/21/1998,921.7,927.1,1786,1551
10/22/1998,889.6,860.6,1650,1290
10/23/1998,861,806.5,1539,1087
10/24/1998,828.8,762.4,1448,939.4
10/25/1998,796.2,726.1,1373,832.7
10/26/1998,764.9,696.2,1311,755.8
10/27/1998,736.7,671.4,1257,699.4
10/28/1998,711.2,650.6,1211,657.3
10/29/1998,689.2,632.9,1172,625.1
10/30/1998,672.2,617.7,1139,600.2
10/31/1998,652.2,604.5,1110,580.6
11/1/1998,633.4,594.4,1086,565
11/2/1998,617.1,586.2,1065,553.1
11/3/1998,602.9,578.3,1046,542.4
11/4/1998,590.4,570,1029,533.2
11/5/1998,579.4,562.2,1015,524.5
11/6/1998,569.4,555.2,1001,516.2
11/7/1998,560.3,548.7,988.9,508.5
11/8/1998,552,541.9,977.8,501.5
11/9/1998,544.5,535.1,967.8,495
11/10/1998,537.5,528.5,962.4,488.9
11/11/1998,530.9,522,953.7,483.6
11/12/1998,524.5,515.8,944.8,478.6
11/13/1998,518.4,509.8,933.9,473.8
11/14/1998,512.6,503.9,922.5,468.6
11/15/1998,507.1,498.4,911.3,463.3
11/16/1998,501.8,493,900.5,458.1
11/17/1998,496.8,487.8,890,453
11/18/1998,491.9,482.7,880,448.2
11/19/1998,487.1,477.8,870.4,443.6
11/20/1998,482.3,473.1,861.3,439.2
11/21/1998,477.7,468.4,852.6,434.8
11/22/1998,473.9,463.9,844.2,430.5
11/23/1998,470.4,459.8,836.5,426.4
11/24/1998,466,457.4,828.8,422.5
11/25/1998,461.3,453.5,821.7,418.6
11/26/1998,456.7,452.1,814.3,414.7
11/27/1998,452.2,448.8,806.8,410.9
11/28/1998,447.7,444.6,799.7,407.1
11/29/1998,443.4,439.8,793.4,403.3
11/30/1998,439.2,435.1,786.7,399.7
12/1/1998,435.2,430.5,780.7,396.1
12/2/1998,431.2,426.1,773.5,392.6
12/3/1998,427.6,421.8,766.2,389.1
12/4/1998,424.6,417.8,760.1,385.7
12/5/1998,420.9,413.8,754.2,382.4
12/6/1998,417.1,410,747.3,379.2
12/7/1998,413.3,406.3,740.3,376
12/8/1998,409.6,402.9,734.1,372.8
12/9/1998,406.1,399.4,727.5,369.7
12/10/1998,403.5,395.9,721.2,366.7
12/11/1998,400.3,393.1,716.1,363.7
12/12/1998,396.8,389.8,1392,360.7
12/13/1998,393.3,386.4,1683,473.7
12/14/1998,389.8,383,1522,694.6
12/15/1998,386.5,379.7,1273,963.8
12/16/1998,383.2,376.5,1074,876.2
12/17/1998,380,373.4,923.3,720.6
12/18/1998,376.9,370.3,820.4,586.3
12/19/1998,373.8,367.3,754,490.1
12/20/1998,370.8,364.3,711.9,426.9
12/21/1998,367.9,361.3,685.1,387.3
12/22/1998,364.9,358.5,667.5,363.2
12/23/1998,362.1,355.6,655.3,347.8
12/24/1998,359.2,352.8,646.2,337.9
12/25/1998,356.4,350,638.9,331.6
12/26/1998,353.6,347.2,633.6,329.9
12/27/1998,350.9,344.6,630.7,326.4
12/28/1998,348.3,342,627.2,322.6
12/29/1998,345.6,340.7,624.9,319
12/30/1998,342.9,338.2,620.4,315.8
12/31/1998,340.3,335.2,614.4,312.8
1/1/1999,337.7,332.3,608.1,310
1/2/1999,335.2,329.5,602.1,307.3
1/3/1999,332.7,326.8,596.4,304.8
1/4/1999,330.3,324.2,591.2,302.3
1/5/1999,327.8,321.6,586.2,299.9
1/6/1999,325.3,319.2,581.4,297.6
1/7/1999,322.8,316.7,576.7,295.3
1/8/1999,320.4,314.4,572.2,293.1
1/9/1999,318,312,567.7,290.9
1/10/1999,315.6,309.7,563.4,288.7
1/11/1999,313.3,307.4,559.1,286.5
1/12/1999,311,305.1,554.9,284.4
1/13/1999,308.7,302.8,550.8,282.3
1/14/1999,306.4,300.6,546.7,280.3
1/15/1999,304.5,298.4,542.7,278.7
1/16/1999,302.3,296.2,538.7,278.1
1/17/1999,302.4,294.1,535,282.6
1/18/1999,303,291.9,691.6,281.2
1/19/1999,300.2,290,720.3,278.3
1/20/1999,296.7,287.9,686.5,275
1/21/1999,293.4,285.8,647.1,271.8
1/22/1999,290.5,283.7,613.6,268.8
1/23/1999,287.8,281.6,589,266
1/24/1999,285.8,279.5,569.4,263.5
1/25/1999,283.6,277.5,554.2,261.1
1/26/1999,281.3,275.5,542.1,258.8
1/27/1999,279.2,273.5,532.2,256.6
1/28/1999,277.1,271.5,523.8,254.5
1/29/1999,275,269.6,516.6,252.5
1/30/1999,273,267.8,510.2,250.5
1/31/1999,271.1,265.9,504.4,248.6
2/1/1999,269.1,264,499,246.8
2/2/1999,267.2,262.1,494.1,244.9
2/3/1999,265.4,260.2,489.4,243.2
2/4/1999,263.5,258.4,485,241.5
2/5/1999,261.7,256.5,480.8,239.9
2/6/1999,260.3,254.7,476.9,238.4
2/7/1999,258.8,252.9,685.2,237.3
2/8/1999,257.3,251.4,1100,236.5
2/9/1999,255.6,250,1670,235.9
2/10/1999,253.7,248.6,1724,235.6
2/11/1999,251.9,247.3,1642,235.8
2/12/1999,250,246,1523,235.1
2/13/1999,250.3,244.9,1404,233.7
2/14/1999,251.1,243.7,1542,232.5
2/15/1999,250,242.7,2412,559.5
2/16/1999,248.3,241.8,3002,774.9
2/17/1999,246.2,240.7,2909,776.5
2/18/1999,243.9,239,2655,724.6
2/19/1999,241.4,237,2384,661.1
2/20/1999,239,234.8,2138,600.5
2/21/1999,237.2,232.6,1927,546.6
2/22/1999,235.2,230.5,1747,500.2
2/23/1999,233.1,229.9,1593,460.3
2/24/1999,231.1,228,1461,426.3
2/25/1999,229.1,225.7,1346,397.4
2/26/1999,227.2,223.6,1247,373
2/27/1999,225.5,222.1,1161,352.2
2/28/1999,223.9,220.8,1086,334.7
3/1/1999,222.8,219.5,1020,320.1
3/2/1999,228.3,218.4,1011,396
3/3/1999,228,254.3,1082,733.4
3/4/1999,226.3,503,1080,1205
3/5/1999,224.6,725.5,1053,1666
3/6/1999,221.3,706,1012,1933
3/7/1999,218.3,622.2,966.9,2139
3/8/1999,215.8,535.3,919.5,2119
3/9/1999,213.2,462.1,873.9,2008
3/10/1999,211,404.7,831.7,1861
3/11/1999,209.2,360.4,793.7,1704
3/12/1999,207.5,326.2,759.8,1550
3/13/1999,206,299.6,730,1406
3/14/1999,204.8,278.9,704,1275
3/15/1999,203.6,262.4,681.4,1159
3/16/1999,202.4,249.5,661.8,1057
3/17/1999,201.1,238.4,644.1,970.3
3/18/1999,199.6,228.9,628.3,894.9
3/19/1999,198,221.1,763.1,827.9
3/20/1999,196.7,216,754.4,769.2
3/21/1999,568.6,217.1,1554,988.9
3/22/1999,602.7,226.6,1770,1192
3/23/1999,531.7,260.8,1740,1315
3/24/1999,448.3,284.1,1628,1344
3/25/1999,379,290.2,1506,1331
3/26/1999,327.3,287.5,1400,1332
3/27/1999,290.1,286.7,1297,1457
3/28/1999,264,283,1202,1471
3/29/1999,245.3,279.3,1116,1448
3/30/1999,231.9,279,1039,1418
3/31/1999,234.4,289.4,971,1467
4/1/1999,288.9,355.2,912.3,1528
4/2/1999,279.2,471.6,876.3,1603
4/3/1999,286.1,728.4,830,1736
4/4/1999,579.8,1105,785.2,1984
4/5/1999,608.2,1577,745.6,2163
4/6/1999,554.7,2082,716.7,2462
4/7/1999,484.6,2404,697.6,2693
4/8/1999,421.8,2663,676.6,2771
4/9/1999,371.5,3037,655.6,2927
4/10/1999,332.8,3452,638.8,3243
4/11/1999,303.2,3559,632.1,3662
4/12/1999,278.9,3896,705.3,3796
4/13/1999,258.1,4412,779.1,3739
4/14/1999,240.6,5428,982.6,4010
4/15/1999,226.4,5757,1640,4090
4/16/1999,222.3,5777,2999,3962
4/17/1999,228.1,5598,3683,3725
4/18/1999,240,5292,3723,3441
4/19/1999,251.8,4914,3560,3138
4/20/1999,256.6,4529,3323,2841
4/21/1999,257.4,4143,3116,2573
4/22/1999,273.7,3786,2916,2356
4/23/1999,321.2,3493,2711,2216
4/24/1999,431.2,3376,2706,2160
4/25/1999,613.2,3344,3006,2234
4/26/1999,710.6,3353,4753,2506
4/27/1999,807.6,3400,5371,2762
4/28/1999,853.7,3349,5313,2961
4/29/1999,896.7,3268,5179,3013
4/30/1999,995.4,3200,4996,2984
5/1/1999,1203,3175,4676,2901
5/2/1999,1309,3090,4344,2820
5/3/1999,1279,3037,4143,2741
5/4/1999,1211,2896,3953,2686
5/5/1999,1178,2785,3847,2702
5/6/1999,1303,2762,3807,2663
5/7/1999,1565,2877,3764,2613
5/8/1999,1808,3165,3760,2599
5/9/1999,2027,3486,3738,2598
5/10/1999,2161,3627,3718,2572
5/11/1999,2206,3633,3700,2532
5/12/1999,2223,3597,3681,2510
5/13/1999,5699,3601,3703,2509
5/14/1999,6404,3697,3839,2521
5/15/1999,6169,3884,3970,2625
5/16/1999,5876,4148,4352,2844
5/17/1999,5503,4326,5081,3519
5/18/1999,5176,4408,6116,6041
5/19/1999,4942,4416,6557,6731
5/20/1999,4852,4357,6822,6384
5/21/1999,4846,4254,7922,5927
5/22/1999,4847,4196,14716,5614
5/23/1999,4667,6234,15271,5431
5/24/1999,4506,6633,14123,5365
5/25/1999,4338,6358,12707,5390
5/26/1999,4308,5973,11473,5461
5/27/1999,4273,5737,10390,5522
5/28/1999,4276,5767,9452,5927
5/29/1999,4248,5744,8632,5876
5/30/1999,4165,5716,7910,5533
5/31/1999,4037,5648,7347,5014
6/1/1999,3954,5573,6840,4988
6/2/1999,3934,5671,6481,4550
6/3/1999,3839,6177,6280,4132
6/4/1999,3774,5854,6144,3836
6/5/1999,3834,5361,6075,3740
6/6/1999,4020,4978,6054,3847
6/7/1999,4403,4842,5942,4065
6/8/1999,4679,5021,5877,4341
6/9/1999,5852,5837,5839,4661
6/10/1999,6618,6052,12485,4920
6/11/1999,7010,5494,13996,5223
6/12/1999,7179,4966,12934,5523
6/13/1999,7306,4608,11372,7274
6/14/1999,7681,4445,10111,7625
6/15/1999,7734,4483,9259,7593
6/16/1999,7725,4755,8838,7695
6/17/1999,7699,5197,8792,7757
6/18/1999,7642,5774,8845,7698
6/19/1999,7575,6160,8872,7637
6/20/1999,7501,6479,8894,7574
6/21/1999,7319,6761,8816,7576
6/22/1999,7253,7111,8792,7813
6/23/1999,7373,7298,8945,7799
6/24/1999,11476,7604,9096,7701
6/25/1999,11360,8102,9382,7688
6/26/1999,10054,8390,9589,7802
6/27/1999,8813,8432,9686,8090
6/28/1999,8049,8763,9950,8564
6/29/1999,7919,9077,10263,9162
6/30/1999,7956,9388,10756,9777
7/1/1999,8011,9666,11199,10355
7/2/1999,8123,9979,11617,10805
7/3/1999,8243,10227,11959,11014
7/4/1999,7881,10358,12209,11293
7/5/1999,7440,10463,12757,11329
7/6/1999,7173,10589,13187,11339
7/7/1999,7208,10811,13301,11653
7/8/1999,7555,11052,13313,11559
7/9/1999,7913,11251,13680,11220
7/10/1999,8044,11310,13509,10805
7/11/1999,8305,11683,13284,10340
7/12/1999,8553,12552,12908,9856
7/13/1999,8443,12207,12648,9502
7/14/1999,8353,11644,12469,9201
7/15/1999,8308,11341,12378,8994
7/16/1999,8482,11286,12473,8907
7/17/1999,8744,11328,12511,8911
7/18/1999,8901,11369,12443,8960
7/19/1999,9043,11241,12292,9027
7/20/1999,8984,11006,12063,9101
7/21/1999,8839,10739,11917,9254
7/22/1999,8612,10370,11715,9436
7/23/1999,8303,9971,11487,9551
7/24/1999,8050,9662,11309,9557
7/25/1999,7937,9442,11240,9528
7/26/1999,7924,9331,11342,10184
7/27/1999,7927,9291,11550,10124
7/28/1999,7952,9346,11819,9892
7/29/1999,7970,9358,12074,9427
7/30/1999,8005,9369,13509,9072
7/31/1999,8133,9187,13812,8782
8/1/1999,8177,8961,13024,8556
8/2/1999,8051,8728,12184,8403
8/3/1999,7858,8547,11466,8147
8/4/1999,7605,8471,10931,7929
8/5/1999,7402,8272,10697,7818
8/6/1999,7318,9270,10789,7742
8/7/1999,7375,9167,10946,7703
8/8/1999,7390,8668,11080,7740
8/9/1999,7301,8214,11181,7798
8/10/1999,7147,8024,11182,7935
8/11/1999,6912,7862,10922,8000
8/12/1999,6636,7373,10466,7670
8/13/1999,6341,6817,9974,7242
8/14/1999,6065,6406,9382,6796
8/15/1999,5847,6201,8833,6201
8/16/1999,5731,9067,8376,5721
8/17/1999,5789,9214,8122,5469
8/18/1999,5823,8676,8550,5367
8/19/1999,5902,8146,8567,5451
8/20/1999,5997,7717,8225,5580
8/21/1999,6108,7400,7876,5798
8/22/1999,6068,7184,7590,6722
8/23/1999,5979,6900,7395,7836
8/24/1999,5932,6507,7257,8089
8/25/1999,5780,5976,7186,8152
8/26/1999,5599,5591,7214,7492
8/27/1999,5464,5373,7300,6843
8/28/1999,5476,5312,7379,6347
8/29/1999,6351,6812,7519,6335
8/30/1999,6161,7134,7614,5954
8/31/1999,5670,6925,7839,5376
9/1/1999,5197,6703,7636,4861
9/2/1999,4844,5950,7209,4476
9/3/1999,4647,5139,6802,4270
9/4/1999,4683,4579,6423,4223
9/5/1999,5577,4147,6210,4164
9/6/1999,5657,3875,6059,4097
9/7/1999,5412,3793,5905,4976
9/8/1999,5120,3825,5797,4850
9/9/1999,4768,4235,5796,4550
9/10/1999,4421,6514,5738,4334
9/11/1999,4137,6294,5581,4288
9/12/1999,3939,5509,5449,4595
9/13/1999,3832,4836,5410,5492
9/14/1999,3801,5211,5478,6116
9/15/1999,3826,5197,5446,5775
9/16/1999,3892,4768,5373,5282
9/17/1999,3957,4388,5309,4876
9/18/1999,4018,5280,5297,4633
9/19/1999,4065,7185,5665,4579
9/20/1999,4152,7041,7142,4646
9/21/1999,4168,6579,6984,5393
9/22/1999,4093,6045,6362,5631
9/23/1999,3922,7628,5687,5671
9/24/1999,3708,7306,5161,5201
9/25/1999,3503,6530,4814,4592
9/26/1999,3383,6915,4715,4087
9/27/1999,4405,6406,4475,3730
9/28/1999,4354,5779,5197,3558
9/29/1999,3906,5176,5288,3555
9/30/1999,3385,4653,4754,3645
10/1/1999,2921,4202,4061,3774
10/2/1999,2578,3932,3454,3876
10/3/1999,2249,3571,2973,3922
10/4/1999,2059,3207,2726,3874
10/5/1999,1803,2864,2423,3716
10/6/1999,1557,2566,2151,3475
10/7/1999,1345,2295,1958,3198
10/8/1999,1170,2061,1779,2920
10/9/1999,1031,1851,1636,2669
10/10/1999,917.6,1668,1619,2452
10/11/1999,825.7,1510,1525,2254
10/12/1999,751.3,1383,1449,2066
10/13/1999,697.4,1281,1538,1896
10/14/1999,671.5,1198,1530,1762
10/15/1999,640.9,1133,1518,1628
10/16/1999,623.2,1122,1539,1517
10/17/1999,614.7,1144,1806,1432
10/18/1999,640.2,1205,1940,1390
10/19/1999,725,1305,2002,1395
10/20/1999,1072,1426,2059,1476
10/21/1999,1200,1584,2116,1663
10/22/1999,1096,1936,4561,2770
10/23/1999,948,1920,4533,3263
10/24/1999,815.3,1841,3879,3171
10/25/1999,746,1682,3222,2700
10/26/1999,688.8,1530,2728,2206
10/27/1999,624.4,1390,2371,1803
10/28/1999,569.2,1269,2052,1476
10/29/1999,535.6,1188,1793,1228
10/30/1999,500.4,1090,1598,1046
10/31/1999,678,1000,1438,903.1
11/1/1999,795.1,924,1310,803.2
11/2/1999,741.9,856.7,1207,715.1
11/3/1999,647.6,799.4,1124,638.6
11/4/1999,563,751.1,1057,574.6
11/5/1999,498.9,710.7,1001,522.5
11/6/1999,452.7,676.5,955.6,479.8
11/7/1999,420.1,647.5,917.6,444.8
11/8/1999,396.9,623.1,886.5,416.2
11/9/1999,380.2,603.3,861.1,393.8
11/10/1999,367.6,586.3,839.5,374.8
11/11/1999,357.8,571.4,820.7,359.4
11/12/1999,349.8,558.3,805,347.1
11/13/1999,343.1,546.6,797.7,336.5
11/14/1999,337.2,536,1018,327.3
11/15/1999,332,526.2,1008,319.2
11/16/1999,327.4,517.3,940.5,312.1
11/17/1999,323.3,509.1,872.2,305.8
11/18/1999,319.5,501.4,818.3,300.3
11/19/1999,316.8,494.2,778.9,295.5
11/20/1999,313.9,487.4,750.7,291
11/21/1999,312.4,480.9,730.1,287
11/22/1999,309.5,474.6,715.3,283.3
11/23/1999,306.2,468.5,703.4,280
11/24/1999,302.9,535.9,863.1,276.9
11/25/1999,301,782.4,888.4,274.1
11/26/1999,298.1,789.6,855.6,274.9
11/27/1999,294.9,729.7,812.2,272.8
11/28/1999,291.7,662.7,773.1,270.1
11/29/1999,288.7,605.8,741.2,267.9
11/30/1999,285.9,561.1,715.7,268.5
12/1/1999,283.2,526.6,695.3,266
12/2/1999,281,499.8,678.5,262.7
12/3/1999,278.7,478.9,664.4,261.5
12/4/1999,276.4,461.9,652.3,258.2
12/5/1999,274.3,447.6,641.7,254.7
12/6/1999,272.1,435.5,632.3,251.5
12/7/1999,269.8,425,624.5,248.7
12/8/1999,267.5,415.8,617.9,246.1
12/9/1999,265.3,407.7,611.2,243.8
12/10/1999,263.1,400.6,604.7,241.7
12/11/1999,261,394.1,598.7,239.6
12/12/1999,258.8,388.3,592.8,237.6
12/13/1999,256.8,382.9,587,235.7
12/14/1999,254.7,378,581.5,233.9
12/15/1999,252.7,373.4,576.2,232.1
12/16/1999,250.8,369.1,571,231.3
12/17/1999,248.8,365,566.1,231.9
12/18/1999,246.9,361.2,561.3,233.8
12/19/1999,245,357.5,556.6,235.8
12/20/1999,243.2,354.5,552.1,233.2
12/21/1999,241.3,351.1,547.7,229.4
12/22/1999,239.5,347.6,543.3,225.8
12/23/1999,237.7,344.2,539,222.7
12/24/1999,235.9,340.9,534.9,220.1
12/25/1999,234.1,337.7,530.8,217.9
12/26/1999,232.4,334.6,526.7,215.7
12/27/1999,230.7,331.6,522.6,213.7
12/28/1999,228.9,328.6,518.7,211.7
12/29/1999,227.3,325.7,514.7,209.9
12/30/1999,225.6,322.9,510.9,208.3
12/31/1999,223.9,320.1,507.1,206.9
1/1/2000,222.3,317.4,503.3,205.6
1/2/2000,220.8,314.7,499.5,204.4
1/3/2000,219.2,312,495.9,202.7
1/4/2000,217.6,309.4,492.2,200.9
1/5/2000,216,306.8,488.6,199.3
1/6/2000,214.4,304.3,485,197.6
1/7/2000,212.8,301.8,481.5,196.1
1/8/2000,211.3,299.3,478,194.6
1/9/2000,210.3,296.8,474.9,193.2
1/10/2000,209.3,294.4,472.4,191.8
1/11/2000,207.7,292,469.3,190.4
1/12/2000,205.9,289.7,466.3,189.1
1/13/2000,204.2,287.3,462.8,188.7
1/14/2000,202.6,285,459.2,187.5
1/15/2000,201.1,282.8,455.5,186
1/16/2000,199.6,280.5,451.9,184.5
1/17/2000,198.1,278.3,448.4,183.1
1/18/2000,196.7,276.1,446.7,181.6
1/19/2000,195.3,274,444.1,180.3
1/20/2000,193.9,271.8,440.9,178.9
1/21/2000,192.6,269.7,437.3,177.6
1/22/2000,191.2,267.6,434,176.3
1/23/2000,189.9,265.6,430.6,175.1
1/24/2000,188.7,263.5,427.4,173.8
1/25/2000,187.4,261.5,424.2,172.6
1/26/2000,186.1,259.5,421.1,171.7
1/27/2000,184.8,257.5,417.9,170.6
1/28/2000,183.4,255.6,414.8,169.4
1/29/2000,182.2,253.6,411.9,168.2
1/30/2000,181.1,251.8,409.8,167
1/31/2000,179.8,249.9,407.5,165.9
2/1/2000,178.5,248,405.1,164.8
2/2/2000,177.2,246.1,402.4,163.6
2/3/2000,175.9,244.3,399.5,162.5
2/4/2000,174.7,242.5,396.6,161.3
2/5/2000,173.4,240.7,393.7,160.2
2/6/2000,172.2,238.9,404.9,159.1
2/7/2000,171,237.2,762.2,158.1
2/8/2000,169.9,235.4,1415,157.1
2/9/2000,168.7,233.7,1659,156
2/10/2000,167.5,232,1814,155
2/11/2000,166.4,230.3,1782,153.9
2/12/2000,165.2,228.6,1665,152.9
2/13/2000,164.1,226.9,1530,151.8
2/14/2000,163,225.3,1396,150.7
2/15/2000,161.9,223.7,1272,149.6
2/16/2000,160.7,222,1160,148.5
2/17/2000,159.6,220.4,1061,147.5
2/18/2000,158.6,218.8,974.3,146.4
2/19/2000,157.5,217.3,898.5,145.4
2/20/2000,156.4,215.7,833.1,144.4
2/21/2000,155.3,214.2,776.9,143.4
2/22/2000,154.3,212.6,728.7,142.4
2/23/2000,153.3,211.2,687.6,141.4
2/24/2000,152.2,210.1,652.4,140.4
2/25/2000,151.2,208.8,622.3,139.5
2/26/2000,150.2,207.4,596.4,138.5
2/27/2000,149.1,206.1,574.2,137.6
2/28/2000,148.1,204.7,554.9,136.7
2/29/2000,147.2,203.3,538.6,135.8
3/1/2000,146.5,201.9,524.1,135.4
3/2/2000,145.7,200.4,511.1,135
3/3/2000,144.7,198.9,499.5,140.1
3/4/2000,143.7,197.5,488.9,195.5
3/5/2000,142.7,196.4,479.4,218.5
3/6/2000,141.6,196.1,470.6,224.1
3/7/2000,140.6,195.6,462.5,220.6
3/8/2000,139.6,194.8,455.1,212.5
3/9/2000,138.6,211.5,448.6,230.1
3/10/2000,137.7,292.6,442.4,307.9
3/11/2000,136.7,403.3,436.4,401
3/12/2000,135.8,502.4,430.5,471.3
3/13/2000,134.9,625.1,424.8,487.2
3/14/2000,134.1,648.4,419.4,470.7
3/15/2000,133.4,631,414.3,438.2
3/16/2000,132.6,592.6,445.2,399.2
3/17/2000,131.7,545.2,447.6,368.1
3/18/2000,130.8,495.7,433.7,343.4
3/19/2000,129.8,448.2,418.1,324.3
3/20/2000,129,404.8,404.9,323.4
3/21/2000,128.7,366.4,394.7,317.5
3/22/2000,128.2,333.3,402.2,301.7
3/23/2000,127.7,305.2,422.1,286.6
3/24/2000,146,281.4,491.5,309.8
3/25/2000,252.1,295.8,667.5,381.8
3/26/2000,316.2,438.5,864.6,474
3/27/2000,339.7,719.6,1085,596.6
3/28/2000,337.2,894,1313,687
3/29/2000,321.3,950.8,1425,733
3/30/2000,299.2,936.6,1426,717.3
3/31/2000,275.1,884.4,1367,670.3
4/1/2000,251.3,814.3,1278,609.9
4/2/2000,229.6,739,1179,545.9
4/3/2000,217.6,665.5,1079,484
4/4/2000,222.3,608,986.2,427.9
4/5/2000,261.3,570.4,901.8,379.2
4/6/2000,327,573.9,838.2,355.1
4/7/2000,374.5,647.6,893.5,368.5
4/8/2000,409,897.7,896.2,452.4
4/9/2000,438,1262,928.3,719.7
4/10/2000,461.4,1406,995.4,954.2
4/11/2000,480.7,1472,1081,1177
4/12/2000,494.6,1481,1151,1322
4/13/2000,492.8,1440,1328,1388
4/14/2000,475.5,1369,1436,1407
4/15/2000,462.3,1300,1441,1389
4/16/2000,534.7,1261,1406,1350
4/17/2000,665.2,1295,1379,1316
4/18/2000,920.9,1428,1386,1332
4/19/2000,1201,1702,1472,1416
4/20/2000,1622,1973,1593,1543
4/21/2000,1870,2078,1711,1666
4/22/2000,1905,2092,1818,1785
4/23/2000,1860,2095,1912,1896
4/24/2000,1766,2056,2099,1963
4/25/2000,1662,2195,2201,1970
4/26/2000,1548,2267,2194,1924
4/27/2000,1442,2104,2106,1859
4/28/2000,1383,1919,2017,1792
4/29/2000,1378,1938,1997,1758
4/30/2000,1369,1832,2116,1746
5/1/2000,1369,1726,2274,1736
5/2/2000,1388,1660,2473,1699
5/3/2000,1449,1644,2596,1675
5/4/2000,1571,1643,2641,1683
5/5/2000,1899,1663,2653,1735
5/6/2000,3239,1726,2663,1851
5/7/2000,4197,1807,2707,2078
5/8/2000,4336,1899,2806,2450
5/9/2000,4049,2047,2966,2898
5/10/2000,3760,2204,3147,3284
5/11/2000,3673,2357,3333,3615
5/12/2000,4011,2531,3484,4087
5/13/2000,4140,2706,3585,4273
5/14/2000,4132,2902,3720,4415
5/15/2000,4187,3112,4005,8257
5/16/2000,4298,3322,4343,8504
5/17/2000,5513,3554,4683,7793
5/18/2000,5543,3839,4982,7009
5/19/2000,5225,4019,5217,6459
5/20/2000,4812,3995,5481,6487
5/21/2000,4473,3895,5651,6404
5/22/2000,4260,3794,5692,7184
5/23/2000,4095,3686,5779,7428
5/24/2000,4005,3609,5854,7026
5/25/2000,3999,3583,6029,6580
5/26/2000,4157,3681,6295,6274
5/27/2000,4529,3931,6574,6089
5/28/2000,4553,4268,6925,5982
5/29/2000,4467,4582,7111,5886
5/30/2000,4233,4869,7259,5821
5/31/2000,3909,5016,7213,5676
6/1/2000,3567,5124,7202,5587
6/2/2000,3308,5166,6981,5618
6/3/2000,3178,5188,6719,5711
6/4/2000,3184,5144,6644,5865
6/5/2000,4007,5190,6568,6076
6/6/2000,4248,5228,6543,6397
6/7/2000,4008,5268,6456,6366
6/8/2000,3659,5337,6434,6263
6/9/2000,3375,5363,6496,6455
6/10/2000,3266,5509,6498,6322
6/11/2000,3510,5845,6813,6178
6/12/2000,4032,6349,7287,6344
6/13/2000,4709,7085,8123,6882
6/14/2000,6347,7947,9052,7741
6/15/2000,10305,8944,10085,8798
6/16/2000,11135,9986,11196,9935
6/17/2000,11177,11070,12324,11386
6/18/2000,10940,12076,13251,12242
6/19/2000,10623,12879,13673,12820
6/20/2000,10265,13467,13909,13100
6/21/2000,9959,13794,13660,13115
6/22/2000,9705,13741,13183,13308
6/23/2000,9524,13540,12678,13181
6/24/2000,9431,13406,12233,13003
6/25/2000,9701,13468,11982,13000
6/26/2000,9705,13302,11892,12719
6/27/2000,9757,13057,11856,12395
6/28/2000,9607,12738,11802,11991
6/29/2000,9332,12236,11985,11481
6/30/2000,9069,11611,11480,10944
7/1/2000,8805,11129,10780,10393
7/2/2000,8568,10614,10145,9978
7/3/2000,8287,10106,9654,9670
7/4/2000,8052,9682,9459,9399
7/5/2000,7918,9352,9378,9024
7/6/2000,7914,9169,9479,8677
7/7/2000,8084,9155,9415,8514
7/8/2000,8337,9211,9374,8491
7/9/2000,8555,9275,9369,8572
7/10/2000,8670,9330,9365,8732
7/11/2000,8702,9368,9505,8967
7/12/2000,8702,9374,9556,9111
7/13/2000,8611,9753,9702,15850
7/14/2000,8493,9464,11583,16221
7/15/2000,11606,9120,11739,14359
7/16/2000,11535,8882,11506,12465
7/17/2000,10621,8821,10957,11033
7/18/2000,9660,8868,10783,10118
7/19/2000,8899,9174,10302,9680
7/20/2000,8416,9414,9875,9583
7/21/2000,8051,9551,9552,10202
7/22/2000,7689,9624,9432,9924
7/23/2000,7396,9944,9056,9345
7/24/2000,7197,9399,8635,8840
7/25/2000,7495,8859,8437,8786
7/26/2000,7698,8668,8579,8733
7/27/2000,8073,8839,8981,9057
7/28/2000,10379,9327,9597,9560
7/29/2000,11061,9904,10211,10085
7/30/2000,10411,10260,10602,10435
7/31/2000,9505,10139,10585,10430
8/1/2000,8567,9748,10348,10165
8/2/2000,7764,9197,9961,10239
8/3/2000,7201,8652,10311,9649
8/4/2000,6879,8206,9883,8904
8/5/2000,6737,7924,9849,8375
8/6/2000,6711,7819,12813,8084
8/7/2000,6767,7879,12249,8014
8/8/2000,6668,7949,10825,8059
8/9/2000,6533,8094,9550,8123
8/10/2000,6465,8143,8712,10567
8/11/2000,6387,8071,8329,12727
8/12/2000,7076,7935,8207,12352
8/13/2000,6985,7839,8360,10576
8/14/2000,6736,7847,8688,8812
8/15/2000,6510,7831,9620,7525
8/16/2000,6384,7840,10563,6620
8/17/2000,6348,7910,11954,6117
8/18/2000,6316,7961,11610,5929
8/19/2000,6292,7885,10903,6021
8/20/2000,6140,7816,10206,5860
8/21/2000,6016,7636,9711,5664
8/22/2000,5815,7403,9541,5338
8/23/2000,5634,7173,9518,5305
8/24/2000,5686,7089,9617,6352
8/25/2000,5533,7683,9584,6337
8/26/2000,5370,7582,9517,5853
8/27/2000,5269,7333,9505,5425
8/28/2000,5244,7124,9500,5239
8/29/2000,5206,6953,9426,5230
8/30/2000,5178,6834,9328,5011
8/31/2000,5197,6797,9165,4859
9/1/2000,5263,6762,8959,4835
9/2/2000,5351,6771,8717,5195
9/3/2000,6282,6821,8435,7040
9/4/2000,6226,6857,8187,7325
9/5/2000,6100,6790,10117,6790
9/6/2000,5716,6620,9713,6144
9/7/2000,5101,6431,8708,5480
9/8/2000,4524,6030,7708,5040
9/9/2000,4061,5666,6855,4529
9/10/2000,3735,4985,6224,4120
9/11/2000,3540,4363,5839,3741
9/12/2000,3602,4550,5668,3458
9/13/2000,3620,4204,5633,3713
9/14/2000,3642,3739,5649,4080
9/15/2000,3864,3331,5702,3885
9/16/2000,3733,3352,6051,3631
9/17/2000,3597,3392,8294,3473
9/18/2000,3565,3290,12489,3553
9/19/2000,3490,3192,14512,3618
9/20/2000,3271,3047,13834,3540
9/21/2000,2998,2870,11677,3319
9/22/2000,2703,2883,9486,3042
9/23/2000,2402,2699,7706,2760
9/24/2000,2118,2372,6298,2479
9/25/2000,1874,2043,5215,2218
9/26/2000,1672,1749,4384,2002
9/27/2000,1502,1498,3750,1782
9/28/2000,1375,1290,3275,1603
9/29/2000,1349,1185,2942,1525
9/30/2000,1439,1223,2884,1640
10/1/2000,1470,1837,2787,1621
10/2/2000,1441,3721,2692,1658
10/3/2000,1371,3847,2606,1567
10/4/2000,1282,3458,2512,1441
10/5/2000,1193,3177,2385,1482
10/6/2000,1095,2730,2234,1347
10/7/2000,1010,2305,2082,1176
10/8/2000,939.4,1950,1932,1019
10/9/2000,886.3,1667,1893,888.6
10/10/2000,898.1,1444,1769,787.3
10/11/2000,848.4,1272,1635,708.8
10/12/2000,780.1,1178,1519,646.6
10/13/2000,710.2,1108,1420,597.6
10/14/2000,654.4,1048,1335,559.7
10/15/2000,617.4,957.5,1263,529
10/16/2000,602.6,863.9,1213,508.3
10/17/2000,603.6,783.4,1280,494.1
10/18/2000,617,721.2,1261,480.6
10/19/2000,657.8,682.5,1197,494.3
10/20/2000,812.4,681.7,1131,480.3
10/21/2000,850.3,805.8,1075,466.6
10/22/2000,827.2,1049,1027,458.1
10/23/2000,776.5,1030,1060,449.9
10/24/2000,715.2,979.3,1026,440.7
10/25/2000,655,875.5,979.9,453.7
10/26/2000,608.1,778.7,936.7,517.9
10/27/2000,624.7,706.2,900.7,519.8
10/28/2000,843.2,676.2,874.3,501.5
10/29/2000,800.8,665.1,878.3,475
10/30/2000,699.1,659.9,857.5,451.1
10/31/2000,609,670.6,834,440
11/1/2000,537.7,1122,816.7,433.8
11/2/2000,697.4,1093,796.8,435.8
11/3/2000,654.1,942.3,778.3,456.4
11/4/2000,569.5,790.1,762.1,489.7
11/5/2000,701.8,668.7,749.7,534.4
11/6/2000,671,784.9,744.9,596.2
11/7/2000,578.6,902,740.1,672.6
11/8/2000,485.4,855.9,736.2,739.9
11/9/2000,413.1,746.7,728.2,808.6
11/10/2000,362.3,641.9,717.9,946.4
11/11/2000,328,558.1,706.4,1019
11/12/2000,310.8,495.1,694.8,989.5
11/13/2000,295.8,448.4,693.3,860.2
11/14/2000,283.5,413.4,751,726.5
11/15/2000,273.9,426.7,904.7,645.6
11/16/2000,266.5,523.4,1094,643
11/17/2000,260.7,608.6,1262,594.9
11/18/2000,256,570.4,1344,527.1
11/19/2000,252,506.4,1339,465.1
11/20/2000,248.6,448.2,1285,414.8
11/21/2000,245.5,402.8,1207,375.4
11/22/2000,242.6,369.1,1121,344.9
11/23/2000,240,344.4,1036,321.1
11/24/2000,237.5,325.9,956.4,302.3
11/25/2000,235.1,311.8,884.5,287.2
11/26/2000,232.8,300.6,821.3,275
11/27/2000,230.6,291.7,766.8,264.9
11/28/2000,228.4,284.2,720.3,256.6
11/29/2000,227.2,277.9,680.8,249.7
11/30/2000,225.4,272.5,647.6,243.8
12/1/2000,223.2,267.7,619.6,238.7
12/2/2000,221,263.5,596,234.4
12/3/2000,218.9,259.7,576.1,230.6
12/4/2000,216.8,256.2,559.2,227.2
12/5/2000,214.8,253,544.8,224.1
12/6/2000,212.9,250,532.3,221.4
12/7/2000,213.9,247.2,521.5,218.8
12/8/2000,212.1,244.6,512,216.5
12/9/2000,211.6,242,503.5,214.3
12/10/2000,209.4,239.6,502.7,212.2
12/11/2000,206.7,237.3,892.1,210.2
12/12/2000,204.1,235.1,2454,208.3
12/13/2000,201.8,233,3949,206.6
12/14/2000,200.2,232.9,3891,205
12/15/2000,198.8,232.3,3373,203.3
12/16/2000,197.2,231.3,2818,201.7
12/17/2000,195.4,229.4,2348,200.3
12/18/2000,193.5,226.5,1978,198.7
12/19/2000,191.7,223.5,1693,197
12/20/2000,190,220.8,1473,195.2
12/21/2000,188.8,218.4,1301,193.6
12/22/2000,188.5,216.1,1164,191.9
12/23/2000,187.2,214.2,1053,190.4
12/24/2000,185.3,218.6,962.7,188.8
12/25/2000,183.4,242.9,887.8,187.3
12/26/2000,181.7,243.2,825.3,185.8
12/27/2000,180.1,260.4,773,205.3
12/28/2000,178.6,264.8,728.8,607.9
12/29/2000,177.1,257.7,691.9,2253
12/30/2000,175.7,247.8,834,4514
12/31/2000,174.3,238.1,849.1,4726
1/1/2001,173,229.5,815.5,4253
1/2/2001,171.6,222.2,769.2,3648
1/3/2001,170.3,215.8,723.4,3094
1/4/2001,169.1,210.3,682,2630
1/5/2001,167.8,205.5,645.8,2252
1/6/2001,166.5,201.4,614.4,1943
1/7/2001,165.3,197.7,587.3,1688
1/8/2001,164.1,194.4,563.9,1474
1/9/2001,162.9,191.5,543.6,1294
1/10/2001,161.6,188.9,525.9,1144
1/11/2001,160.7,186.5,510.5,1016
1/12/2001,160.7,184.4,497,903.4
1/13/2001,159.8,182.4,485.1,805.7
1/14/2001,158.3,180.5,474.8,722
1/15/2001,156.7,178.8,465.8,650.5
1/16/2001,155.3,177.2,458.5,589.5
1/17/2001,153.9,175.6,451.2,537.4
1/18/2001,152.6,174.1,443.6,492.8
1/19/2001,151.5,172.7,436.5,454.7
1/20/2001,150.4,171.2,429.9,422.1
1/21/2001,149.3,169.9,423.9,394
1/22/2001,148.2,168.6,418.2,369.9
1/23/2001,147.1,167.2,413,349
1/24/2001,146,166,408.1,331
1/25/2001,145,164.7,403.3,315.4
1/26/2001,143.9,163.5,398.7,301.8
1/27/2001,142.9,162.3,394.3,289.9
1/28/2001,141.9,161.1,390.9,279.5
1/29/2001,140.9,174.6,532.7,279.2
1/30/2001,139.9,307.1,578.8,404
1/31/2001,138.9,365.3,575.8,536.4
2/1/2001,137.9,353.9,595.6,577.3
2/2/2001,136.9,323.6,1424,572.8
2/3/2001,136,292.1,2272,545.6
2/4/2001,135,264.6,2197,508.3
2/5/2001,134.1,241.8,1914,468.1
2/6/2001,133.1,223.2,1627,428.6
2/7/2001,132.2,208,1390,392
2/8/2001,131.7,195.5,1207,359.1
2/9/2001,130.8,185.2,1067,330.3
2/10/2001,129.8,176.7,959.6,305.4
2/11/2001,128.8,169.5,874.2,284.1
2/12/2001,127.9,163.6,805.1,266
2/13/2001,127,158.6,748.1,250.8
2/14/2001,127.1,154.5,700.3,238
2/15/2001,126.2,151.1,659.7,227.3
2/16/2001,125,148.2,624.9,218.5
2/17/2001,124.1,145.7,594.9,211.1
2/18/2001,123.3,143.6,569,204.8
2/19/2001,122.2,141.7,759.4,199.3
2/20/2001,121.2,140,744.4,194.6
2/21/2001,120.3,138.4,681.3,190.4
2/22/2001,119.4,137,618.1,186.6
2/23/2001,118.6,135.6,567.2,183.3
2/24/2001,117.7,134.3,528.8,180.5
2/25/2001,116.9,133.1,500.4,177.7
2/26/2001,116.1,131.9,478.8,175.1
2/27/2001,115.5,130.8,462.1,172.8
2/28/2001,114.7,129.7,483.2,170.5
3/1/2001,113.9,128.6,488.7,168.4
3/2/2001,113.1,127.6,484.7,166.5
3/3/2001,112.3,126.7,475.6,172.3
3/4/2001,111.5,125.8,463.8,185.6
3/5/2001,110.7,124.9,458.7,224
3/6/2001,109.9,124,494.9,276.4
3/7/2001,109.2,123.1,747.6,336.8
3/8/2001,108.4,122.2,1145,367.5
3/9/2001,107.6,121.4,1217,422.8
3/10/2001,107.2,120.9,1178,460.5
3/11/2001,106.8,120.5,1098,460.4
3/12/2001,106.7,120.1,1008,439.3
3/13/2001,107.1,119.7,920.5,407.8
3/14/2001,106.5,121.5,838.8,372.7
3/15/2001,105.7,318.1,793.3,338.1
3/16/2001,104.7,870.5,1298,309.3
3/17/2001,103.7,1006,2064,338.2
3/18/2001,102.9,1057,2161,457.5
3/19/2001,102,1052,2580,596
3/20/2001,101.1,982.9,2345,662.8
3/21/2001,100.3,897.9,2001,667.8
3/22/2001,99.94,812.1,1691,658.4
3/23/2001,99.68,763.1,1443,682.4
3/24/2001,99.29,704.5,1253,707.2
3/25/2001,99.44,644.6,1109,716.7
3/26/2001,101.2,650.7,997.8,704.6
3/27/2001,151,693.8,915.8,680.9
3/28/2001,261,694.7,858.2,663.6
3/29/2001,314.1,664.3,824.9,773.2
3/30/2001,317.2,619,816.1,1274
3/31/2001,295.4,568.1,918,1916
4/1/2001,267.2,531.8,1063,1988
4/2/2001,245.7,562,1362,1801
4/3/2001,260,639.3,1416,1617
4/4/2001,280.5,750.5,1384,1486
4/5/2001,316.8,905.1,1356,1407
4/6/2001,385.8,1042,1356,1388
4/7/2001,456.1,1140,1406,1390
4/8/2001,1126,1160,1511,1374
4/9/2001,1524,1147,1609,1345
4/10/2001,1480,1139,1669,1324
4/11/2001,1318,1122,1641,1288
4/12/2001,1158,1071,1550,1247
4/13/2001,1031,1139,1432,1373
4/14/2001,912.4,1081,1301,1641
4/15/2001,807.4,965.9,1182,2028
4/16/2001,747,850.4,1066,2523
4/17/2001,695.4,757.3,971,2525
4/18/2001,657.4,684.9,894.1,2315
4/19/2001,653.5,634.6,843.1,2053
4/20/2001,839.6,619.8,865.4,1828
4/21/2001,1188,646.5,1064,1663
4/22/2001,1409,757.5,1568,1607
4/23/2001,1494,1029,2339,1651
4/24/2001,1642,1519,3365,1835
4/25/2001,1762,1813,4190,2352
4/26/2001,1835,2088,5030,2848
4/27/2001,1870,2361,5747,3298
4/28/2001,1905,2669,6330,3735
4/29/2001,1964,2879,6748,3895
4/30/2001,2060,3069,7186,4111
5/1/2001,2087,3331,7569,4344
5/2/2001,2090,3661,7939,6691
5/3/2001,2181,4542,8577,13177
5/4/2001,2305,7507,9277,14499
5/5/2001,2427,8381,9533,13415
5/6/2001,2529,8019,9494,11909
5/7/2001,2582,7072,9412,10619
5/8/2001,2613,6232,9244,9738
5/9/2001,2665,5636,9265,9195
5/10/2001,2843,5347,9406,9059
5/11/2001,3097,6239,9674,9080
5/12/2001,3360,7142,10180,9272
5/13/2001,3700,7098,10735,9375
5/14/2001,3924,6960,11304,9462
5/15/2001,4155,6913,11858,9497
5/16/2001,4586,7095,12422,9437
5/17/2001,4659,8367,12826,9308
5/18/2001,4616,9389,12928,9218
5/19/2001,4505,9344,12883,9181
5/20/2001,4348,8831,12677,9222
5/21/2001,4243,8330,12503,9322
5/22/2001,4143,7946,12323,9476
5/23/2001,4059,7747,12222,9589
5/24/2001,4098,7721,12193,9830
5/25/2001,4301,7863,12255,9920
5/26/2001,4612,8084,12356,10172
5/27/2001,4802,8330,12590,10296
5/28/2001,4905,8633,12911,10377
5/29/2001,5006,9014,13215,10453
5/30/2001,5149,10316,13521,10909
5/31/2001,5844,10618,14171,11181
6/1/2001,6488,10754,14875,11384
6/2/2001,6667,10868,15280,11547
6/3/2001,6726,10884,15871,11567
6/4/2001,6712,10867,16908,11426
6/5/2001,6828,10816,18120,11191
6/6/2001,6701,12580,16847,10951
6/7/2001,6699,12534,15290,10758
6/8/2001,6790,12095,14143,10691
6/9/2001,7036,11736,14856,10808
6/10/2001,7407,11804,19391,11087
6/11/2001,7899,12641,23015,11475
6/12/2001,8271,15785,22627,11894
6/13/2001,8339,16330,21769,12230
6/14/2001,8206,15795,20157,12374
6/15/2001,7704,14820,18223,12218
6/16/2001,7115,13818,16432,12014
6/17/2001,6642,12937,14938,11545
6/18/2001,6402,12273,13811,10961
6/19/2001,6378,11770,12955,10412
6/20/2001,6461,11440,12255,9986
6/21/2001,6607,11158,11652,9604
6/22/2001,6856,10884,11149,9229
6/23/2001,7021,10488,10798,8986
6/24/2001,7265,10271,10741,9711
6/25/2001,7494,10112,10611,9667
6/26/2001,7773,16734,10857,9520
6/27/2001,8061,18083,11314,9577
6/28/2001,8446,17836,11925,9899
6/29/2001,8723,17326,12634,10510
6/30/2001,8895,16762,14066,10958
7/1/2001,9387,16185,16398,11895
7/2/2001,9296,16118,16844,12262
7/3/2001,9083,15625,16577,12253
7/4/2001,9025,15170,16206,12216
7/5/2001,9103,14945,15931,12330
7/6/2001,9322,14893,15749,12580
7/7/2001,9509,14900,15667,12874
7/8/2001,9686,14955,16232,13150
7/9/2001,9822,14980,16169,13375
7/10/2001,9874,14898,15883,13486
7/11/2001,9930,14589,15581,13532
7/12/2001,9885,14253,15253,13533
7/13/2001,9795,15026,14856,13446
7/14/2001,9707,15327,14441,13098
7/15/2001,9478,14440,15052,12632
7/16/2001,9084,14160,15704,12119
7/17/2001,8670,13030,16315,13451
7/18/2001,8352,11960,17990,14242
7/19/2001,8218,11270,17832,16425
7/20/2001,8210,11153,17264,15447
7/21/2001,8240,11014,15996,13968
7/22/2001,8248,10805,14413,12781
7/23/2001,8144,10599,13030,12165
7/24/2001,7960,10197,11975,12409
7/25/2001,7711,9920,11711,11616
7/26/2001,7552,10039,12049,10835
7/27/2001,7392,9525,12069,10337
7/28/2001,7184,8892,11282,10031
7/29/2001,7964,8306,10902,9827
7/30/2001,7630,7852,10185,9721
7/31/2001,7088,7504,9484,9677
8/1/2001,6628,7327,9026,9668
8/2/2001,6364,7276,8832,9647
8/3/2001,7193,7324,8732,9836
8/4/2001,7301,7508,8762,10052
8/5/2001,7436,7805,8865,9878
8/6/2001,7282,8178,9010,9733
8/7/2001,7105,8494,9223,9619
8/8/2001,6914,8701,9331,9623
8/9/2001,6763,8869,9369,9729
8/10/2001,6651,9033,9385,9898
8/11/2001,6626,9195,9449,10132
8/12/2001,6638,9242,9504,10385
8/13/2001,6655,9178,9525,10492
8/14/2001,6665,9055,9535,10404
8/15/2001,6634,9049,9514,10229
8/16/2001,6608,8887,9514,10083
8/17/2001,6657,8682,9597,10042
8/18/2001,6738,8600,9693,10044
8/19/2001,6788,8627,9778,9979
8/20/2001,6799,8601,9764,9820
8/21/2001,6617,8453,9624,9586
8/22/2001,6369,8188,9464,9347
8/23/2001,6138,7869,9156,9020
8/24/2001,7610,7643,9444,8657
8/25/2001,7365,7346,9100,8384
8/26/2001,6808,7171,8712,8277
8/27/2001,6356,7109,8412,8387
8/28/2001,5984,7134,8232,10724
8/29/2001,5744,7225,8171,10576
8/30/2001,5574,7352,8174,9772
8/31/2001,5445,7497,8164,8975
9/1/2001,7549,7475,8116,8358
9/2/2001,7358,7549,8009,7904
9/3/2001,6546,7316,7858,7548
9/4/2001,5722,7003,7644,7270
9/5/2001,5100,6721,7539,7062
9/6/2001,4667,6414,7318,7014
9/7/2001,4449,6127,7099,7081
9/8/2001,4805,5753,6980,7265
9/9/2001,5515,5421,6978,7595
9/10/2001,7078,5147,6917,7602
9/11/2001,6449,4882,6749,7443
9/12/2001,5288,4603,6794,7172
9/13/2001,4207,4300,6418,6821
9/14/2001,3353,3954,5828,6416
9/15/2001,2735,3597,5202,6010
9/16/2001,2313,3314,4593,5558
9/17/2001,2063,3010,4069,5153
9/18/2001,1854,2786,3639,4836
9/19/2001,1711,2651,3332,4612
9/20/2001,1637,2603,3179,4482
9/21/2001,1734,2596,3142,4419
9/22/2001,1677,2625,3178,4441
9/23/2001,1548,2715,3215,5242
9/24/2001,1409,2696,3220,6536
9/25/2001,1293,2658,3221,6875
9/26/2001,1223,2592,3212,6007
9/27/2001,1299,2521,3466,5039
9/28/2001,1482,2514,3471,4227
9/29/2001,3204,2554,3256,3629
9/30/2001,3307,2629,4960,3263
10/1/2001,2951,2955,6251,3053
10/2/2001,2497,2753,5563,2850
10/3/2001,2006,2416,4504,2682
10/4/2001,1615,2084,3564,2514
10/5/2001,1335,1828,2845,2343
10/6/2001,1136,1662,2326,2644
10/7/2001,1004,1584,1958,2566
10/8/2001,951,1508,1696,2293
10/9/2001,891.9,1437,1504,1947
10/10/2001,821.8,1355,1361,1650
10/11/2001,746.9,1255,1251,1461
10/12/2001,673.7,1149,1165,1269
10/13/2001,605,1056,1100,1105
10/14/2001,545.4,979.8,1041,973.7
10/15/2001,532.5,928.2,994.6,864.5
10/16/2001,697.9,908.5,952.4,776.8
10/17/2001,675.4,905.1,918.1,706
10/18/2001,595.8,1033,889.6,648.6
10/19/2001,518.4,1221,881.9,601.7
10/20/2001,459.4,1374,866.2,563.4
10/21/2001,445,1354,970.3,532.6
10/22/2001,411,1262,1394,507.1
10/23/2001,431.6,1125,1355,490.4
10/24/2001,401,1000,1205,473.1
10/25/2001,362.5,1032,1060,457.3
10/26/2001,338.6,1127,951.5,443.6
10/27/2001,745.5,1081,1087,432.4
10/28/2001,1139,983.2,1448,456.4
10/29/2001,1035,882.4,1391,498.7
10/30/2001,828.8,794.1,1238,517.9
10/31/2001,645.1,721.2,1091,532.5
11/1/2001,509.4,661.1,975.3,518.1
11/2/2001,416.4,619.3,890.1,494.7
11/3/2001,352.8,578.4,827.3,470.9
11/4/2001,309.8,542.1,780.3,450.6
11/5/2001,280.5,511.4,744.8,431
11/6/2001,260,485.1,717.2,413.6
11/7/2001,245.3,463.4,695.1,398.3
11/8/2001,234.3,445.2,677.1,385.2
11/9/2001,225.8,429.9,662.1,373.8
11/10/2001,219,416.9,649,363.9
11/11/2001,213.5,405.8,637.4,355.4
11/12/2001,208.9,396.3,627.1,347.9
11/13/2001,205.8,388.1,618,341.4
11/14/2001,202.5,380.9,611.9,335.5
11/15/2001,199.9,374.7,629.4,330.3
11/16/2001,197.4,369.4,632.1,325.8
11/17/2001,194.8,365.1,620.4,322.3
11/18/2001,192.2,424,605.5,326.7
11/19/2001,189.8,523.5,592.1,419
11/20/2001,187.5,801.6,581.1,500.3
11/21/2001,185.3,758.8,572.2,483.6
11/22/2001,183.3,643.9,564.7,443.7
11/23/2001,181.3,539.2,557.9,405.2
11/24/2001,179.5,462.4,552,374.2
11/25/2001,177.7,411.2,546.8,350.5
11/26/2001,176,378.5,541.4,333.2
11/27/2001,174.4,357,536.1,320
11/28/2001,172.8,342.9,531,309.4
11/29/2001,172.1,333.5,526.1,300.8
11/30/2001,170.9,326.9,522.4,293.5
12/1/2001,169.2,322,832.4,287.4
12/2/2001,167.5,318.2,893.2,350.8
12/3/2001,165.8,315.2,1349,1177
12/4/2001,164.3,312.4,2982,1283
12/5/2001,162.8,311.3,3940,1116
12/6/2001,161.4,309.7,3841,912.2
12/7/2001,160,306.8,3425,740.6
12/8/2001,158.7,303.7,2980,611.5
12/9/2001,157.4,300.7,2591,518
12/10/2001,156.3,297.8,2270,450.6
12/11/2001,156.3,295.8,2010,401.4
12/12/2001,155.1,294,1796,364.6
12/13/2001,153.5,291.3,1619,336.4
12/14/2001,151.9,288.5,1470,314.4
12/15/2001,150.5,285.9,1343,296.9
12/16/2001,149.2,283.6,1235,282.8
12/17/2001,147.9,281.2,1142,271.2
12/18/2001,146.6,278.8,1062,261.7
12/19/2001,145.4,276.6,993.2,253.8
12/20/2001,144.3,274.4,933.1,247.1
12/21/2001,143.3,272.2,881,241.5
12/22/2001,142.2,270.2,835.6,236.7
12/23/2001,141.1,268.6,796.1,232.5
12/24/2001,140,266.7,761.6,228.8
12/25/2001,138.9,264.5,731.7,225.6
12/26/2001,137.8,262.4,706.8,222.7
12/27/2001,136.8,260.4,684.4,220.1
12/28/2001,135.7,258.4,663.1,217.6
12/29/2001,134.7,256.4,643.8,215.4
12/30/2001,133.7,254.5,626.6,213.3
12/31/2001,132.7,252.7,611.2,211.3
1/1/2002,133.8,250.8,597.4,209.3
1/2/2002,132.8,249,584.9,207.5
1/3/2002,131.4,247.2,573.5,205.7
1/4/2002,129.9,245.4,563,204
1/5/2002,128.5,243.6,553.3,202.3
1/6/2002,127.7,241.9,544.3,200.7
1/7/2002,126.6,240.1,535.9,199.1
1/8/2002,125.5,238.4,528,197.5
1/9/2002,124.4,236.8,520.5,195.9
1/10/2002,123.4,235.2,529.8,194.4
1/11/2002,122.7,233.7,735.3,192.9
1/12/2002,122,232.4,1883,191.4
1/13/2002,121,230.7,1985,189.9
1/14/2002,120,228.8,1802,188.5
1/15/2002,119,227.1,1572,187.1
1/16/2002,118.1,225.4,1368,185.7
1/17/2002,117.2,223.7,1204,184.3
1/18/2002,116.4,222.1,1076,182.9
1/19/2002,115.5,220.5,976.1,181.5
1/20/2002,114.7,218.9,896,180.1
1/21/2002,113.9,217.4,830.9,178.8
1/22/2002,113.1,215.9,776.9,177.5
1/23/2002,112.3,214.4,731.5,176.2
1/24/2002,111.5,212.9,692.8,174.9
1/25/2002,110.7,211.4,659.6,173.6
1/26/2002,109.9,209.9,630.8,172.3
1/27/2002,109.1,208.5,605.8,171
1/28/2002,108.4,207,583.9,169.8
1/29/2002,107.6,205.6,564.6,168.6
1/30/2002,106.8,204.2,547.6,167.3
1/31/2002,106.1,202.7,532.5,166.1
2/1/2002,105.4,201.3,519,164.9
2/2/2002,104.6,200,506.8,163.7
2/3/2002,103.9,198.6,495.8,162.5
2/4/2002,103.3,197.2,485.8,161.4
2/5/2002,102.6,195.8,476.7,160.2
2/6/2002,101.8,194.5,468.3,159.1
2/7/2002,101.1,193.2,460.5,157.9
2/8/2002,100.4,191.8,453.2,156.8
2/9/2002,99.66,190.5,446.4,155.7
2/10/2002,98.96,189.2,440,154.6
2/11/2002,98.28,187.9,433.9,153.5
2/12/2002,97.61,186.6,428.2,152.4
2/13/2002,96.94,185.4,422.7,151.3
2/14/2002,96.27,184.2,417.5,150.3
2/15/2002,95.63,183.4,412.4,149.2
2/16/2002,95,183.1,407.6,148.1
2/17/2002,94.49,183.3,402.9,147.1
2/18/2002,93.85,182.6,398.3,146.1
2/19/2002,93.36,181.5,393.9,145
2/20/2002,93.5,180.1,389.6,144
2/21/2002,93.32,178.5,385.4,143
2/22/2002,93.12,176.9,381.4,142
2/23/2002,92.49,175.4,377.4,141.1
2/24/2002,91.59,173.8,373.5,140.1
2/25/2002,90.61,172.3,369.7,139.1
2/26/2002,89.83,170.9,366,138.2
2/27/2002,88.98,169.5,362.4,137.5
2/28/2002,88.16,168.2,358.8,136.7
3/1/2002,87.39,166.9,355.3,135.8
3/2/2002,86.66,165.6,351.9,134.8
3/3/2002,85.98,164.4,348.5,133.9
3/4/2002,85.4,163.2,345.2,132.9
3/5/2002,84.83,162,341.9,131.9
3/6/2002,84.3,160.9,338.7,131
3/7/2002,83.9,160,335.6,130
3/8/2002,83.5,159.2,332.5,129.1
3/9/2002,83.14,158.6,329.5,128.2
3/10/2002,82.78,158.2,326.5,127.3
3/11/2002,82.24,157.3,323.6,126.6
3/12/2002,81.86,156.1,320.7,126
3/13/2002,81.45,154.8,318,125.7
3/14/2002,80.95,153.8,315.3,193.9
3/15/2002,80.3,153.2,313.2,288.1
3/16/2002,79.74,152.1,310.5,341.6
3/17/2002,79.33,150.9,307.7,355.1
3/18/2002,79.04,149.7,304.9,346.2
3/19/2002,81.63,148.4,302.2,326
3/20/2002,82.02,147.4,299.5,300.9
3/21/2002,82.01,146.8,296.9,274.7
3/22/2002,81.38,145.8,294.3,249.6
3/23/2002,80.82,144.8,291.7,226.7
3/24/2002,79.96,143.7,289.2,206.5
3/25/2002,79.08,142.5,286.9,189.1
3/26/2002,100.8,141.6,284.9,174.4
3/27/2002,154.2,141,283.4,162.3
3/28/2002,200.8,154.1,283.3,152.2
3/29/2002,243.1,276.9,294.3,156.1
3/30/2002,271.8,610.9,570.3,241.4
3/31/2002,286.2,871.2,580.5,352.8
4/1/2002,272.8,966.9,515.5,440.7
4/2/2002,249.7,896.5,445.8,463.6
4/3/2002,224.3,786.2,391,449.3
4/4/2002,200.2,680.6,352,418.4
4/5/2002,178.5,589.2,324.7,381.7
4/6/2002,163.5,513.3,305.8,343.8
4/7/2002,178,455.4,292.6,355.2
4/8/2002,181.7,439.7,285.3,429.6
4/9/2002,184.6,474.9,285.3,609.3
4/10/2002,195.7,754.9,295.8,865.3
4/11/2002,226.9,826.7,388.9,1097
4/12/2002,260.2,799.8,687.3,1297
4/13/2002,326.6,768.9,822.7,1443
4/14/2002,372.3,872.3,994.7,1548
4/15/2002,472.6,1551,1336,1624
4/16/2002,733.4,1742,1564,1678
4/17/2002,924.4,2079,1810,1738
4/18/2002,1058,2197,2068,1871
4/19/2002,1287,2282,2241,2059
4/20/2002,1798,2473,2375,2306
4/21/2002,2208,2837,2473,3061
4/22/2002,2455,3432,2526,3633
4/23/2002,2448,3590,2485,3632
4/24/2002,2293,3511,2380,3397
4/25/2002,2090,3393,2256,3160
4/26/2002,1896,3207,2122,2929
4/27/2002,1722,2996,1997,2761
4/28/2002,1561,2832,1897,2551
4/29/2002,1449,2938,1873,2358
4/30/2002,1426,3107,1870,2245
5/1/2002,1430,2951,1841,2286
5/2/2002,1486,2729,1817,2478
5/3/2002,1591,2565,1826,2628
5/4/2002,1713,2550,1852,2769
5/5/2002,1847,2601,1905,2916
5/6/2002,1944,2726,2007,3018
5/7/2002,1998,2909,2076,3096
5/8/2002,2034,3113,2125,3161
5/9/2002,2078,3305,2299,3230
5/10/2002,2133,3449,2471,3349
5/11/2002,2194,3572,2615,3526
5/12/2002,2249,3696,2786,3807
5/13/2002,2305,3809,2968,4269
5/14/2002,2336,3902,3262,6074
5/15/2002,2380,3966,3564,8781
5/16/2002,2563,4173,3762,9153
5/17/2002,2587,4322,4041,8179
5/18/2002,2570,4559,4288,7063
5/19/2002,2802,4756,4429,6188
5/20/2002,3206,4945,4441,5584
5/21/2002,3066,5138,4415,5250
5/22/2002,2822,5432,4399,5114
5/23/2002,2628,5627,4431,5074
5/24/2002,2543,5792,4493,5133
5/25/2002,2529,5941,4538,5252
5/26/2002,2541,6083,4584,5415
5/27/2002,2591,6176,4857,5594
5/28/2002,2685,6105,7793,5904
5/29/2002,2810,6051,8124,6442
5/30/2002,2991,6026,11874,6298
5/31/2002,3232,5992,11637,6038
6/1/2002,3552,6000,10553,5952
6/2/2002,3961,6231,9562,6157
6/3/2002,8475,6573,8910,6584
6/4/2002,8922,7016,8485,7096
6/5/2002,8504,7607,8387,7685
6/6/2002,7587,8024,8227,8200
6/7/2002,6769,8395,8085,8653
6/8/2002,6224,8653,8096,9160
6/9/2002,6183,8900,10220,9480
6/10/2002,6516,9223,10519,9758
6/11/2002,6457,9620,10424,10303
6/12/2002,6488,9906,10564,10420
6/13/2002,6620,10128,10710,10431
6/14/2002,6887,10244,10898,10369
6/15/2002,6900,10164,11218,10219
6/16/2002,6695,9814,11479,10017
6/17/2002,6413,9269,11075,9788
6/18/2002,6157,8597,10560,9550
6/19/2002,6014,7965,10257,9296
6/20/2002,5968,7495,10245,9102
6/21/2002,6012,7176,10551,9043
6/22/2002,6130,7038,10750,9154
6/23/2002,6325,7087,10686,9310
6/24/2002,6556,7148,10735,9560
6/25/2002,8441,7234,11571,9702
6/26/2002,8820,8262,11178,9789
6/27/2002,8218,8478,10817,9878
6/28/2002,7444,8506,10532,10025
6/29/2002,6774,8556,10485,10468
6/30/2002,6339,8704,10692,10923
7/1/2002,6081,8964,11068,11062
7/2/2002,6101,9355,11552,11139
7/3/2002,6327,9531,12008,11481
7/4/2002,6530,9597,12201,11458
7/5/2002,6798,9589,12255,11649
7/6/2002,7052,9514,11891,11031
7/7/2002,7348,9464,11816,10313
7/8/2002,7690,9387,11404,9707
7/9/2002,8018,9399,11158,9358
7/10/2002,8241,9416,11100,9474
7/11/2002,8310,9414,11140,10037
7/12/2002,8225,9398,11152,10205
7/13/2002,8186,10262,11178,10141
7/14/2002,8152,10321,11211,9976
7/15/2002,8262,10268,11324,9744
7/16/2002,8429,9961,11210,9604
7/17/2002,8663,9666,11040,9599
7/18/2002,8837,9491,10834,9642
7/19/2002,8916,9091,10541,9693
7/20/2002,8906,8536,10194,9631
7/21/2002,8839,7939,9820,9472
7/22/2002,8695,7384,9411,9301
7/23/2002,8507,6949,9004,9139
7/24/2002,8387,6752,8582,9114
7/25/2002,8372,6742,8671,8951
7/26/2002,8431,7121,8488,8764
7/27/2002,8591,7418,8305,9765
7/28/2002,8430,7707,8410,10163
7/29/2002,8183,7971,8424,9724
7/30/2002,8056,8166,8491,9249
7/31/2002,8099,8391,8892,9011
8/1/2002,8110,8612,11228,9058
8/2/2002,8262,8811,11419,9338
8/3/2002,8392,9096,11137,9758
8/4/2002,8591,9482,10973,10220
8/5/2002,9001,9951,11089,10680
8/6/2002,9844,10297,11408,11088
8/7/2002,10237,10502,12504,11413
8/8/2002,10169,10632,13196,11622
8/9/2002,9975,10616,13112,11732
8/10/2002,9790,10529,12762,11656
8/11/2002,9528,10492,12234,11342
8/12/2002,8954,10023,11377,10672
8/13/2002,8344,9478,10563,9840
8/14/2002,7665,8621,9636,9042
8/15/2002,7102,7916,8830,8424
8/16/2002,6731,7480,8249,7996
8/17/2002,6588,7807,7907,7726
8/18/2002,7362,8434,7738,7645
8/19/2002,7445,11778,7712,7615
8/20/2002,7316,11557,7803,7684
8/21/2002,7235,10526,7897,7852
8/22/2002,7254,9446,10704,8053
8/23/2002,7273,9581,11756,8159
8/24/2002,7364,9051,11039,8232
8/25/2002,7278,8283,10045,8281
8/26/2002,7178,7613,9164,8308
8/27/2002,7089,7101,8508,8305
8/28/2002,7026,6817,8195,8299
8/29/2002,6940,6623,8026,8307
8/30/2002,6776,6497,7752,8369
8/31/2002,6556,6413,7730,8582
9/1/2002,6255,8592,7609,8330
9/2/2002,5880,8756,7356,7804
9/3/2002,5444,7826,6751,7234
9/4/2002,5016,6821,6104,6555
9/5/2002,4656,6044,5548,5782
9/6/2002,4458,5575,5192,5179
9/7/2002,4508,5279,4910,4794
9/8/2002,4275,5135,4734,4599
9/9/2002,4071,5068,4602,4503
9/10/2002,3755,5422,4662,4473
9/11/2002,3420,5492,4703,4477
9/12/2002,3157,5105,4554,4482
9/13/2002,2968,4736,4229,4490
9/14/2002,2876,4221,3828,4501
9/15/2002,2852,3922,3435,4442
9/16/2002,2887,3511,3183,4375
9/17/2002,2828,3251,2935,4445
9/18/2002,2707,2842,2734,4251
9/19/2002,2611,2585,2550,4183
9/20/2002,2608,2286,2480,3990
9/21/2002,2474,2020,2362,3787
9/22/2002,2273,1815,2211,3626
9/23/2002,2069,1640,2074,3434
9/24/2002,1881,1504,1941,3220
9/25/2002,1714,1430,1836,2988
9/26/2002,1573,1323,1743,2755
9/27/2002,1461,1210,1676,2674
9/28/2002,1378,1139,3340,2474
9/29/2002,1335,1072,3230,2281
9/30/2002,1342,2553,2933,2165
10/1/2002,1419,2540,2453,2139
10/2/2002,1507,2190,2100,2167
10/3/2002,1478,1877,1842,2229
10/4/2002,1395,1642,1706,2307
10/5/2002,1472,1481,1661,2369
10/6/2002,1442,1364,1671,2414
10/7/2002,1400,1269,1703,2455
10/8/2002,1358,1197,1803,2500
10/9/2002,1285,1146,2239,3005
10/10/2002,1210,1102,2192,2946
10/11/2002,1157,1055,1993,2640
10/12/2002,1156,1028,1780,2318
10/13/2002,1181,1030,1605,2070
10/14/2002,1181,1086,1490,1896
10/15/2002,1226,1184,1663,1823
10/16/2002,1223,1364,1644,1815
10/17/2002,1173,1468,1553,1831
10/18/2002,1088,1529,1448,1809
10/19/2002,991,1524,1384,1757
10/20/2002,892.6,1496,1538,1691
10/21/2002,801.7,1518,1402,1626
10/22/2002,741.2,1672,1209,2005
10/23/2002,674.2,1553,1034,2106
10/24/2002,623.7,1346,895,1827
10/25/2002,564.3,1146,788.6,1512
10/26/2002,509.8,982.6,723.5,1220
10/27/2002,463.9,855.7,663.6,982.3
10/28/2002,426.4,768,614.8,819
10/29/2002,396.1,821.6,579.6,701.2
10/30/2002,372.2,755.7,553,604.4
10/31/2002,422.7,665.5,546,525.5
11/1/2002,408.4,584.1,549.2,461
11/2/2002,379.1,519,543.5,408.4
11/3/2002,351.3,468.5,533,365.4
11/4/2002,329.2,429.6,519.4,330.3
11/5/2002,312.4,400.1,504.1,301.9
11/6/2002,299.8,377.1,488.5,278.9
11/7/2002,290.1,358.9,473.6,260.7
11/8/2002,282.6,344.2,462.2,245
11/9/2002,279.8,332.2,463.2,232
11/10/2002,274.8,322.4,478.3,221.3
11/11/2002,269.6,314.2,484.2,212.5
11/12/2002,264.7,309.3,479.3,219.8
11/13/2002,260.2,304.6,469.3,247.2
11/14/2002,256.2,298.6,456.4,239.4
11/15/2002,252.7,292.6,442.9,223.7
11/16/2002,250,287.1,429.7,209
11/17/2002,247.5,282.1,417.4,197.4
11/18/2002,245,277.7,406.4,188.6
11/19/2002,242.4,273.7,396.5,182.1
11/20/2002,239.8,270,387.8,177.3
11/21/2002,237.3,266.7,380.3,173.7
11/22/2002,234.9,263.6,374.1,171
11/23/2002,232.8,260.6,370.7,168.6
11/24/2002,230.6,257.8,367.3,166.4
11/25/2002,228.3,255.1,362.8,165.1
11/26/2002,226.2,254.6,358,166.1
11/27/2002,224.1,253.4,353.3,164.3
11/28/2002,222,252.7,349.7,161.8
11/29/2002,219.9,251.3,346.6,159.4
11/30/2002,217.9,248.9,342.7,157.3
12/1/2002,215.9,246.3,338.5,155.4
12/2/2002,214,243.7,334.5,153.6
12/3/2002,212.1,241.1,330.7,152.1
12/4/2002,210.2,238.5,327.1,150.6
12/5/2002,208.4,235.8,323.7,149.3
12/6/2002,206.6,233.2,320.5,148
12/7/2002,204.9,230.7,317.5,146.7
12/8/2002,203.2,228.4,314.6,145.5
12/9/2002,201.5,226.3,314.3,144.4
12/10/2002,199.9,224.9,313.7,143.2
12/11/2002,198.2,224.6,311.7,143.1
12/12/2002,196.6,223.8,309.6,142.7
12/13/2002,195.1,223.3,306.8,141.9
12/14/2002,193.5,221.8,303.8,140.9
12/15/2002,192,219.7,300.8,139.7
12/16/2002,190.6,217.3,298.1,138.5
12/17/2002,191,214.8,295.7,137.3
12/18/2002,189.6,212.4,293.2,136.1
12/19/2002,187.9,210,290.6,134.9
12/20/2002,186,207.8,288,133.7
12/21/2002,184.4,205.6,285.4,132.6
12/22/2002,183.3,203.5,282.9,131.5
12/23/2002,181.7,201.5,280.5,130.5
12/24/2002,180.1,199.6,278.2,129.4
12/25/2002,178.5,197.8,275.9,128.4
12/26/2002,176.9,196.1,273.6,127.4
12/27/2002,175.4,194.4,271.4,126.5
12/28/2002,174,192.8,269.3,125.5
12/29/2002,172.6,191.2,267.2,124.6
12/30/2002,171.3,189.6,265.2,123.7
12/31/2002,169.9,188,263.4,122.8
1/1/2003,168.6,186.5,261.6,121.9
1/2/2003,167.3,185.1,259.7,121
1/3/2003,166.1,183.6,257.8,120.2
1/4/2003,165,182.2,255.9,119.3
1/5/2003,163.8,180.8,253.9,118.5
1/6/2003,162.5,179.4,252,117.6
1/7/2003,161.2,178,250.2,116.8
1/8/2003,160,176.7,248.3,116
1/9/2003,158.9,175.3,246.5,115.2
1/10/2003,157.7,174,244.7,114.4
1/11/2003,156.5,172.7,242.9,113.6
1/12/2003,155.4,171.5,241.2,112.8
1/13/2003,154.2,171.3,239.4,112
1/14/2003,153.1,170.1,237.7,111.2
1/15/2003,152,168.5,236,110.4
1/16/2003,150.9,167,234.3,109.6
1/17/2003,149.8,166.2,232.6,108.9
1/18/2003,148.7,165.4,231,108.1
1/19/2003,147.7,164.2,229.4,107.4
1/20/2003,147.2,162.7,228,106.8
1/21/2003,146.3,161.3,226.6,106.1
1/22/2003,145.1,161.8,225.3,105.4
1/23/2003,143.9,162.7,224,104.8
1/24/2003,142.8,161.5,222.6,104.1
1/25/2003,141.7,159.6,221.4,103.4
1/26/2003,140.6,157.8,220.1,102.8
1/27/2003,139.6,156,218.6,104.1
1/28/2003,138.6,154.4,217,103.7
1/29/2003,137.6,152.9,216.1,102.6
1/30/2003,136.6,151.5,214.5,101.3
1/31/2003,135.6,150.2,212.7,100.2
2/1/2003,134.7,149,210.9,99.18
2/2/2003,133.7,147.8,209.2,98.26
2/3/2003,133.2,146.6,207.5,97.41
2/4/2003,132.7,145.5,205.9,96.62
2/5/2003,131.7,144.4,204.4,95.91
2/6/2003,130.6,143.3,203,95.18
2/7/2003,129.8,142.2,201.5,94.47
2/8/2003,128.8,141.2,200.1,93.82
2/9/2003,127.7,140.2,198.6,93.25
2/10/2003,126.7,139.2,197.2,92.67
2/11/2003,125.8,138.2,195.8,91.99
2/12/2003,124.8,137.2,194.4,91.3
2/13/2003,124,136.3,193,90.61
2/14/2003,123.6,136.1,192.4,89.95
2/15/2003,122.7,138.5,194.3,89.31
2/16/2003,121.7,141.5,195.7,88.69
2/17/2003,120.8,139.7,193.4,88.07
2/18/2003,119.8,137,190.7,87.48
2/19/2003,119,134.4,188.1,86.92
2/20/2003,118.1,132.3,185.7,86.69
2/21/2003,117.3,130.5,183.7,86.29
2/22/2003,116.4,129.1,182,85.77
2/23/2003,115.7,127.8,180.5,85.18
2/24/2003,114.9,126.7,179.5,84.6
2/25/2003,114.1,126,178.8,84.33
2/26/2003,114.9,126.7,178.8,83.97
2/27/2003,115,141.8,179,83.44
2/28/2003,114.2,140.7,178.8,82.82
3/1/2003,113.1,138.9,177.2,82.16
3/2/2003,112,137.1,175.2,81.49
3/3/2003,110.9,135.3,173.3,80.82
3/4/2003,109.9,133.6,171.5,80.16
3/5/2003,109,132.1,170.5,79.79
3/6/2003,108.1,131.4,169.9,79.89
3/7/2003,107.3,130.4,169.4,79.8
3/8/2003,106.4,129.1,168.7,79.43
3/9/2003,105.7,127.8,168.8,78.99
3/10/2003,105.1,126.9,168.3,79.02
3/11/2003,104.9,125.9,167.5,79.4
3/12/2003,104.7,124.7,166.4,79.74
3/13/2003,104.3,123.6,165.5,80.07
3/14/2003,103.8,123,165.2,80.26
3/15/2003,103.1,123.3,183,80.46
3/16/2003,102.3,174.7,196.7,145.5
3/17/2003,101.4,343.3,240.3,263
3/18/2003,100.7,492.4,315.7,382.7
3/19/2003,100.2,796.7,370.6,516.1
3/20/2003,100,1252,393.9,729.7
3/21/2003,99.82,1199,408.2,800.5
3/22/2003,99.58,1035,471.5,798.3
3/23/2003,99.58,868.6,557.2,752.7
3/24/2003,99.45,743.5,693.1,820.9
3/25/2003,99.12,1046,795.3,761.6
3/26/2003,99.71,967.4,824.9,668.5
3/27/2003,100.7,820.1,812,574.8
3/28/2003,101.5,683.6,763.8,491.3
3/29/2003,104.3,576.1,702.4,420.9
3/30/2003,103.3,495.9,634.6,362.6
3/31/2003,100.9,436.9,567.5,315
4/1/2003,98.41,393.1,504.8,278.4
4/2/2003,96.14,360,448.4,250
4/3/2003,94.18,334.8,399.3,225.7
4/4/2003,92.5,315,358.3,204.9
4/5/2003,97.21,299.4,336.5,187.4
4/6/2003,206,322.3,378.7,209.9
4/7/2003,340.3,496.2,704.4,336.3
4/8/2003,452,720.8,1122,721
4/9/2003,527.9,1068,1571,1334
4/10/2003,561.1,1646,1841,2001
4/11/2003,561.3,2467,1977,2454
4/12/2003,540.6,3026,2028,2715
4/13/2003,538.4,3378,2033,2796
4/14/2003,562.9,3295,2014,2759
4/15/2003,574.1,3058,2050,2651
4/16/2003,553.1,2794,2232,2501
4/17/2003,522.3,2541,2213,2335
4/18/2003,504.6,2767,2153,2161
4/19/2003,498.6,3086,2088,1993
4/20/2003,459.8,3491,1952,1843
4/21/2003,438.4,3506,1827,1737
4/22/2003,447.5,3170,1758,1671
4/23/2003,523.1,2792,1739,1629
4/24/2003,722.3,2470,1779,1612
4/25/2003,1085,2250,1995,1647
4/26/2003,1129,2147,2523,1709
4/27/2003,1110,2230,3598,1790
4/28/2003,1113,2439,3574,1864
4/29/2003,1360,2929,3369,2026
4/30/2003,1283,2890,2979,1946
5/1/2003,1133,2708,2526,1781
5/2/2003,978.6,2488,2123,1590
5/3/2003,842,2271,1792,1402
5/4/2003,727.7,2072,1535,1242
5/5/2003,636.3,1899,1357,1108
5/6/2003,579.2,1752,1293,1026
5/7/2003,575.3,1766,1352,1038
5/8/2003,784,1962,1490,1169
5/9/2003,938.3,2136,1644,1364
5/10/2003,1050,2423,1814,1593
5/11/2003,1111,2848,2011,1748
5/12/2003,1130,3254,2163,1857
5/13/2003,1144,3586,2233,1930
5/14/2003,1218,3801,2227,2029
5/15/2003,1304,3881,2204,2167
5/16/2003,1383,3937,2217,2332
5/17/2003,1462,3917,2264,2486
5/18/2003,1542,3914,2261,2540
5/19/2003,1632,3970,2565,2564
5/20/2003,1725,4086,2417,2631
5/21/2003,1849,4261,3115,2747
5/22/2003,1991,4712,3614,2917
5/23/2003,2057,5108,3315,3136
5/24/2003,2060,5309,2924,3269
5/25/2003,2018,5768,2630,3320
5/26/2003,1957,5427,2501,3348
5/27/2003,1934,4951,2529,3533
5/28/2003,2002,4581,2701,3762
5/29/2003,2123,4389,3090,3817
5/30/2003,2478,4524,3579,3613
5/31/2003,5164,5288,4469,3614
6/1/2003,6438,6415,5285,6361
6/2/2003,6842,7980,6171,7087
6/3/2003,6759,9520,6901,7009
6/4/2003,6453,10770,7463,6869
6/5/2003,6177,11693,7866,6913
6/6/2003,5978,12430,8254,7098
6/7/2003,5798,13049,8333,7270
6/8/2003,5902,17309,8611,7373
6/9/2003,5786,24679,8298,7435
6/10/2003,5584,27937,7868,7481
6/11/2003,5361,28914,7513,7412
6/12/2003,5223,26321,7132,7321
6/13/2003,5099,22881,6655,7314
6/14/2003,5112,19666,6280,7382
6/15/2003,5243,17809,5935,7520
6/16/2003,5486,19274,5735,7784
6/17/2003,5785,17812,5796,8102
6/18/2003,7448,15661,5884,8434
6/19/2003,7477,13712,6350,8593
6/20/2003,7037,12266,6551,8648
6/21/2003,6558,11292,6698,8600
6/22/2003,6265,10985,6740,8563
6/23/2003,6196,13154,7003,8581
6/24/2003,6236,16141,7258,8716
6/25/2003,6349,16636,7667,9009
6/26/2003,6534,16390,7960,9347
6/27/2003,6687,15974,8346,9956
6/28/2003,6770,15571,8806,10381
6/29/2003,6838,15265,8995,10110
6/30/2003,6901,15247,8986,9696
7/1/2003,7083,16999,9043,9316
7/2/2003,7304,17095,9062,9060
7/3/2003,7525,16417,9111,8870
7/4/2003,7713,15966,9091,8607
7/5/2003,7922,15033,8994,8351
7/6/2003,8022,14148,8801,8110
7/7/2003,8110,15546,8592,7926
7/8/2003,8183,15612,8439,7818
7/9/2003,8204,14674,8280,10394
7/10/2003,8131,13544,8136,10307
7/11/2003,8079,12356,8041,8985
7/12/2003,8090,11363,7984,7602
7/13/2003,8145,10523,7957,6539
7/14/2003,8270,13292,8061,5990
7/15/2003,8488,13936,8093,5968
7/16/2003,8770,13569,8145,6293
7/17/2003,9134,13058,8178,6853
7/18/2003,9464,12870,8334,7496
7/19/2003,9793,12984,8699,7918
7/20/2003,10053,13566,9179,8398
7/21/2003,13216,14433,9675,8821
7/22/2003,13653,15148,10201,10347
7/23/2003,13183,16193,10971,11536
7/24/2003,12558,16953,11501,11190
7/25/2003,11943,17436,11840,10518
7/26/2003,11324,17525,11897,9923
7/27/2003,10858,17428,11819,9463
7/28/2003,11081,17265,11700,9169
7/29/2003,10777,17169,14278,9078
7/30/2003,10441,17095,14078,9075
7/31/2003,10122,16997,13117,10387
8/1/2003,9851,16728,12076,10149
8/2/2003,9555,16847,11158,9430
8/3/2003,9257,16639,10373,8797
8/4/2003,10127,15620,9813,8233
8/5/2003,10388,14562,9539,7874
8/6/2003,9857,13707,9436,7742
8/7/2003,9255,13099,9466,7995
8/8/2003,8668,13266,9490,7837
8/9/2003,8157,12678,9436,7559
8/10/2003,7753,12160,9334,7303
8/11/2003,7597,11707,9196,7094
8/12/2003,7420,11070,9128,6914
8/13/2003,7125,10500,9033,6787
8/14/2003,8970,10268,8784,6683
8/15/2003,8804,10035,8959,6614
8/16/2003,8178,9858,12999,6588
8/17/2003,7675,9780,15014,6549
8/18/2003,7304,9606,13484,6460
8/19/2003,6922,9285,10949,6324
8/20/2003,6374,8872,8632,6080
8/21/2003,5784,8501,6846,5783
8/22/2003,5351,8223,5577,5399
8/23/2003,5105,8065,4731,5109
8/24/2003,5044,8023,4340,5143
8/25/2003,5122,8081,5802,4890
8/26/2003,5314,8246,7278,4651
8/27/2003,5563,8374,7716,4560
8/28/2003,5945,8643,7366,4681
8/29/2003,6288,9092,7016,5026
8/30/2003,6967,9267,6934,5526
8/31/2003,7122,9372,7102,6054
9/1/2003,6786,9416,7188,6473
9/2/2003,6358,9380,7179,6735
9/3/2003,5959,9230,7053,6991
9/4/2003,5642,8934,6848,6759
9/5/2003,5398,8586,6583,6374
9/6/2003,5301,8241,6294,5957
9/7/2003,4926,7976,6051,6374
9/8/2003,4569,7768,5877,6136
9/9/2003,4194,7661,5722,5547
9/10/2003,3884,7570,5644,5017
9/11/2003,3657,7559,5633,4600
9/12/2003,3467,8555,5632,4279
9/13/2003,3308,8356,5590,4084
9/14/2003,3230,12252,5504,3884
9/15/2003,3168,11706,5405,3736
9/16/2003,3139,10007,5254,3626
9/17/2003,3186,8431,5092,3686
9/18/2003,3945,7289,5612,3666
9/19/2003,3921,6606,7136,3650
9/20/2003,3708,6383,7119,3737
9/21/2003,3537,5962,6618,3709
9/22/2003,3406,5580,6016,3618
9/23/2003,3322,5287,5488,3481
9/24/2003,3243,5043,5024,3330
9/25/2003,3019,6378,4567,3155
9/26/2003,2726,6062,4247,2895
9/27/2003,2416,5324,3760,2539
9/28/2003,2116,4606,3276,2184
9/29/2003,1845,4219,2867,1873
9/30/2003,1616,3785,2534,1784
10/1/2003,1443,3435,2302,1615
10/2/2003,1600,3448,2154,1491
10/3/2003,1551,3224,2065,2052
10/4/2003,1394,2980,2002,2172
10/5/2003,1227,2792,1919,1978
10/6/2003,1082,2602,1819,1685
10/7/2003,978.3,2446,1721,1416
10/8/2003,894.1,2320,1619,1186
10/9/2003,848.9,2231,1691,1011
10/10/2003,784.6,2184,1638,952.3
10/11/2003,747.3,2172,1566,943.1
10/12/2003,688.8,2191,1520,950.1
10/13/2003,630.8,2230,1969,929.7
10/14/2003,581.4,2276,2112,886
10/15/2003,550.6,2318,2026,832.9
10/16/2003,516.3,2382,1842,795.7
10/17/2003,484.8,2430,1676,776.8
10/18/2003,458.3,2404,1553,776
10/19/2003,436.6,2344,1462,781.4
10/20/2003,418.9,2263,1627,772.9
10/21/2003,403.9,2175,1709,720
10/22/2003,391.2,2099,1556,652.7
10/23/2003,381.2,2147,1357,585.9
10/24/2003,372.6,2089,1183,523.8
10/25/2003,364.2,1988,1054,468.9
10/26/2003,356.6,1892,979.5,500.3
10/27/2003,350.1,1821,942.9,460.2
10/28/2003,344.4,1757,931.2,406.5
10/29/2003,375.9,1702,927.6,358.3
10/30/2003,371,1658,911,319.8
10/31/2003,357,1621,886.3,290.3
11/1/2003,343.8,1598,953.1,267.9
11/2/2003,400.6,1635,908.2,250.8
11/3/2003,720.5,1726,835.6,238
11/4/2003,847,1715,767.5,391.8
11/5/2003,751.4,1662,709.1,407.8
11/6/2003,622.1,1616,670.3,374.3
11/7/2003,514.6,1595,646.8,333.7
11/8/2003,437.7,1561,622.2,298.6
11/9/2003,386.2,1518,597.3,271.3
11/10/2003,352,1476,573.6,251
11/11/2003,329.1,1445,552.2,240.8
11/12/2003,313.7,1474,532.8,535.2
11/13/2003,302.8,1651,515.4,677.4
11/14/2003,294.7,1879,500.1,629.2
11/15/2003,288.1,1913,633.1,534
11/16/2003,282.6,1835,709.4,511.2
11/17/2003,277.8,1703,1161,542.8
11/18/2003,273.5,1576,1245,534.2
11/19/2003,269.6,1471,1117,490.7
11/20/2003,266,1570,957.7,440.8
11/21/2003,262.8,1505,895,394.4
11/22/2003,259.7,1404,790.3,354.1
11/23/2003,256.8,1313,694.3,331.7
11/24/2003,254.1,1240,618.7,381.3
11/25/2003,251.5,1192,561.8,495.3
11/26/2003,249,1150,519.5,611.2
11/27/2003,246.5,1116,487.4,581.2
11/28/2003,244.2,1088,462.8,512.9
11/29/2003,242.2,1065,443.4,444.5
11/30/2003,240,1046,427.8,385.3
12/1/2003,237.8,1029,415.1,337.1
12/2/2003,235.6,1016,404.4,298.5
12/3/2003,233.5,1007,395.3,267.8
12/4/2003,231.4,998.3,387.6,243.2
12/5/2003,229.4,986.4,380.9,223.3
12/6/2003,227.4,974.4,376.2,207.3
12/7/2003,225.5,963,371.8,194.2
12/8/2003,223.8,952.5,366.9,183.6
12/9/2003,222.4,942.8,362.1,175
12/10/2003,221.1,933.9,358.3,168.1
12/11/2003,219.6,925.3,355.5,162.4
12/12/2003,217.8,916.9,351.9,157.7
12/13/2003,215.8,908.5,348,153.6
12/14/2003,213.8,900.3,343.9,150.1
12/15/2003,212.4,892.3,340.1,147.1
12/16/2003,211.2,884.5,336.4,144.4
12/17/2003,209.2,877,333,142.1
12/18/2003,207.1,869.5,329.7,140.1
12/19/2003,205.1,862.3,326.6,138.3
12/20/2003,203.2,855.1,323.6,136.6
12/21/2003,201.4,848.1,320.8,135.1
12/22/2003,199.7,841.2,318.1,133.7
12/23/2003,198.1,834.4,315.3,132.4
12/24/2003,196.5,827.8,312.5,131.2
12/25/2003,194.9,821.3,310.8,130.1
12/26/2003,193.5,814.7,308.2,129
12/27/2003,192.2,808.3,305.4,127.9
12/28/2003,190.8,801.9,302.7,126.9
12/29/2003,189.2,795.6,300.1,125.9
12/30/2003,187.7,789.3,298.6,124.9
12/31/2003,186.2,783.2,296.5,123.9
1/1/2004,184.7,777.1,293.9,123
1/2/2004,183.3,771.1,291.3,122.1
1/3/2004,181.9,765.2,288.8,121.1
1/4/2004,180.5,759.3,286.3,120.2
1/5/2004,179.1,753.8,283.9,119.4
1/6/2004,177.8,748.2,281.5,118.5
1/7/2004,176.5,742.5,279.3,117.6
1/8/2004,175.2,736.9,278.1,116.8
1/9/2004,173.9,731.3,324.6,115.9
1/10/2004,172.6,725.7,323.5,115.1
1/11/2004,171.3,720.2,309.9,114.3
1/12/2004,170.1,761.2,296,113.4
1/13/2004,168.8,801.5,453.9,112.6
1/14/2004,167.7,813.2,469.1,111.8
1/15/2004,166.5,809.3,440.4,111
1/16/2004,165.4,797.3,404.4,110.2
1/17/2004,164.5,781.5,386.5,109.4
1/18/2004,163.4,764.4,366.1,108.7
1/19/2004,162.6,747.5,346.7,107.9
1/20/2004,161.2,731.4,329.2,107.1
1/21/2004,159.8,716.6,313.8,106.4
1/22/2004,158.5,703.1,300.6,105.6
1/23/2004,157.2,690.9,289.2,104.9
1/24/2004,156,679.9,279.4,104.1
1/25/2004,154.8,670.1,271.1,103.4
1/26/2004,153.7,661.3,263.9,102.7
1/27/2004,152.6,653.3,257.8,102.5
1/28/2004,151.5,645.9,252.5,102
1/29/2004,150.4,639.1,247.8,101.3
1/30/2004,149.3,632.8,243.8,100.5
1/31/2004,148.2,626.9,240.3,99.74
2/1/2004,147.2,621.3,237.1,98.97
2/2/2004,146.2,616,234.3,98.2
2/3/2004,145.6,611,231.7,97.45
2/4/2004,144.6,606.1,229.4,96.72
2/5/2004,143.4,601.4,227.2,96
2/6/2004,142.4,596.8,225.2,96.07
2/7/2004,141.4,592.4,223.3,96.28
2/8/2004,140.4,588.1,221.7,96.24
2/9/2004,139.5,583.9,221.3,100.4
2/10/2004,138.5,579.6,220.7,109.5
2/11/2004,137.4,575.4,282,133.4
2/12/2004,136.4,571.3,414.3,168.4
2/13/2004,135.4,567.2,421.6,184
2/14/2004,134.5,563.2,391.9,200.3
2/15/2004,133.5,559.2,356.5,238.9
2/16/2004,132.6,555.3,326.1,236.3
2/17/2004,131.8,551.4,300.9,221.2
2/18/2004,130.9,547.5,280.7,266.9
2/19/2004,130,543.7,264.6,263.5
2/20/2004,129.1,539.9,692.3,243.3
2/21/2004,128.2,536.2,2357,219.6
2/22/2004,127.3,532.5,2536,223.4
2/23/2004,126.4,528.8,2284,270.8
2/24/2004,125.6,525.2,1951,275.3
2/25/2004,124.8,521.6,1650,272.2
2/26/2004,124.1,518.5,1403,296.5
2/27/2004,123.3,515.1,1208,392.9
2/28/2004,122.5,511.6,1053,404.8
2/29/2004,121.7,508.1,929.2,389.7
3/1/2004,120.8,504.5,827.4,362.4
3/2/2004,119.9,501,743.1,330.6
3/3/2004,119.1,497.4,672.5,298.7
3/4/2004,118.6,494,612.9,268.7
3/5/2004,121.6,490.6,562.7,243.9
3/6/2004,1526,487.4,759.6,472.7
3/7/2004,3005,484.7,1379,601.8
3/8/2004,2987,552.4,1929,722.5
3/9/2004,2587,583,2406,771.2
3/10/2004,2154,591.3,2706,894.6
3/11/2004,1787,586.7,2856,1322
3/12/2004,1497,575.3,2994,1310
3/13/2004,1272,560.5,3278,1185
3/14/2004,1105,544.6,3115,1039
3/15/2004,1026,529.1,2826,906.9
3/16/2004,1061,515.1,2526,793.3
3/17/2004,1055,502.6,2257,696.9
3/18/2004,1016,491.4,2049,648.2
3/19/2004,948.2,481.3,1887,590.8
3/20/2004,866.6,472.2,1741,532.6
3/21/2004,789.5,463.9,1598,480.1
3/22/2004,721.2,456.7,1462,434.8
3/23/2004,650.5,450.4,1336,398.5
3/24/2004,585.4,444.7,1225,376.6
3/25/2004,525.1,440.3,1189,365.7
3/26/2004,474.6,436.3,1294,375
3/27/2004,438.3,433.4,1620,406.1
3/28/2004,428.7,490.4,1978,495.6
3/29/2004,476,692.8,2162,760.5
3/30/2004,498.7,1023,2214,994.5
3/31/2004,492,1114,2179,1157
4/1/2004,470.9,1126,2083,1237
4/2/2004,491.1,1115,1944,1253
4/3/2004,706.1,1237,1807,1287
4/4/2004,887.2,1773,1692,1342
4/5/2004,961.7,2265,1604,1408
4/6/2004,959.3,2709,1513,1445
4/7/2004,914.3,2986,1403,1461
4/8/2004,977.4,3047,1280,1461
4/9/2004,965.5,3211,1165,1515
4/10/2004,902,3106,1072,1394
4/11/2004,822.8,2876,997.5,1278
4/12/2004,747.8,2623,931,1232
4/13/2004,714.1,2399,1336,1233
4/14/2004,675.9,2206,1329,1416
4/15/2004,665,2100,1216,2071
4/16/2004,696.1,2233,1142,2148
4/17/2004,718.8,2879,1147,2252
4/18/2004,704.3,3737,1206,2699
4/19/2004,663.7,4175,1263,2624
4/20/2004,672.7,4309,1247,2459
4/21/2004,658.8,4367,1204,2269
4/22/2004,599.6,4583,1258,2104
4/23/2004,599,5453,1453,2085
4/24/2004,678,6066,1775,2135
4/25/2004,826.6,6585,2556,2235
4/26/2004,1030,7041,3136,2306
4/27/2004,1161,7124,3426,2308
4/28/2004,1150,6705,3143,2259
4/29/2004,1102,6182,2737,2140
4/30/2004,1048,5744,2360,1995
5/1/2004,1005,6370,2072,1858
5/2/2004,1022,6396,1898,1778
5/3/2004,1085,5776,1794,1801
5/4/2004,1177,5167,1770,1989
5/5/2004,1300,4731,1859,2198
5/6/2004,1425,4485,2064,2432
5/7/2004,1781,4437,2431,2708
5/8/2004,1989,4513,2925,2971
5/9/2004,1997,4683,3408,3215
5/10/2004,2066,5022,4911,3483
5/11/2004,2030,5628,6405,3768
5/12/2004,2004,6333,6898,4098
5/13/2004,2000,6835,7889,4397
5/14/2004,2029,7283,10495,4547
5/15/2004,2127,7541,10227,4668
5/16/2004,2342,7805,9172,4818
5/17/2004,2548,8740,8362,5016
5/18/2004,3105,10231,7933,5274
5/19/2004,5668,10266,7761,5605
5/20/2004,6364,9964,7783,6001
5/21/2004,5975,9660,8041,6247
5/22/2004,5277,9542,9244,6395
5/23/2004,4620,9460,12744,6453
5/24/2004,4102,9928,13605,6495
5/25/2004,3737,12956,13362,6491
5/26/2004,3546,13185,12385,6509
5/27/2004,3434,12361,11248,6564
5/28/2004,3357,11465,10386,6564
5/29/2004,3225,11957,9726,6527
5/30/2004,3138,12151,10287,6572
5/31/2004,3153,11359,10296,6722
6/1/2004,3059,10619,10026,6911
6/2/2004,3046,11270,9632,7167
6/3/2004,3056,12542,9377,7463
6/4/2004,3154,12300,9435,7734
6/5/2004,3325,11947,9768,8808
6/6/2004,3476,12386,9765,8984
6/7/2004,3595,14690,10937,8784
6/8/2004,3724,18644,11611,8446
6/9/2004,3900,18459,13116,7997
6/10/2004,4063,16885,12993,8311
6/11/2004,4297,15303,12433,7737
6/12/2004,4574,14028,11891,6959
6/13/2004,4902,12713,11451,6409
6/14/2004,5391,11786,11165,6111
6/15/2004,5886,11572,11067,6024
6/16/2004,6391,11183,11145,6335
6/17/2004,6940,10840,11106,6705
6/18/2004,7414,10659,11134,7142
6/19/2004,7813,10287,11192,7576
6/20/2004,8022,10000,11293,7974
6/21/2004,8297,9685,11333,8313
6/22/2004,8015,9538,11338,8529
6/23/2004,7477,9483,11330,8579
6/24/2004,6918,9791,11244,8615
6/25/2004,6593,10994,11198,8580
6/26/2004,6514,11247,11195,8628
6/27/2004,6504,11503,11200,8867
6/28/2004,6675,11109,13580,9297
6/29/2004,6834,10906,13664,9587
6/30/2004,6981,10785,12922,9628
7/1/2004,7154,10810,12379,9683
7/2/2004,7369,10766,11621,9929
7/3/2004,7556,10748,10769,9910
7/4/2004,7799,10775,10067,10046
7/5/2004,8164,10863,9691,10238
7/6/2004,8638,10968,9586,10179
7/7/2004,10178,11126,9674,10436
7/8/2004,10533,11411,9876,10395
7/9/2004,10112,11530,10442,10302
7/10/2004,10081,11557,10543,10205
7/11/2004,9563,11544,11120,10091
7/12/2004,8821,11504,10914,9981
7/13/2004,8164,11373,10535,9840
7/14/2004,7724,11245,10098,9703
7/15/2004,7442,10978,9763,9465
7/16/2004,7289,10672,9786,9255
7/17/2004,7208,10371,9433,9011
7/18/2004,7230,10129,9136,8853
7/19/2004,7370,9995,8973,8986
7/20/2004,9287,9979,8935,8924
7/21/2004,9013,9933,8970,8855
7/22/2004,8104,9818,9041,8791
7/23/2004,7242,10326,9134,8778
7/24/2004,6659,10301,9264,8794
7/25/2004,6447,9961,9573,8832
7/26/2004,6647,9730,9698,8918
7/27/2004,6998,9505,9666,8978
7/28/2004,7337,9126,9537,8935
7/29/2004,7606,9040,9365,8742
7/30/2004,7865,9400,9406,8586
7/31/2004,7838,9490,9123,8315
8/1/2004,7708,9219,9984,8075
8/2/2004,10175,8820,9914,7942
8/3/2004,10011,8544,9515,7959
8/4/2004,9291,8454,9135,8107
8/5/2004,8655,8532,8904,8372
8/6/2004,8264,8671,8839,8718
8/7/2004,8110,8837,8891,9281
8/8/2004,8091,8985,8994,9719
8/9/2004,8051,10681,9060,9914
8/10/2004,7887,10947,9105,10013
8/11/2004,10203,10422,10789,9885
8/12/2004,10271,9596,10642,9730
8/13/2004,9967,8946,10123,10626
8/14/2004,9300,8627,9739,10572
8/15/2004,8644,8518,9472,10070
8/16/2004,8114,8458,9224,9515
8/17/2004,7676,8275,8999,8998
8/18/2004,7263,7933,8695,8494
8/19/2004,6890,7545,8366,8052
8/20/2004,6610,7207,8147,7645
8/21/2004,6422,6880,8282,7413
8/22/2004,7173,6747,8271,7331
8/23/2004,8406,6819,8279,7422
8/24/2004,8072,6509,8472,7374
8/25/2004,7362,5995,8428,7347
8/26/2004,6655,5563,8328,7345
8/27/2004,6123,5289,8231,7379
8/28/2004,5676,5209,8491,7449
8/29/2004,5330,5273,9940,7512
8/30/2004,5057,5380,10667,7595
8/31/2004,4817,5465,10239,7430
9/1/2004,4641,5571,10126,6899
9/2/2004,4558,5735,9412,6383
9/3/2004,4558,5906,8705,5958
9/4/2004,4472,5991,8194,5800
9/5/2004,4396,6105,7769,6694
9/6/2004,4376,6225,7515,6928
9/7/2004,4438,6566,7353,6602
9/8/2004,4860,6694,7301,6202
9/9/2004,4925,6709,7271,5917
9/10/2004,4937,6667,7352,5783
9/11/2004,4972,6617,7815,6268
9/12/2004,5068,6594,7758,6266
9/13/2004,5194,6609,7692,6136
9/14/2004,5269,6607,7359,6013
9/15/2004,5169,7200,6966,7014
9/16/2004,4970,6934,6589,6846
9/17/2004,4777,6479,6274,6319
9/18/2004,4742,6018,6032,5577
9/19/2004,4492,5588,7195,4881
9/20/2004,4124,5201,6771,4291
9/21/2004,3713,4847,5973,3819
9/22/2004,3317,4541,5205,3383
9/23/2004,2971,4156,4525,2996
9/24/2004,2701,3819,3962,2674
9/25/2004,2533,3553,3690,2386
9/26/2004,2468,3372,3368,2205
9/27/2004,2499,3287,3111,2094
9/28/2004,2613,3290,2935,2070
9/29/2004,2916,3331,2807,2081
9/30/2004,2795,3392,2713,2065
10/1/2004,2514,3306,2611,2009
10/2/2004,2220,3172,2512,1917
10/3/2004,1963,3224,2432,1869
10/4/2004,1820,3052,2372,1770
10/5/2004,1657,2773,2324,1667
10/6/2004,1503,2581,3030,1728
10/7/2004,1361,2307,3283,1695
10/8/2004,1238,2039,3217,1511
10/9/2004,1124,1806,2804,1288
10/10/2004,1027,1624,2371,1083
10/11/2004,955.4,1508,2009,914.5
10/12/2004,878.2,1442,1742,789.9
10/13/2004,1309,1425,1543,808.7
10/14/2004,1486,1789,1423,910.5
10/15/2004,1330,2819,1374,869.9
10/16/2004,1123,3167,1381,786.8
10/17/2004,947.4,2772,1419,727
10/18/2004,806.9,2285,1455,735.7
10/19/2004,700.3,1854,1459,708.6
10/20/2004,620,1527,1480,646.3
10/21/2004,559,1292,1410,577.2
10/22/2004,511.8,1125,1317,512.8
10/23/2004,474.8,1006,1212,459.2
10/24/2004,445.2,919.1,1111,412.5
10/25/2004,421.1,854.1,1020,372.4
10/26/2004,401.4,804.5,942.3,338.4
10/27/2004,385,764.5,875.1,310
10/28/2004,371.6,731.6,818.1,286.2
10/29/2004,360.4,704.5,770.2,267.9
10/30/2004,351.6,682,729.9,253.1
10/31/2004,343.5,663.3,700.2,240.1
11/1/2004,336.2,647.4,681.4,233.8
11/2/2004,329.5,633.8,673.6,225.2
11/3/2004,323.5,622.1,665.2,216.7
11/4/2004,318,611.7,652,208.9
11/5/2004,313.1,602.4,636.4,201.9
11/6/2004,308.7,593.8,620.1,196
11/7/2004,304.7,585.8,610.2,191.1
11/8/2004,301,578.5,619.7,186.8
11/9/2004,297.5,571.6,664,183.2
11/10/2004,294.2,565.2,768.4,248.6
11/11/2004,291,559.1,757.3,367.7
11/12/2004,287.9,553.3,714.8,437.6
11/13/2004,284.9,548.5,749.2,464.3
11/14/2004,281.8,543.5,710.4,461.6
11/15/2004,279.1,538.7,658.8,450.8
11/16/2004,276.3,533.9,613.3,425.6
11/17/2004,273.6,529.3,578,394.4
11/18/2004,271.2,524.9,634.7,394.2
11/19/2004,268.7,520.9,764.7,481.7
11/20/2004,266.1,555.5,1303,712.4
11/21/2004,263.4,599.7,2209,1164
11/22/2004,260.8,624.2,2368,1666
11/23/2004,258.2,627.6,2045,1778
11/24/2004,255.6,619.2,1662,1712
11/25/2004,253.2,604.6,1341,1559
11/26/2004,250.7,587.3,1100,1378
11/27/2004,248.4,569.5,926,1198
11/28/2004,246.1,552.2,800.6,1030
11/29/2004,243.9,536.1,709.1,880.1
11/30/2004,241.8,521.5,641,749.4
12/1/2004,239.6,508.5,589.1,637.6
12/2/2004,237.5,496.9,548.8,543.3
12/3/2004,235.3,486.7,516.8,464.6
12/4/2004,233.3,477.7,491.1,399.8
12/5/2004,231.3,470.3,470.2,346.6
12/6/2004,229.8,463.4,452.9,303.3
12/7/2004,227.8,456.9,438.7,268.3
12/8/2004,225.8,451,426.7,240.1
12/9/2004,223.8,445.7,423.4,219.2
12/10/2004,221.9,440.9,423.9,204.1
12/11/2004,220,436.6,415.6,190.5
12/12/2004,218.2,432.6,406.5,184.9
12/13/2004,216.4,428.9,615.9,219.7
12/14/2004,214.6,425.4,668.1,261.4
12/15/2004,212.9,421.9,653.4,319.9
12/16/2004,211.2,418.4,812.1,319.5
12/17/2004,209.6,415,1231,299
12/18/2004,208,411.6,1187,273.7
12/19/2004,206.4,408.5,1018,249.3
12/20/2004,204.8,405.3,853.1,227.4
12/21/2004,203.2,402,721.2,208.5
12/22/2004,201.5,398.6,624,192.4
12/23/2004,199.9,395.2,554.3,178.7
12/24/2004,198.3,392,507.1,167.2
12/25/2004,196.7,388.9,471.4,157.6
12/26/2004,195.2,385.8,442.5,149.6
12/27/2004,193.7,382.8,419.6,142.9
12/28/2004,192.3,379.9,401.6,137.3
12/29/2004,190.9,377.2,388.2,132.8
12/30/2004,189.4,374.5,377.5,129.2
12/31/2004,187.9,371.8,368.4,126
1/1/2005,186.5,369,360.5,123.2
1/2/2005,185.1,366.2,353.3,120.9
1/3/2005,183.7,363.4,347.6,118.8
1/4/2005,182.3,360.6,488.8,117
1/5/2005,180.9,357.9,669.5,115.4
1/6/2005,179.5,355.3,904.7,115.6
1/7/2005,178.2,366.9,915.1,118.6
1/8/2005,176.9,370.9,865.2,119.4
1/9/2005,175.6,370.5,799.6,118.9
1/10/2005,174.3,367.6,734.7,117.6
1/11/2005,173,363.4,675.7,116
1/12/2005,171.7,358.6,623.9,114.2
1/13/2005,170.5,353.7,579,112.5
1/14/2005,169.2,348.9,540.5,110.8
1/15/2005,168,344.3,507.6,109.2
1/16/2005,166.8,339.9,479.7,107.7
1/17/2005,165.6,335.9,455.8,106.3
1/18/2005,164.4,332.1,435.4,105
1/19/2005,163.2,328.7,418.2,103.9
1/20/2005,162,325.4,403.4,102.8
1/21/2005,160.8,322.3,390.7,101.8
1/22/2005,159.7,319.4,379.8,100.8
1/23/2005,158.5,316.6,370.4,99.96
1/24/2005,157.4,314,362.2,99.12
1/25/2005,156.3,311.5,354.9,98.32
1/26/2005,155.2,309,348.4,97.55
1/27/2005,154.1,306.7,342.5,97.19
1/28/2005,153,304.4,337.2,96.66
1/29/2005,151.9,302.2,332.3,96.02
1/30/2005,150.8,300,327.8,95.32
1/31/2005,149.7,297.8,323.5,94.6
2/1/2005,148.8,295.7,319.5,93.87
2/2/2005,147.8,293.6,315.6,93.15
2/3/2005,146.8,291.5,312,92.43
2/4/2005,145.7,289.5,308.5,91.73
2/5/2005,144.7,287.4,305.1,91.27
2/6/2005,143.6,285.4,301.8,91.47
2/7/2005,142.6,283.5,298.6,92.11
2/8/2005,141.6,281.8,295.5,92.71
2/9/2005,140.6,279.9,292.4,92.85
2/10/2005,139.6,278.3,289.5,92.53
2/11/2005,139.1,276.8,286.6,91.86
2/12/2005,138.7,274.9,283.7,90.92
2/13/2005,137.9,272.8,280.9,89.85
2/14/2005,136.8,270.9,278.2,89
2/15/2005,135.6,269.9,275.5,88.53
2/16/2005,134.5,268.8,272.9,88.08
2/17/2005,133.5,267.3,270.3,87.32
2/18/2005,132.5,265.6,267.7,86.41
2/19/2005,131.5,263.6,265.2,85.44
2/20/2005,130.5,261.3,262.8,84.46
2/21/2005,129.5,259.1,260.4,83.51
2/22/2005,128.6,256.9,258,82.64
2/23/2005,127.7,254.9,255.6,81.8
2/24/2005,126.8,252.9,253.3,81
2/25/2005,125.9,251.1,251,80.24
2/26/2005,125.1,249.3,248.9,79.53
2/27/2005,124.7,247.7,246.7,78.88
2/28/2005,124.5,246.4,244.5,78.38
3/1/2005,125.8,245.6,242.4,77.98
3/2/2005,125.3,245.2,240.3,77.59
3/3/2005,124.2,244.6,238.2,77.09
3/4/2005,123,243.9,236.1,76.51
3/5/2005,121.7,242.5,234.1,75.91
3/6/2005,120.6,241,232.1,75.29
3/7/2005,119.7,287.4,230.1,75.46
3/8/2005,142.3,397.6,228.2,75.28
3/9/2005,206.2,457.8,226.4,78.95
3/10/2005,237.9,483.7,224.8,82.59
3/11/2005,247,504.1,223.2,125.6
3/12/2005,243,525.9,221.6,236.2
3/13/2005,232,517.6,220.1,332.8
3/14/2005,218.4,493.6,218.8,374.8
3/15/2005,204.4,463.3,217.8,377.9
3/16/2005,191,431.5,218,359.4
3/17/2005,225.9,400.9,256.7,329.9
3/18/2005,364.9,372.2,351.1,296.2
3/19/2005,460.9,346.1,395.2,278
3/20/2005,505,361.9,410.9,278.4
3/21/2005,512.5,344.2,463.9,284.2
3/22/2005,506.6,340.4,460.4,289.4
3/23/2005,492.5,409.9,457.9,296.6
3/24/2005,474.2,427.4,447.2,304.7
3/25/2005,453.1,419.3,435.6,299.1
3/26/2005,430.9,399.4,423.6,285.7
3/27/2005,408.8,375,412.1,274
3/28/2005,396.7,349.8,401.2,267.8
3/29/2005,546.7,327.6,391.4,293.4
3/30/2005,542.1,308.6,382.3,402.2
3/31/2005,493.8,324.8,373.6,584.7
4/1/2005,441,573.1,365.7,776.9
4/2/2005,397.2,903.4,359,914
4/3/2005,439.8,1123,419.2,1010
4/4/2005,442.2,1311,670.1,1100
4/5/2005,421.8,1312,722.3,1129
4/6/2005,393.9,1242,684.9,1054
4/7/2005,364.9,1144,627.8,939.4
4/8/2005,338.3,1039,573.5,816
4/9/2005,363.5,938.3,527.6,730.4
4/10/2005,398,850.7,491.3,706.8
4/11/2005,402.8,824.7,473.5,680.6
4/12/2005,390.6,885.9,459.5,714.1
4/13/2005,369.6,870.8,449.5,724.9
4/14/2005,345.7,887.7,439.1,754.8
4/15/2005,332.9,1066,439.4,768.3
4/16/2005,339.5,1340,462.3,799.5
4/17/2005,357.2,1494,549.6,849.5
4/18/2005,374.6,1762,1026,909.6
4/19/2005,387.3,2126,1446,973
4/20/2005,395,2476,1524,1052
4/21/2005,639.1,2645,1898,1126
4/22/2005,1007,2796,2112,1263
4/23/2005,1163,2837,2040,1420
4/24/2005,1198,2746,2000,1598
4/25/2005,1227,2611,1992,1762
4/26/2005,1285,2440,1935,1866
4/27/2005,1372,2258,1888,1887
4/28/2005,1470,2086,1891,1883
4/29/2005,1609,1944,1929,1931
4/30/2005,1797,1855,2163,1975
5/1/2005,1972,1789,2997,2021
5/2/2005,2435,1771,3516,2073
5/3/2005,2833,1822,3465,2155
5/4/2005,2729,1884,3258,2305
5/5/2005,2551,1965,3084,2513
5/6/2005,2422,2087,2960,2858
5/7/2005,2349,2207,2821,3328
5/8/2005,2384,2284,2743,3702
5/9/2005,2439,2338,2714,3947
5/10/2005,2337,2353,2874,4092
5/11/2005,2216,2384,2916,4191
5/12/2005,2094,2418,2916,4236
5/13/2005,1989,3580,2849,4267
5/14/2005,1899,6185,2771,4199
5/15/2005,1812,6584,2687,4040
5/16/2005,1736,5719,2557,3825
5/17/2005,1675,4711,2407,3585
5/18/2005,1604,3852,2258,3366
5/19/2005,1787,3195,2116,3196
5/20/2005,1837,2737,2000,3046
5/21/2005,1840,2425,1934,2965
5/22/2005,1801,2216,1859,2922
5/23/2005,1712,2043,1795,2885
5/24/2005,1657,1920,1736,2869
5/25/2005,1658,1872,1728,2921
5/26/2005,1619,1839,1670,2971
5/27/2005,1568,1814,1652,3002
5/28/2005,1529,1855,1648,3092
5/29/2005,1526,1976,1724,3182
5/30/2005,1645,2160,1806,3295
5/31/2005,1747,2418,1979,3515
6/1/2005,1939,2744,2282,3854
6/2/2005,2293,3059,2660,4294
6/3/2005,2600,3277,2940,4829
6/4/2005,2584,3359,3451,5270
6/5/2005,2472,3372,4001,5698
6/6/2005,2399,3445,4581,6074
6/7/2005,2422,3648,5167,6242
6/8/2005,2662,4071,5776,6331
6/9/2005,4101,4616,6306,6376
6/10/2005,4483,5584,6894,6346
6/11/2005,4546,6250,7144,6221
6/12/2005,4458,6757,7247,6180
6/13/2005,4402,7222,7344,6065
6/14/2005,4456,8707,7435,6024
6/15/2005,5061,8808,7576,6034
6/16/2005,5579,8279,7764,6004
6/17/2005,8715,7717,8064,6011
6/18/2005,9282,7510,8830,6073
6/19/2005,8502,7185,8993,6171
6/20/2005,7689,7550,9146,6312
6/21/2005,7161,12663,9235,6544
6/22/2005,6982,14183,9435,6834
6/23/2005,7161,14057,9920,7126
6/24/2005,7368,13431,10093,7420
6/25/2005,7634,13078,14394,7712
6/26/2005,8009,12825,21155,8007
6/27/2005,8300,12655,21530,8320
6/28/2005,8611,12388,19426,8640
6/29/2005,8883,12221,17124,8956
6/30/2005,8997,12054,15266,9102
7/1/2005,8985,11874,13943,9008
7/2/2005,8947,12663,13151,8877
7/3/2005,8694,12200,12718,8824
7/4/2005,8283,11498,12493,8693
7/5/2005,7691,10941,12398,8527
7/6/2005,7089,10730,12559,8370
7/7/2005,6642,10789,12868,8308
7/8/2005,6404,10944,12960,8392
7/9/2005,6444,11159,13187,8428
7/10/2005,6611,11298,14681,8477
7/11/2005,6723,11254,15483,8441
7/12/2005,6913,11132,15243,8301
7/13/2005,7013,10939,14049,8092
7/14/2005,7170,10762,12680,7836
7/15/2005,7294,10650,11327,7658
7/16/2005,7588,10628,10302,7572
7/17/2005,8009,10753,9798,7647
7/18/2005,8687,10937,9835,7798
7/19/2005,8552,11067,10320,8031
7/20/2005,8422,11037,11481,8333
7/21/2005,8204,10906,12360,8568
7/22/2005,8093,13211,12889,8710
7/23/2005,8098,13609,16644,8824
7/24/2005,8159,12633,16957,8929
7/25/2005,8327,11530,16303,9020
7/26/2005,8513,10773,15577,9126
7/27/2005,8499,10132,20493,9248
7/28/2005,8462,9597,21871,9312
7/29/2005,8412,9163,20010,9245
7/30/2005,8304,8859,17825,9019
7/31/2005,8198,8804,16048,8706
8/1/2005,8121,8520,14932,8398
8/2/2005,8080,8188,14041,8144
8/3/2005,8091,8061,13508,8025
8/4/2005,8193,8113,13312,8081
8/5/2005,8301,8245,13082,8223
8/6/2005,8237,8390,12750,8418
8/7/2005,8167,8569,12507,8655
8/8/2005,8071,8640,12212,9006
8/9/2005,8031,8949,11965,9294
8/10/2005,8055,9058,11879,9444
8/11/2005,8357,9182,11938,9438
8/12/2005,8391,9376,12172,9419
8/13/2005,9181,9548,12340,9438
8/14/2005,9010,9656,12535,9450
8/15/2005,8684,9678,12913,9325
8/16/2005,8425,9642,12808,9196
8/17/2005,8255,9543,12559,9035
8/18/2005,7968,9745,12269,8835
8/19/2005,7684,10242,11935,8593
8/20/2005,7702,9834,11621,8314
8/21/2005,7547,9383,11338,8048
8/22/2005,7346,8978,10993,7782
8/23/2005,6963,8651,10607,7525
8/24/2005,6604,8356,10312,7218
8/25/2005,6350,8034,10844,6960
8/26/2005,6213,7848,10383,6805
8/27/2005,6135,7570,9769,6719
8/28/2005,6087,7358,9333,6727
8/29/2005,6017,7332,8862,6800
8/30/2005,5928,7154,8434,6903
8/31/2005,5878,6986,8116,7006
9/1/2005,5868,6896,7922,6879
9/2/2005,5897,6676,7814,6580
9/3/2005,5977,6425,7775,6288
9/4/2005,6077,6232,7784,6037
9/5/2005,6173,6086,7846,5830
9/6/2005,6160,5962,7821,5647
9/7/2005,6079,5896,7674,5460
9/8/2005,5942,5723,7479,5201
9/9/2005,5731,5448,7266,4946
9/10/2005,5471,6289,7033,4688
9/11/2005,5192,6040,6795,4440
9/12/2005,4895,5360,6644,4115
9/13/2005,4622,4707,6401,3867
9/14/2005,4406,4205,6134,3695
9/15/2005,4246,3854,5823,3601
9/16/2005,4091,4247,5486,3422
9/17/2005,3903,4571,5155,3164
9/18/2005,3720,4181,4932,2877
9/19/2005,3539,3690,5082,2625
9/20/2005,3395,3297,4800,2424
9/21/2005,3292,3017,4485,2268
9/22/2005,3214,2852,4368,2173
9/23/2005,3147,2781,4152,2080
9/24/2005,3048,2797,3955,2028
9/25/2005,3007,2886,3797,2041
9/26/2005,3003,3033,3718,2093
9/27/2005,2933,3210,3733,2202
9/28/2005,4108,3408,3860,2286
9/29/2005,4520,3611,4096,2389
9/30/2005,4118,3932,4380,2522
10/1/2005,3648,3888,5143,2664
10/2/2005,3136,3940,5312,2808
10/3/2005,2729,3740,5369,2948
10/4/2005,2384,3482,5303,3036
10/5/2005,2106,3240,5191,3056
10/6/2005,1885,3032,5033,3042
10/7/2005,1711,3223,4846,2934
10/8/2005,1866,3101,4652,2787
10/9/2005,1862,2802,4721,2643
10/10/2005,1901,2495,4802,2511
10/11/2005,1816,2247,5310,2394
10/12/2005,1683,2122,5386,2295
10/13/2005,1525,2321,6185,2218
10/14/2005,1370,2295,5946,2168
10/15/2005,1229,2122,5377,2071
10/16/2005,1104,1908,4682,1917
10/17/2005,997.1,1704,4028,1711
10/18/2005,905.4,1522,3474,1491
10/19/2005,828,1373,3038,1273
10/20/2005,787.8,1264,2822,1077
10/21/2005,948.3,1239,2597,951.6
10/22/2005,1007,1229,2426,899.1
10/23/2005,968.2,1244,2330,901.3
10/24/2005,892.7,1286,2200,933.7
10/25/2005,816.3,1336,2064,964.9
10/26/2005,749.2,1355,1922,962.9
10/27/2005,692.9,1347,1791,936
10/28/2005,661.7,1340,1693,892.7
10/29/2005,623,1338,1624,845.3
10/30/2005,586.8,1333,1556,792.9
10/31/2005,555.5,1307,1476,727.3
11/1/2005,529.4,1277,1395,645.1
11/2/2005,507.9,1195,1319,559.2
11/3/2005,490.3,1099,1251,477.1
11/4/2005,522.3,1006,1211,402.7
11/5/2005,511.5,920.9,1197,362.5
11/6/2005,490.4,846.1,1197,327.8
11/7/2005,469.9,781.9,1215,288.7
11/8/2005,452.9,727.5,1231,249.7
11/9/2005,439.4,682.5,1243,213.4
11/10/2005,428.8,645,1248,181.1
11/11/2005,420.5,613.5,1254,173.4
11/12/2005,413.3,586.9,1275,205.9
11/13/2005,406.8,564.4,1339,282.8
11/14/2005,400.9,545.6,1481,381.9
11/15/2005,395.4,529.7,1676,487.6
11/16/2005,390.4,516.2,1804,590.9
11/17/2005,385.6,504.7,1841,610.7
11/18/2005,381.1,494.9,1750,582.9
11/19/2005,376.8,486.3,1594,530.7
11/20/2005,372.8,478.7,1441,478.5
11/21/2005,368.8,472.5,1309,419.7
11/22/2005,365.1,466.6,1201,361.1
11/23/2005,361.4,461,1112,306.5
11/24/2005,358.1,455.8,1040,257.4
11/25/2005,355,450.9,981.9,214.8
11/26/2005,351.8,446.3,933.4,178.5
11/27/2005,348.6,441.8,893,147.9
11/28/2005,345.3,437.3,859,122.5
11/29/2005,342,433,830.5,101.7
11/30/2005,338.8,429.4,806.3,84.74
12/1/2005,335.8,425.5,785.8,71.25
12/2/2005,332.8,421.5,768.2,60.33
12/3/2005,329.8,417.6,753,51.55
12/4/2005,326.8,413.9,739.8,44.51
12/5/2005,324,410.3,728,38.89
12/6/2005,321.2,406.8,717.6,34.42
12/7/2005,318.4,403.4,708.2,30.87
12/8/2005,315.7,400.1,699.5,28.05
12/9/2005,313.1,396.8,691.6,25.82
12/10/2005,310.4,393.6,684.1,24.05
12/11/2005,307.8,390.5,677.1,22.64
12/12/2005,305.2,387.4,670.5,21.52
12/13/2005,302.7,384.3,664.2,20.62
12/14/2005,300.2,381.3,658.1,19.9
12/15/2005,297.7,378.3,652.2,19.32
12/16/2005,295.3,375.4,646.4,18.84
12/17/2005,292.9,372.5,640.9,18.44
12/18/2005,290.6,369.6,635.4,18.1
12/19/2005,288.3,366.7,630.1,17.82
12/20/2005,287.2,363.9,624.8,17.58
12/21/2005,284.9,361.1,619.7,17.36
12/22/2005,282.4,358.4,614.6,17.17
12/23/2005,279.8,355.7,609.7,17
12/24/2005,277.4,353,604.8,16.84
12/25/2005,275,350.3,599.9,16.69
12/26/2005,272.8,347.7,595.1,16.56
12/27/2005,270.6,345.1,590.4,16.42
12/28/2005,268.5,342.5,585.8,16.3
12/29/2005,268.6,340,581.2,16.18
12/30/2005,266.5,337.4,576.7,16.06
12/31/2005,263.9,334.9,572.2,15.94
